region,region_type,province,year,month,date_month,penderita_dbd,meninggal,population,population_scale,risk_multiplier,monthly_share,weather_multiplier,T2M,T2M_MAX,T2M_MIN,RH2M,PRECTOTCORR,rainfall_lag_1,rainfall_lag_2,humidity_lag_1,temperature_lag_1,temperature_lag_2,data_origin,synthetic_method,incidence_rate_per_100k
JAKARTA BARAT,kota,DKI JAKARTA,2015,1,2015-01-01,128,0,2400000,0.22857142857142856,1.0,0.10434500385411173,1.2370903783593779,26.46,30.33,24.09,85.5,11.88,11.88,11.88,85.5,26.46,26.46,real_jakarta,not_synthetic_real_observed,5.333333333333333
JAKARTA BARAT,kota,DKI JAKARTA,2015,2,2015-02-01,134,1,2400000,0.22857142857142856,1.0,0.13298713943770538,1.2370903783593779,26.4,29.97,24.26,85.8,19.1,11.88,19.1,85.5,26.46,26.4,real_jakarta,not_synthetic_real_observed,5.583333333333333
JAKARTA BARAT,kota,DKI JAKARTA,2015,3,2015-03-01,205,0,2400000,0.22857142857142856,1.0,0.19465292709643392,1.460094633518782,27.01,31.32,24.36,83.57,9.22,19.1,11.88,85.8,26.4,26.46,real_jakarta,not_synthetic_real_observed,8.541666666666666
JAKARTA BARAT,kota,DKI JAKARTA,2015,4,2015-04-01,237,0,2400000,0.22857142857142856,1.0,0.16191326220130633,1.1349024900696865,27.54,31.16,24.84,82.29,6.37,9.22,19.1,83.57,27.01,26.4,real_jakarta,not_synthetic_real_observed,9.875
JAKARTA BARAT,kota,DKI JAKARTA,2015,5,2015-05-01,187,0,2400000,0.22857142857142856,1.0,0.14970181346099234,1.0416193144258792,27.5,30.73,24.01,82.94,3.17,6.37,9.22,82.29,27.54,27.01,real_jakarta,not_synthetic_real_observed,7.791666666666667
JAKARTA BARAT,kota,DKI JAKARTA,2015,6,2015-06-01,119,0,2400000,0.22857142857142856,1.0,0.08896912653657349,0.9585426402723974,27.19,30.56,23.39,81.07,1.51,3.17,6.37,82.94,27.5,27.54,real_jakarta,not_synthetic_real_observed,4.958333333333333
JAKARTA BARAT,kota,DKI JAKARTA,2015,7,2015-07-01,105,0,2400000,0.22857142857142856,1.0,0.048683516572680434,0.8497957707303331,26.72,30.26,23.28,80.57,0.47,1.51,3.17,81.07,27.19,27.5,real_jakarta,not_synthetic_real_observed,4.375
JAKARTA BARAT,kota,DKI JAKARTA,2015,8,2015-08-01,45,0,2400000,0.22857142857142856,1.0,0.027506186863564444,0.7854571898141235,26.76,31.16,22.66,78.55,0.56,0.47,1.51,80.57,26.72,27.19,real_jakarta,not_synthetic_real_observed,1.8749999999999998
JAKARTA BARAT,kota,DKI JAKARTA,2015,9,2015-09-01,30,0,2400000,0.22857142857142856,1.0,0.01789119234046006,0.7416530970760207,27.61,32.62,23.3,73.1,0.25,0.56,0.47,78.55,26.76,26.72,real_jakarta,not_synthetic_real_observed,1.25
JAKARTA BARAT,kota,DKI JAKARTA,2015,10,2015-10-01,37,0,2400000,0.22857142857142856,1.0,0.021826443263418396,0.6397499237072944,28.53,33.11,24.7,72.06,0.56,0.25,0.56,73.1,27.61,26.76,real_jakarta,not_synthetic_real_observed,1.5416666666666667
JAKARTA BARAT,kota,DKI JAKARTA,2015,11,2015-11-01,22,0,2400000,0.22857142857142856,1.0,0.023286948760598808,0.6651864019107179,28.75,33.27,25.7,75.69,4.34,0.56,0.25,72.06,28.53,27.61,real_jakarta,not_synthetic_real_observed,0.9166666666666666
JAKARTA BARAT,kota,DKI JAKARTA,2015,12,2015-12-01,34,0,2400000,0.22857142857142856,1.0,0.028236439612154652,0.8761766508840998,27.89,31.15,24.58,80.88,7.46,4.34,0.56,75.69,28.75,28.53,real_jakarta,not_synthetic_real_observed,1.4166666666666665
JAKARTA BARAT,kota,DKI JAKARTA,2016,1,2016-01-01,185,0,2400000,0.22857142857142856,1.0,0.10434500385411173,1.0564563125475401,28.07,31.91,24.94,81.38,7.06,7.46,4.34,80.88,27.89,28.75,real_jakarta,not_synthetic_real_observed,7.708333333333333
JAKARTA BARAT,kota,DKI JAKARTA,2016,2,2016-02-01,94,0,2400000,0.22857142857142856,1.0,0.13298713943770538,1.0643155719842348,27.35,31.29,25.13,85.23,17.96,7.06,7.46,81.38,28.07,27.89,real_jakarta,not_synthetic_real_observed,3.9166666666666665
JAKARTA BARAT,kota,DKI JAKARTA,2017,1,2017-01-01,185,0,2400000,0.22857142857142856,1.0,0.10434500385411173,1.0435660509186493,26.75,30.7,24.66,86.06,11.0,5.25,9.59,84.57,27.12,27.4,real_jakarta,not_synthetic_real_observed,7.708333333333333
JAKARTA BARAT,kota,DKI JAKARTA,2017,2,2017-02-01,79,0,2400000,0.22857142857142856,1.0,0.13298713943770538,1.236751574141012,26.6,29.79,24.49,87.06,19.52,11.0,5.25,86.06,26.75,27.12,real_jakarta,not_synthetic_real_observed,3.291666666666667
JAKARTA BARAT,kota,DKI JAKARTA,2017,3,2017-03-01,112,0,2400000,0.22857142857142856,1.0,0.19465292709643392,1.5118342332582049,27.15,30.37,24.74,83.89,7.38,19.52,11.0,87.06,26.6,26.75,real_jakarta,not_synthetic_real_observed,4.666666666666666
JAKARTA BARAT,kota,DKI JAKARTA,2017,4,2017-04-01,79,0,2400000,0.22857142857142856,1.0,0.16191326220130633,1.093099012683912,27.41,30.65,24.99,84.46,8.42,7.38,19.52,83.89,27.15,26.6,real_jakarta,not_synthetic_real_observed,3.291666666666667
JAKARTA BARAT,kota,DKI JAKARTA,2017,5,2017-05-01,81,0,2400000,0.22857142857142856,1.0,0.14970181346099234,1.1497698105631287,27.79,30.93,24.56,82.47,4.54,8.42,7.38,84.46,27.41,27.15,real_jakarta,not_synthetic_real_observed,3.375
JAKARTA BARAT,kota,DKI JAKARTA,2017,6,2017-06-01,44,0,2400000,0.22857142857142856,1.0,0.08896912653657349,1.0016637669952926,27.23,30.45,24.93,83.74,4.39,4.54,8.42,82.47,27.79,27.41,real_jakarta,not_synthetic_real_observed,1.8333333333333333
JAKARTA BARAT,kota,DKI JAKARTA,2017,7,2017-07-01,44,0,2400000,0.22857142857142856,1.0,0.048683516572680434,1.002584194419803,27.05,30.34,22.96,80.87,2.26,4.39,4.54,83.74,27.23,27.79,real_jakarta,not_synthetic_real_observed,1.8333333333333333
JAKARTA BARAT,kota,DKI JAKARTA,2017,8,2017-08-01,34,0,2400000,0.22857142857142856,1.0,0.027506186863564444,0.8614822875016569,26.89,30.18,22.75,78.86,0.58,2.26,4.39,80.87,27.05,27.23,real_jakarta,not_synthetic_real_observed,1.4166666666666665
JAKARTA BARAT,kota,DKI JAKARTA,2017,9,2017-09-01,24,0,2400000,0.22857142857142856,1.0,0.01789119234046006,0.7554548464981516,27.52,31.77,23.87,77.46,1.98,0.58,2.26,78.86,26.89,27.05,real_jakarta,not_synthetic_real_observed,1.0
JAKARTA BARAT,kota,DKI JAKARTA,2017,10,2017-10-01,58,0,2400000,0.22857142857142856,1.0,0.021826443263418396,0.7923682497742783,28.07,31.68,25.64,79.79,6.99,1.98,0.58,77.46,27.52,26.89,real_jakarta,not_synthetic_real_observed,2.4166666666666665
JAKARTA BARAT,kota,DKI JAKARTA,2017,11,2017-11-01,39,0,2400000,0.22857142857142856,1.0,0.023286948760598808,1.0241732127438274,27.95,31.69,25.34,80.72,11.01,6.99,1.98,79.79,28.07,27.52,real_jakarta,not_synthetic_real_observed,1.6249999999999998
JAKARTA BARAT,kota,DKI JAKARTA,2017,12,2017-12-01,43,0,2400000,0.22857142857142856,1.0,0.028236439612154652,1.162732810496613,27.14,31.45,24.44,84.11,7.79,11.01,6.99,80.72,27.95,28.07,real_jakarta,not_synthetic_real_observed,1.7916666666666667
JAKARTA BARAT,kota,DKI JAKARTA,2018,1,2018-01-01,64,0,2400000,0.22857142857142856,1.0,0.10434500385411173,1.1103231790216648,26.98,30.56,24.87,84.63,6.49,7.79,11.01,84.11,27.14,27.95,real_jakarta,not_synthetic_real_observed,2.6666666666666665
JAKARTA BARAT,kota,DKI JAKARTA,2018,2,2018-02-01,59,0,2400000,0.22857142857142856,1.0,0.13298713943770538,1.0762992002846345,26.6,29.32,24.28,86.64,16.07,6.49,7.79,84.63,26.98,27.14,real_jakarta,not_synthetic_real_observed,2.458333333333333
JAKARTA BARAT,kota,DKI JAKARTA,2018,3,2018-03-01,95,0,2400000,0.22857142857142856,1.0,0.19465292709643392,1.3973827502870335,27.38,31.25,24.66,82.83,10.07,16.07,6.49,86.64,26.6,26.98,real_jakarta,not_synthetic_real_observed,3.958333333333333
JAKARTA BARAT,kota,DKI JAKARTA,2018,4,2018-04-01,142,0,2400000,0.22857142857142856,1.0,0.16191326220130633,1.1593887276588244,27.85,30.69,25.38,82.7,5.66,10.07,16.07,82.83,27.38,26.6,real_jakarta,not_synthetic_real_observed,5.916666666666666
JAKARTA BARAT,kota,DKI JAKARTA,2018,5,2018-05-01,151,0,2400000,0.22857142857142856,1.0,0.14970181346099234,1.0437277534357612,27.84,31.1,25.15,82.52,2.17,5.66,10.07,82.7,27.85,27.38,real_jakarta,not_synthetic_real_observed,6.291666666666666
JAKARTA BARAT,kota,DKI JAKARTA,2018,6,2018-06-01,98,0,2400000,0.22857142857142856,1.0,0.08896912653657349,0.9333603661551761,27.45,30.55,24.08,81.44,1.97,2.17,5.66,82.52,27.84,27.85,real_jakarta,not_synthetic_real_observed,4.083333333333333
JAKARTA BARAT,kota,DKI JAKARTA,2018,7,2018-07-01,59,0,2400000,0.22857142857142856,1.0,0.048683516572680434,0.8841311301096445,26.71,30.13,22.31,76.08,0.1,1.97,2.17,81.44,27.45,27.84,real_jakarta,not_synthetic_real_observed,2.458333333333333
JAKARTA BARAT,kota,DKI JAKARTA,2018,8,2018-08-01,57,0,2400000,0.22857142857142856,1.0,0.027506186863564444,0.6664392226068364,26.81,30.57,22.23,75.65,0.54,0.1,1.97,76.08,26.71,27.45,real_jakarta,not_synthetic_real_observed,2.375
JAKARTA BARAT,kota,DKI JAKARTA,2018,9,2018-09-01,42,0,2400000,0.22857142857142856,1.0,0.01789119234046006,0.6739202186998985,27.67,31.77,23.67,73.72,1.85,0.54,0.1,75.65,26.81,26.71,real_jakarta,not_synthetic_real_observed,1.7499999999999998
JAKARTA BARAT,kota,DKI JAKARTA,2018,10,2018-10-01,45,0,2400000,0.22857142857142856,1.0,0.021826443263418396,0.7056667887705133,28.52,32.95,25.26,74.55,3.29,1.85,0.54,73.72,27.67,26.81,real_jakarta,not_synthetic_real_observed,1.8749999999999998
JAKARTA BARAT,kota,DKI JAKARTA,2018,11,2018-11-01,39,0,2400000,0.22857142857142856,1.0,0.023286948760598808,0.8069065381330651,28.12,33.64,25.73,78.78,5.94,3.29,1.85,74.55,28.52,27.67,real_jakarta,not_synthetic_real_observed,1.6249999999999998
JAKARTA BARAT,kota,DKI JAKARTA,2018,12,2018-12-01,58,0,2400000,0.22857142857142856,1.0,0.028236439612154652,0.9704677006504904,27.75,32.03,24.86,80.52,6.65,5.94,3.29,78.78,28.12,28.52,real_jakarta,not_synthetic_real_observed,2.4166666666666665
JAKARTA BARAT,kota,DKI JAKARTA,2019,1,2019-01-01,252,0,2400000,0.22857142857142856,1.0,0.10434500385411173,1.0171062078715283,27.32,31.21,25.05,83.93,13.54,6.65,5.94,80.52,27.75,28.12,real_jakarta,not_synthetic_real_observed,10.5
JAKARTA BARAT,kota,DKI JAKARTA,2019,2,2019-02-01,460,0,2400000,0.22857142857142856,1.0,0.13298713943770538,1.2880382013892182,27.66,30.85,25.13,82.3,8.96,13.54,6.65,83.93,27.32,27.75,real_jakarta,not_synthetic_real_observed,19.166666666666668
JAKARTA BARAT,kota,DKI JAKARTA,2019,3,2019-03-01,539,0,2400000,0.22857142857142856,1.0,0.19465292709643392,1.1255778498804445,27.65,31.26,24.6,81.75,8.07,8.96,13.54,82.3,27.66,27.32,real_jakarta,not_synthetic_real_observed,22.458333333333332
JAKARTA BARAT,kota,DKI JAKARTA,2019,4,2019-04-01,333,0,2400000,0.22857142857142856,1.0,0.16191326220130633,1.085045976272789,28.18,31.05,25.56,82.84,8.43,8.07,8.96,81.75,27.65,27.66,real_jakarta,not_synthetic_real_observed,13.875000000000002
JAKARTA BARAT,kota,DKI JAKARTA,2019,5,2019-05-01,304,0,2400000,0.22857142857142856,1.0,0.14970181346099234,1.1455843021617467,28.08,31.25,25.3,81.97,5.41,8.43,8.07,82.84,28.18,27.65,real_jakarta,not_synthetic_real_observed,12.666666666666666
JAKARTA BARAT,kota,DKI JAKARTA,2019,6,2019-06-01,176,0,2400000,0.22857142857142856,1.0,0.08896912653657349,1.0289359504090954,27.39,30.74,23.63,79.4,1.21,5.41,8.43,81.97,28.08,28.18,real_jakarta,not_synthetic_real_observed,7.333333333333333
JAKARTA BARAT,kota,DKI JAKARTA,2019,7,2019-07-01,73,0,2400000,0.22857142857142856,1.0,0.048683516572680434,0.8096767081476997,26.62,30.25,22.15,79.25,0.63,1.21,5.41,79.4,27.39,28.08,real_jakarta,not_synthetic_real_observed,3.0416666666666665
JAKARTA BARAT,kota,DKI JAKARTA,2019,8,2019-08-01,31,0,2400000,0.22857142857142856,1.0,0.027506186863564444,0.7542837491133607,26.57,30.27,22.22,76.2,0.24,0.63,1.21,79.25,26.62,27.39,real_jakarta,not_synthetic_real_observed,1.2916666666666665
JAKARTA BARAT,kota,DKI JAKARTA,2019,9,2019-09-01,25,0,2400000,0.22857142857142856,1.0,0.01789119234046006,0.6673179151972449,27.51,32.52,22.73,73.31,0.13,0.24,0.63,76.2,26.57,26.62,real_jakarta,not_synthetic_real_observed,1.0416666666666667
JAKARTA BARAT,kota,DKI JAKARTA,2019,10,2019-10-01,23,0,2400000,0.22857142857142856,1.0,0.021826443263418396,0.6366919190601571,28.68,34.16,24.46,71.5,2.06,0.13,0.24,73.31,27.51,26.57,real_jakarta,not_synthetic_real_observed,0.9583333333333334
JAKARTA BARAT,kota,DKI JAKARTA,2019,11,2019-11-01,40,0,2400000,0.22857142857142856,1.0,0.023286948760598808,0.7038615601766741,28.7,33.25,24.92,74.45,4.98,2.06,0.13,71.5,28.68,27.51,real_jakarta,not_synthetic_real_observed,1.6666666666666667
JAKARTA BARAT,kota,DKI JAKARTA,2019,12,2019-12-01,49,0,2400000,0.22857142857142856,1.0,0.028236439612154652,0.8636668512119979,28.23,32.16,25.76,79.68,8.45,4.98,2.06,74.45,28.7,28.68,real_jakarta,not_synthetic_real_observed,2.0416666666666665
JAKARTA BARAT,kota,DKI JAKARTA,2020,1,2020-01-01,69,0,2400000,0.22857142857142856,1.0,0.10434500385411173,1.0728441921427212,27.49,30.71,25.01,84.41,12.47,8.45,4.98,79.68,28.23,28.7,real_jakarta,not_synthetic_real_observed,2.875
JAKARTA BARAT,kota,DKI JAKARTA,2020,2,2020-02-01,166,0,2400000,0.22857142857142856,1.0,0.13298713943770538,1.2746981010289198,27.38,30.84,25.45,85.87,20.58,12.47,8.45,84.41,27.49,28.23,real_jakarta,not_synthetic_real_observed,6.916666666666666
JAKARTA BARAT,kota,DKI JAKARTA,2020,3,2020-03-01,354,0,2400000,0.22857142857142856,1.0,0.19465292709643392,1.5501529498616917,27.72,30.3,25.83,84.45,10.8,20.58,12.47,85.87,27.38,27.49,real_jakarta,not_synthetic_real_observed,14.75
JAKARTA BARAT,kota,DKI JAKARTA,2020,4,2020-04-01,282,0,2400000,0.22857142857142856,1.0,0.16191326220130633,1.2353469217424102,27.98,31.33,25.64,83.46,6.87,10.8,20.58,84.45,27.72,27.38,real_jakarta,not_synthetic_real_observed,11.75
JAKARTA BARAT,kota,DKI JAKARTA,2020,5,2020-05-01,195,0,2400000,0.22857142857142856,1.0,0.14970181346099234,1.1043039921063547,28.1,31.22,26.03,84.29,5.62,6.87,10.8,83.46,27.98,27.72,real_jakarta,not_synthetic_real_observed,8.125
JAKARTA BARAT,kota,DKI JAKARTA,2020,6,2020-06-01,82,0,2400000,0.22857142857142856,1.0,0.08896912653657349,1.091662362923673,27.63,30.46,25.19,83.37,2.08,5.62,6.87,84.29,28.1,27.98,real_jakarta,not_synthetic_real_observed,3.4166666666666665
JAKARTA BARAT,kota,DKI JAKARTA,2020,7,2020-07-01,22,0,2400000,0.22857142857142856,1.0,0.048683516572680434,0.9416221686668034,27.16,30.0,23.89,81.58,2.79,2.08,5.62,83.37,27.63,28.1,real_jakarta,not_synthetic_real_observed,0.9166666666666666
JAKARTA BARAT,kota,DKI JAKARTA,2020,8,2020-08-01,25,0,2400000,0.22857142857142856,1.0,0.027506186863564444,0.8993942558905558,27.19,30.56,23.8,82.07,1.8,2.79,2.08,81.58,27.16,27.63,real_jakarta,not_synthetic_real_observed,1.0416666666666667
JAKARTA BARAT,kota,DKI JAKARTA,2020,9,2020-09-01,19,0,2400000,0.22857142857142856,1.0,0.01789119234046006,0.8824864792976154,27.67,31.15,24.78,79.39,3.87,1.8,2.79,82.07,27.19,27.16,real_jakarta,not_synthetic_real_observed,0.7916666666666666
JAKARTA BARAT,kota,DKI JAKARTA,2020,10,2020-10-01,11,0,2400000,0.22857142857142856,1.0,0.021826443263418396,0.9023929232103547,27.69,31.38,25.34,81.25,6.64,3.87,1.8,79.39,27.67,27.19,real_jakarta,not_synthetic_real_observed,0.4583333333333333
JAKARTA BARAT,kota,DKI JAKARTA,2020,11,2020-11-01,23,0,2400000,0.22857142857142856,1.0,0.023286948760598808,1.0315920296395806,27.85,31.59,24.93,81.3,7.96,6.64,3.87,81.25,27.69,27.67,real_jakarta,not_synthetic_real_observed,0.9583333333333334
JAKARTA BARAT,kota,DKI JAKARTA,2020,12,2020-12-01,17,0,2400000,0.22857142857142856,1.0,0.028236439612154652,1.0798524953575268,26.95,30.34,24.6,85.2,7.41,7.96,6.64,81.3,27.85,27.69,real_jakarta,not_synthetic_real_observed,0.7083333333333333
JAKARTA PUSAT,kota,DKI JAKARTA,2015,1,2015-01-01,33,0,1100000,0.10476190476190476,1.0,0.10434500385411173,1.2370903783593779,26.46,30.33,24.09,85.5,11.88,11.88,11.88,85.5,26.46,26.46,real_jakarta,not_synthetic_real_observed,3.0
JAKARTA PUSAT,kota,DKI JAKARTA,2015,2,2015-02-01,39,1,1100000,0.10476190476190476,1.0,0.13298713943770538,1.2370903783593779,26.4,29.97,24.26,85.8,19.1,11.88,19.1,85.5,26.46,26.4,real_jakarta,not_synthetic_real_observed,3.5454545454545454
JAKARTA PUSAT,kota,DKI JAKARTA,2015,3,2015-03-01,85,0,1100000,0.10476190476190476,1.0,0.19465292709643392,1.460094633518782,27.01,31.32,24.36,83.57,9.22,19.1,11.88,85.8,26.4,26.46,real_jakarta,not_synthetic_real_observed,7.7272727272727275
JAKARTA PUSAT,kota,DKI JAKARTA,2015,4,2015-04-01,100,0,1100000,0.10476190476190476,1.0,0.16191326220130633,1.1349024900696865,27.54,31.16,24.84,82.29,6.37,9.22,19.1,83.57,27.01,26.4,real_jakarta,not_synthetic_real_observed,9.09090909090909
JAKARTA PUSAT,kota,DKI JAKARTA,2015,5,2015-05-01,61,0,1100000,0.10476190476190476,1.0,0.14970181346099234,1.0416193144258792,27.5,30.73,24.01,82.94,3.17,6.37,9.22,82.29,27.54,27.01,real_jakarta,not_synthetic_real_observed,5.545454545454546
JAKARTA PUSAT,kota,DKI JAKARTA,2015,6,2015-06-01,39,0,1100000,0.10476190476190476,1.0,0.08896912653657349,0.9585426402723974,27.19,30.56,23.39,81.07,1.51,3.17,6.37,82.94,27.5,27.54,real_jakarta,not_synthetic_real_observed,3.5454545454545454
JAKARTA PUSAT,kota,DKI JAKARTA,2015,7,2015-07-01,11,0,1100000,0.10476190476190476,1.0,0.048683516572680434,0.8497957707303331,26.72,30.26,23.28,80.57,0.47,1.51,3.17,81.07,27.19,27.5,real_jakarta,not_synthetic_real_observed,1.0
JAKARTA PUSAT,kota,DKI JAKARTA,2015,8,2015-08-01,6,0,1100000,0.10476190476190476,1.0,0.027506186863564444,0.7854571898141235,26.76,31.16,22.66,78.55,0.56,0.47,1.51,80.57,26.72,27.19,real_jakarta,not_synthetic_real_observed,0.5454545454545454
JAKARTA PUSAT,kota,DKI JAKARTA,2015,9,2015-09-01,9,0,1100000,0.10476190476190476,1.0,0.01789119234046006,0.7416530970760207,27.61,32.62,23.3,73.1,0.25,0.56,0.47,78.55,26.76,26.72,real_jakarta,not_synthetic_real_observed,0.8181818181818181
JAKARTA PUSAT,kota,DKI JAKARTA,2015,10,2015-10-01,7,0,1100000,0.10476190476190476,1.0,0.021826443263418396,0.6397499237072944,28.53,33.11,24.7,72.06,0.56,0.25,0.56,73.1,27.61,26.76,real_jakarta,not_synthetic_real_observed,0.6363636363636364
JAKARTA PUSAT,kota,DKI JAKARTA,2015,11,2015-11-01,6,0,1100000,0.10476190476190476,1.0,0.023286948760598808,0.6651864019107179,28.75,33.27,25.7,75.69,4.34,0.56,0.25,72.06,28.53,27.61,real_jakarta,not_synthetic_real_observed,0.5454545454545454
JAKARTA PUSAT,kota,DKI JAKARTA,2015,12,2015-12-01,9,0,1100000,0.10476190476190476,1.0,0.028236439612154652,0.8761766508840998,27.89,31.15,24.58,80.88,7.46,4.34,0.56,75.69,28.75,28.53,real_jakarta,not_synthetic_real_observed,0.8181818181818181
JAKARTA PUSAT,kota,DKI JAKARTA,2016,1,2016-01-01,86,1,1100000,0.10476190476190476,1.0,0.10434500385411173,1.0564563125475401,28.07,31.91,24.94,81.38,7.06,7.46,4.34,80.88,27.89,28.75,real_jakarta,not_synthetic_real_observed,7.818181818181818
JAKARTA PUSAT,kota,DKI JAKARTA,2016,2,2016-02-01,31,0,1100000,0.10476190476190476,1.0,0.13298713943770538,1.0643155719842348,27.35,31.29,25.13,85.23,17.96,7.06,7.46,81.38,28.07,27.89,real_jakarta,not_synthetic_real_observed,2.818181818181818
JAKARTA PUSAT,kota,DKI JAKARTA,2017,1,2017-01-01,31,0,1100000,0.10476190476190476,1.0,0.10434500385411173,1.0435660509186493,26.75,30.7,24.66,86.06,11.0,5.25,9.59,84.57,27.12,27.4,real_jakarta,not_synthetic_real_observed,2.818181818181818
JAKARTA PUSAT,kota,DKI JAKARTA,2017,2,2017-02-01,12,0,1100000,0.10476190476190476,1.0,0.13298713943770538,1.236751574141012,26.6,29.79,24.49,87.06,19.52,11.0,5.25,86.06,26.75,27.12,real_jakarta,not_synthetic_real_observed,1.0909090909090908
JAKARTA PUSAT,kota,DKI JAKARTA,2017,3,2017-03-01,13,0,1100000,0.10476190476190476,1.0,0.19465292709643392,1.5118342332582049,27.15,30.37,24.74,83.89,7.38,19.52,11.0,87.06,26.6,26.75,real_jakarta,not_synthetic_real_observed,1.1818181818181819
JAKARTA PUSAT,kota,DKI JAKARTA,2017,4,2017-04-01,13,0,1100000,0.10476190476190476,1.0,0.16191326220130633,1.093099012683912,27.41,30.65,24.99,84.46,8.42,7.38,19.52,83.89,27.15,26.6,real_jakarta,not_synthetic_real_observed,1.1818181818181819
JAKARTA PUSAT,kota,DKI JAKARTA,2017,5,2017-05-01,9,0,1100000,0.10476190476190476,1.0,0.14970181346099234,1.1497698105631287,27.79,30.93,24.56,82.47,4.54,8.42,7.38,84.46,27.41,27.15,real_jakarta,not_synthetic_real_observed,0.8181818181818181
JAKARTA PUSAT,kota,DKI JAKARTA,2017,6,2017-06-01,16,0,1100000,0.10476190476190476,1.0,0.08896912653657349,1.0016637669952926,27.23,30.45,24.93,83.74,4.39,4.54,8.42,82.47,27.79,27.41,real_jakarta,not_synthetic_real_observed,1.4545454545454544
JAKARTA PUSAT,kota,DKI JAKARTA,2017,7,2017-07-01,3,0,1100000,0.10476190476190476,1.0,0.048683516572680434,1.002584194419803,27.05,30.34,22.96,80.87,2.26,4.39,4.54,83.74,27.23,27.79,real_jakarta,not_synthetic_real_observed,0.2727272727272727
JAKARTA PUSAT,kota,DKI JAKARTA,2017,8,2017-08-01,7,0,1100000,0.10476190476190476,1.0,0.027506186863564444,0.8614822875016569,26.89,30.18,22.75,78.86,0.58,2.26,4.39,80.87,27.05,27.23,real_jakarta,not_synthetic_real_observed,0.6363636363636364
JAKARTA PUSAT,kota,DKI JAKARTA,2017,9,2017-09-01,4,0,1100000,0.10476190476190476,1.0,0.01789119234046006,0.7554548464981516,27.52,31.77,23.87,77.46,1.98,0.58,2.26,78.86,26.89,27.05,real_jakarta,not_synthetic_real_observed,0.3636363636363636
JAKARTA PUSAT,kota,DKI JAKARTA,2017,10,2017-10-01,5,0,1100000,0.10476190476190476,1.0,0.021826443263418396,0.7923682497742783,28.07,31.68,25.64,79.79,6.99,1.98,0.58,77.46,27.52,26.89,real_jakarta,not_synthetic_real_observed,0.45454545454545453
JAKARTA PUSAT,kota,DKI JAKARTA,2017,11,2017-11-01,8,0,1100000,0.10476190476190476,1.0,0.023286948760598808,1.0241732127438274,27.95,31.69,25.34,80.72,11.01,6.99,1.98,79.79,28.07,27.52,real_jakarta,not_synthetic_real_observed,0.7272727272727272
JAKARTA PUSAT,kota,DKI JAKARTA,2017,12,2017-12-01,8,0,1100000,0.10476190476190476,1.0,0.028236439612154652,1.162732810496613,27.14,31.45,24.44,84.11,7.79,11.01,6.99,80.72,27.95,28.07,real_jakarta,not_synthetic_real_observed,0.7272727272727272
JAKARTA PUSAT,kota,DKI JAKARTA,2018,1,2018-01-01,17,0,1100000,0.10476190476190476,1.0,0.10434500385411173,1.1103231790216648,26.98,30.56,24.87,84.63,6.49,7.79,11.01,84.11,27.14,27.95,real_jakarta,not_synthetic_real_observed,1.5454545454545454
JAKARTA PUSAT,kota,DKI JAKARTA,2018,2,2018-02-01,9,0,1100000,0.10476190476190476,1.0,0.13298713943770538,1.0762992002846345,26.6,29.32,24.28,86.64,16.07,6.49,7.79,84.63,26.98,27.14,real_jakarta,not_synthetic_real_observed,0.8181818181818181
JAKARTA PUSAT,kota,DKI JAKARTA,2018,3,2018-03-01,11,0,1100000,0.10476190476190476,1.0,0.19465292709643392,1.3973827502870335,27.38,31.25,24.66,82.83,10.07,16.07,6.49,86.64,26.6,26.98,real_jakarta,not_synthetic_real_observed,1.0
JAKARTA PUSAT,kota,DKI JAKARTA,2018,4,2018-04-01,25,0,1100000,0.10476190476190476,1.0,0.16191326220130633,1.1593887276588244,27.85,30.69,25.38,82.7,5.66,10.07,16.07,82.83,27.38,26.6,real_jakarta,not_synthetic_real_observed,2.2727272727272725
JAKARTA PUSAT,kota,DKI JAKARTA,2018,5,2018-05-01,23,0,1100000,0.10476190476190476,1.0,0.14970181346099234,1.0437277534357612,27.84,31.1,25.15,82.52,2.17,5.66,10.07,82.7,27.85,27.38,real_jakarta,not_synthetic_real_observed,2.090909090909091
JAKARTA PUSAT,kota,DKI JAKARTA,2018,6,2018-06-01,7,0,1100000,0.10476190476190476,1.0,0.08896912653657349,0.9333603661551761,27.45,30.55,24.08,81.44,1.97,2.17,5.66,82.52,27.84,27.85,real_jakarta,not_synthetic_real_observed,0.6363636363636364
JAKARTA PUSAT,kota,DKI JAKARTA,2018,7,2018-07-01,7,0,1100000,0.10476190476190476,1.0,0.048683516572680434,0.8841311301096445,26.71,30.13,22.31,76.08,0.1,1.97,2.17,81.44,27.45,27.84,real_jakarta,not_synthetic_real_observed,0.6363636363636364
JAKARTA PUSAT,kota,DKI JAKARTA,2018,8,2018-08-01,6,0,1100000,0.10476190476190476,1.0,0.027506186863564444,0.6664392226068364,26.81,30.57,22.23,75.65,0.54,0.1,1.97,76.08,26.71,27.45,real_jakarta,not_synthetic_real_observed,0.5454545454545454
JAKARTA PUSAT,kota,DKI JAKARTA,2018,9,2018-09-01,3,0,1100000,0.10476190476190476,1.0,0.01789119234046006,0.6739202186998985,27.67,31.77,23.67,73.72,1.85,0.54,0.1,75.65,26.81,26.71,real_jakarta,not_synthetic_real_observed,0.2727272727272727
JAKARTA PUSAT,kota,DKI JAKARTA,2018,10,2018-10-01,3,0,1100000,0.10476190476190476,1.0,0.021826443263418396,0.7056667887705133,28.52,32.95,25.26,74.55,3.29,1.85,0.54,73.72,27.67,26.81,real_jakarta,not_synthetic_real_observed,0.2727272727272727
JAKARTA PUSAT,kota,DKI JAKARTA,2018,11,2018-11-01,2,0,1100000,0.10476190476190476,1.0,0.023286948760598808,0.8069065381330651,28.12,33.64,25.73,78.78,5.94,3.29,1.85,74.55,28.52,27.67,real_jakarta,not_synthetic_real_observed,0.1818181818181818
JAKARTA PUSAT,kota,DKI JAKARTA,2018,12,2018-12-01,2,0,1100000,0.10476190476190476,1.0,0.028236439612154652,0.9704677006504904,27.75,32.03,24.86,80.52,6.65,5.94,3.29,78.78,28.12,28.52,real_jakarta,not_synthetic_real_observed,0.1818181818181818
JAKARTA PUSAT,kota,DKI JAKARTA,2019,1,2019-01-01,55,0,1100000,0.10476190476190476,1.0,0.10434500385411173,1.0171062078715283,27.32,31.21,25.05,83.93,13.54,6.65,5.94,80.52,27.75,28.12,real_jakarta,not_synthetic_real_observed,5.0
JAKARTA PUSAT,kota,DKI JAKARTA,2019,2,2019-02-01,104,0,1100000,0.10476190476190476,1.0,0.13298713943770538,1.2880382013892182,27.66,30.85,25.13,82.3,8.96,13.54,6.65,83.93,27.32,27.75,real_jakarta,not_synthetic_real_observed,9.454545454545455
JAKARTA PUSAT,kota,DKI JAKARTA,2019,3,2019-03-01,136,0,1100000,0.10476190476190476,1.0,0.19465292709643392,1.1255778498804445,27.65,31.26,24.6,81.75,8.07,8.96,13.54,82.3,27.66,27.32,real_jakarta,not_synthetic_real_observed,12.363636363636363
JAKARTA PUSAT,kota,DKI JAKARTA,2019,4,2019-04-01,65,0,1100000,0.10476190476190476,1.0,0.16191326220130633,1.085045976272789,28.18,31.05,25.56,82.84,8.43,8.07,8.96,81.75,27.65,27.66,real_jakarta,not_synthetic_real_observed,5.909090909090909
JAKARTA PUSAT,kota,DKI JAKARTA,2019,5,2019-05-01,68,0,1100000,0.10476190476190476,1.0,0.14970181346099234,1.1455843021617467,28.08,31.25,25.3,81.97,5.41,8.43,8.07,82.84,28.18,27.65,real_jakarta,not_synthetic_real_observed,6.181818181818182
JAKARTA PUSAT,kota,DKI JAKARTA,2019,6,2019-06-01,33,0,1100000,0.10476190476190476,1.0,0.08896912653657349,1.0289359504090954,27.39,30.74,23.63,79.4,1.21,5.41,8.43,81.97,28.08,28.18,real_jakarta,not_synthetic_real_observed,3.0
JAKARTA PUSAT,kota,DKI JAKARTA,2019,7,2019-07-01,16,0,1100000,0.10476190476190476,1.0,0.048683516572680434,0.8096767081476997,26.62,30.25,22.15,79.25,0.63,1.21,5.41,79.4,27.39,28.08,real_jakarta,not_synthetic_real_observed,1.4545454545454544
JAKARTA PUSAT,kota,DKI JAKARTA,2019,8,2019-08-01,4,0,1100000,0.10476190476190476,1.0,0.027506186863564444,0.7542837491133607,26.57,30.27,22.22,76.2,0.24,0.63,1.21,79.25,26.62,27.39,real_jakarta,not_synthetic_real_observed,0.3636363636363636
JAKARTA PUSAT,kota,DKI JAKARTA,2019,9,2019-09-01,1,0,1100000,0.10476190476190476,1.0,0.01789119234046006,0.6673179151972449,27.51,32.52,22.73,73.31,0.13,0.24,0.63,76.2,26.57,26.62,real_jakarta,not_synthetic_real_observed,0.0909090909090909
JAKARTA PUSAT,kota,DKI JAKARTA,2019,10,2019-10-01,2,0,1100000,0.10476190476190476,1.0,0.021826443263418396,0.6366919190601571,28.68,34.16,24.46,71.5,2.06,0.13,0.24,73.31,27.51,26.57,real_jakarta,not_synthetic_real_observed,0.1818181818181818
JAKARTA PUSAT,kota,DKI JAKARTA,2019,11,2019-11-01,4,0,1100000,0.10476190476190476,1.0,0.023286948760598808,0.7038615601766741,28.7,33.25,24.92,74.45,4.98,2.06,0.13,71.5,28.68,27.51,real_jakarta,not_synthetic_real_observed,0.3636363636363636
JAKARTA PUSAT,kota,DKI JAKARTA,2019,12,2019-12-01,4,0,1100000,0.10476190476190476,1.0,0.028236439612154652,0.8636668512119979,28.23,32.16,25.76,79.68,8.45,4.98,2.06,74.45,28.7,28.68,real_jakarta,not_synthetic_real_observed,0.3636363636363636
JAKARTA PUSAT,kota,DKI JAKARTA,2020,1,2020-01-01,18,0,1100000,0.10476190476190476,1.0,0.10434500385411173,1.0728441921427212,27.49,30.71,25.01,84.41,12.47,8.45,4.98,79.68,28.23,28.7,real_jakarta,not_synthetic_real_observed,1.6363636363636362
JAKARTA PUSAT,kota,DKI JAKARTA,2020,2,2020-02-01,41,0,1100000,0.10476190476190476,1.0,0.13298713943770538,1.2746981010289198,27.38,30.84,25.45,85.87,20.58,12.47,8.45,84.41,27.49,28.23,real_jakarta,not_synthetic_real_observed,3.7272727272727275
JAKARTA PUSAT,kota,DKI JAKARTA,2020,3,2020-03-01,122,0,1100000,0.10476190476190476,1.0,0.19465292709643392,1.5501529498616917,27.72,30.3,25.83,84.45,10.8,20.58,12.47,85.87,27.38,27.49,real_jakarta,not_synthetic_real_observed,11.090909090909092
JAKARTA PUSAT,kota,DKI JAKARTA,2020,4,2020-04-01,100,0,1100000,0.10476190476190476,1.0,0.16191326220130633,1.2353469217424102,27.98,31.33,25.64,83.46,6.87,10.8,20.58,84.45,27.72,27.38,real_jakarta,not_synthetic_real_observed,9.09090909090909
JAKARTA PUSAT,kota,DKI JAKARTA,2020,5,2020-05-01,62,0,1100000,0.10476190476190476,1.0,0.14970181346099234,1.1043039921063547,28.1,31.22,26.03,84.29,5.62,6.87,10.8,83.46,27.98,27.72,real_jakarta,not_synthetic_real_observed,5.636363636363636
JAKARTA PUSAT,kota,DKI JAKARTA,2020,6,2020-06-01,12,0,1100000,0.10476190476190476,1.0,0.08896912653657349,1.091662362923673,27.63,30.46,25.19,83.37,2.08,5.62,6.87,84.29,28.1,27.98,real_jakarta,not_synthetic_real_observed,1.0909090909090908
JAKARTA PUSAT,kota,DKI JAKARTA,2020,7,2020-07-01,5,0,1100000,0.10476190476190476,1.0,0.048683516572680434,0.9416221686668034,27.16,30.0,23.89,81.58,2.79,2.08,5.62,83.37,27.63,28.1,real_jakarta,not_synthetic_real_observed,0.45454545454545453
JAKARTA PUSAT,kota,DKI JAKARTA,2020,8,2020-08-01,2,0,1100000,0.10476190476190476,1.0,0.027506186863564444,0.8993942558905558,27.19,30.56,23.8,82.07,1.8,2.79,2.08,81.58,27.16,27.63,real_jakarta,not_synthetic_real_observed,0.1818181818181818
JAKARTA PUSAT,kota,DKI JAKARTA,2020,9,2020-09-01,0,0,1100000,0.10476190476190476,1.0,0.01789119234046006,0.8824864792976154,27.67,31.15,24.78,79.39,3.87,1.8,2.79,82.07,27.19,27.16,real_jakarta,not_synthetic_real_observed,0.0
JAKARTA PUSAT,kota,DKI JAKARTA,2020,10,2020-10-01,0,0,1100000,0.10476190476190476,1.0,0.021826443263418396,0.9023929232103547,27.69,31.38,25.34,81.25,6.64,3.87,1.8,79.39,27.67,27.19,real_jakarta,not_synthetic_real_observed,0.0
JAKARTA PUSAT,kota,DKI JAKARTA,2020,11,2020-11-01,4,0,1100000,0.10476190476190476,1.0,0.023286948760598808,1.0315920296395806,27.85,31.59,24.93,81.3,7.96,6.64,3.87,81.25,27.69,27.67,real_jakarta,not_synthetic_real_observed,0.3636363636363636
JAKARTA PUSAT,kota,DKI JAKARTA,2020,12,2020-12-01,1,0,1100000,0.10476190476190476,1.0,0.028236439612154652,1.0798524953575268,26.95,30.34,24.6,85.2,7.41,7.96,6.64,81.3,27.85,27.69,real_jakarta,not_synthetic_real_observed,0.0909090909090909
JAKARTA SELATAN,kota,DKI JAKARTA,2015,1,2015-01-01,151,0,2200000,0.20952380952380953,1.0,0.10434500385411173,1.1905112599628234,23.86,28.61,20.12,89.11,11.31,11.31,11.31,89.11,23.86,23.86,real_jakarta,not_synthetic_real_observed,6.863636363636364
JAKARTA SELATAN,kota,DKI JAKARTA,2015,2,2015-02-01,165,0,2200000,0.20952380952380953,1.0,0.13298713943770538,1.1905112599628234,24.01,29.2,19.21,89.4,17.33,11.31,17.33,89.11,23.86,24.01,real_jakarta,not_synthetic_real_observed,7.499999999999999
JAKARTA SELATAN,kota,DKI JAKARTA,2015,3,2015-03-01,181,0,2200000,0.20952380952380953,1.0,0.19465292709643392,1.386302539317274,24.3,30.54,20.59,88.64,10.25,17.33,11.31,89.4,24.01,23.86,real_jakarta,not_synthetic_real_observed,8.227272727272727
JAKARTA SELATAN,kota,DKI JAKARTA,2015,4,2015-04-01,188,0,2200000,0.20952380952380953,1.0,0.16191326220130633,1.1667659559852441,24.69,29.99,20.75,88.38,7.11,10.25,17.33,88.64,24.3,24.01,real_jakarta,not_synthetic_real_observed,8.545454545454545
JAKARTA SELATAN,kota,DKI JAKARTA,2015,5,2015-05-01,152,0,2200000,0.20952380952380953,1.0,0.14970181346099234,1.0828713633637856,24.78,29.95,18.89,86.63,3.96,7.11,10.25,88.38,24.69,24.3,real_jakarta,not_synthetic_real_observed,6.909090909090909
JAKARTA SELATAN,kota,DKI JAKARTA,2015,6,2015-06-01,107,0,2200000,0.20952380952380953,1.0,0.08896912653657349,0.949696216974609,24.48,29.95,18.2,84.27,1.13,3.96,7.11,86.63,24.78,24.69,real_jakarta,not_synthetic_real_observed,4.863636363636363
JAKARTA SELATAN,kota,DKI JAKARTA,2015,7,2015-07-01,64,0,2200000,0.20952380952380953,1.0,0.048683516572680434,0.7942683885951836,23.88,29.61,18.06,83.93,0.3,1.13,3.96,84.27,24.48,24.78,real_jakarta,not_synthetic_real_observed,2.9090909090909087
JAKARTA SELATAN,kota,DKI JAKARTA,2015,8,2015-08-01,42,0,2200000,0.20952380952380953,1.0,0.027506186863564444,0.7343283363196544,24.28,30.74,17.09,80.53,0.53,0.3,1.13,83.93,23.88,24.48,real_jakarta,not_synthetic_real_observed,1.909090909090909
JAKARTA SELATAN,kota,DKI JAKARTA,2015,9,2015-09-01,24,0,2200000,0.20952380952380953,1.0,0.01789119234046006,0.6777736523507661,25.19,32.72,17.85,74.79,0.31,0.53,0.3,80.53,24.28,23.88,real_jakarta,not_synthetic_real_observed,1.0909090909090908
JAKARTA SELATAN,kota,DKI JAKARTA,2015,10,2015-10-01,16,0,2200000,0.20952380952380953,1.0,0.021826443263418396,0.6,26.7,35.17,19.81,70.0,0.59,0.31,0.53,74.79,25.19,24.28,real_jakarta,not_synthetic_real_observed,0.7272727272727272
JAKARTA SELATAN,kota,DKI JAKARTA,2015,11,2015-11-01,16,0,2200000,0.20952380952380953,1.0,0.023286948760598808,0.6,26.38,35.33,21.3,79.21,8.41,0.59,0.31,70.0,26.7,25.19,real_jakarta,not_synthetic_real_observed,0.7272727272727272
JAKARTA SELATAN,kota,DKI JAKARTA,2015,12,2015-12-01,34,0,2200000,0.20952380952380953,1.0,0.028236439612154652,0.9780971373542311,25.32,31.26,20.32,84.53,8.89,8.41,0.59,79.21,26.38,26.7,real_jakarta,not_synthetic_real_observed,1.5454545454545454
JAKARTA SELATAN,kota,DKI JAKARTA,2016,1,2016-01-01,290,1,2200000,0.20952380952380953,1.0,0.10434500385411173,1.0726943546838312,25.6,31.88,21.2,84.92,8.56,8.89,8.41,84.53,25.32,26.38,real_jakarta,not_synthetic_real_observed,13.181818181818182
JAKARTA SELATAN,kota,DKI JAKARTA,2016,2,2016-02-01,130,0,2200000,0.20952380952380953,1.0,0.13298713943770538,1.08448991099196,24.97,30.81,21.55,88.53,15.57,8.56,8.89,84.92,25.6,25.32,real_jakarta,not_synthetic_real_observed,5.909090909090909
JAKARTA SELATAN,kota,DKI JAKARTA,2017,1,2017-01-01,132,0,2200000,0.20952380952380953,1.0,0.10434500385411173,0.9795901391446995,24.12,29.97,20.49,89.29,8.71,4.31,9.93,88.33,24.3,24.76,real_jakarta,not_synthetic_real_observed,6.0
JAKARTA SELATAN,kota,DKI JAKARTA,2017,2,2017-02-01,71,0,2200000,0.20952380952380953,1.0,0.13298713943770538,1.1276980339220117,24.09,29.21,20.59,90.55,16.48,8.71,4.31,89.29,24.12,24.3,real_jakarta,not_synthetic_real_observed,3.2272727272727275
JAKARTA SELATAN,kota,DKI JAKARTA,2017,3,2017-03-01,76,0,2200000,0.20952380952380953,1.0,0.19465292709643392,1.391639347620728,24.5,29.8,20.66,88.12,8.86,16.48,8.71,90.55,24.09,24.12,real_jakarta,not_synthetic_real_observed,3.4545454545454546
JAKARTA SELATAN,kota,DKI JAKARTA,2017,4,2017-04-01,71,0,2200000,0.20952380952380953,1.0,0.16191326220130633,1.1211617983402142,24.83,29.62,20.8,88.92,8.93,8.86,16.48,88.12,24.5,24.09,real_jakarta,not_synthetic_real_observed,3.2272727272727275
JAKARTA SELATAN,kota,DKI JAKARTA,2017,5,2017-05-01,64,0,2200000,0.20952380952380953,1.0,0.14970181346099234,1.1570917167735957,25.29,30.43,19.49,86.61,5.74,8.93,8.86,88.92,24.83,24.5,real_jakarta,not_synthetic_real_observed,2.9090909090909087
JAKARTA SELATAN,kota,DKI JAKARTA,2017,6,2017-06-01,30,0,2200000,0.20952380952380953,1.0,0.08896912653657349,1.0257733174463337,24.54,30.02,20.18,87.51,4.55,5.74,8.93,86.61,25.29,24.83,real_jakarta,not_synthetic_real_observed,1.3636363636363638
JAKARTA SELATAN,kota,DKI JAKARTA,2017,7,2017-07-01,33,0,2200000,0.20952380952380953,1.0,0.048683516572680434,0.9779197646123325,24.45,30.01,17.87,84.76,2.51,4.55,5.74,87.51,24.54,25.29,real_jakarta,not_synthetic_real_observed,1.5
JAKARTA SELATAN,kota,DKI JAKARTA,2017,8,2017-08-01,16,0,2200000,0.20952380952380953,1.0,0.027506186863564444,0.84641488717028,24.31,30.52,17.66,81.86,0.77,2.51,4.55,84.76,24.45,24.54,real_jakarta,not_synthetic_real_observed,0.7272727272727272
JAKARTA SELATAN,kota,DKI JAKARTA,2017,9,2017-09-01,12,0,2200000,0.20952380952380953,1.0,0.01789119234046006,0.7181775145370123,25.22,31.73,18.94,79.77,2.83,0.77,2.51,81.86,24.31,24.45,real_jakarta,not_synthetic_real_observed,0.5454545454545454
JAKARTA SELATAN,kota,DKI JAKARTA,2017,10,2017-10-01,29,0,2200000,0.20952380952380953,1.0,0.021826443263418396,0.7710192773975315,25.51,31.59,21.34,84.52,9.49,2.83,0.77,79.77,25.22,24.31,real_jakarta,not_synthetic_real_observed,1.3181818181818183
JAKARTA SELATAN,kota,DKI JAKARTA,2017,11,2017-11-01,42,0,2200000,0.20952380952380953,1.0,0.023286948760598808,1.0990651214718887,25.16,31.39,20.73,85.54,12.4,9.49,2.83,84.52,25.51,25.22,real_jakarta,not_synthetic_real_observed,1.909090909090909
JAKARTA SELATAN,kota,DKI JAKARTA,2017,12,2017-12-01,51,0,2200000,0.20952380952380953,1.0,0.028236439612154652,1.1959535773008354,24.44,30.7,20.37,87.89,7.52,12.4,9.49,85.54,25.16,25.51,real_jakarta,not_synthetic_real_observed,2.3181818181818183
JAKARTA SELATAN,kota,DKI JAKARTA,2018,1,2018-01-01,42,0,2200000,0.20952380952380953,1.0,0.10434500385411173,1.0724399473537327,24.16,29.76,20.38,88.89,6.6,7.52,12.4,87.89,24.44,25.16,real_jakarta,not_synthetic_real_observed,1.909090909090909
JAKARTA SELATAN,kota,DKI JAKARTA,2018,2,2018-02-01,51,0,2200000,0.20952380952380953,1.0,0.13298713943770538,1.0560566764949708,24.11,28.81,19.72,89.71,15.15,6.6,7.52,88.89,24.16,24.44,real_jakarta,not_synthetic_real_observed,2.3181818181818183
JAKARTA SELATAN,kota,DKI JAKARTA,2018,3,2018-03-01,60,0,2200000,0.20952380952380953,1.0,0.19465292709643392,1.3321911013768124,24.73,30.31,20.54,87.23,10.21,15.15,6.6,89.71,24.11,24.16,real_jakarta,not_synthetic_real_observed,2.7272727272727275
JAKARTA SELATAN,kota,DKI JAKARTA,2018,4,2018-04-01,86,0,2200000,0.20952380952380953,1.0,0.16191326220130633,1.1509645191634925,25.22,30.64,20.45,87.19,7.16,10.21,15.15,87.23,24.73,24.11,real_jakarta,not_synthetic_real_observed,3.909090909090909
JAKARTA SELATAN,kota,DKI JAKARTA,2018,5,2018-05-01,132,1,2200000,0.20952380952380953,1.0,0.14970181346099234,1.0795032465764287,25.13,30.41,19.8,85.64,2.64,7.16,10.21,87.19,25.22,24.73,real_jakarta,not_synthetic_real_observed,6.0
JAKARTA SELATAN,kota,DKI JAKARTA,2018,6,2018-06-01,69,0,2200000,0.20952380952380953,1.0,0.08896912653657349,0.9016433969781834,24.87,30.09,19.53,84.77,2.33,2.64,7.16,85.64,25.13,25.22,real_jakarta,not_synthetic_real_observed,3.1363636363636362
JAKARTA SELATAN,kota,DKI JAKARTA,2018,7,2018-07-01,60,0,2200000,0.20952380952380953,1.0,0.048683516572680434,0.8598902744110211,23.94,29.86,16.16,79.46,0.13,2.33,2.64,84.77,24.87,25.13,real_jakarta,not_synthetic_real_observed,2.7272727272727275
JAKARTA SELATAN,kota,DKI JAKARTA,2018,8,2018-08-01,44,0,2200000,0.20952380952380953,1.0,0.027506186863564444,0.6249551930023455,24.19,30.59,16.84,78.76,0.87,0.13,2.33,79.46,23.94,24.87,real_jakarta,not_synthetic_real_observed,2.0
JAKARTA SELATAN,kota,DKI JAKARTA,2018,9,2018-09-01,30,0,2200000,0.20952380952380953,1.0,0.01789119234046006,0.6417309080116242,25.12,31.72,18.56,77.04,2.48,0.87,0.13,78.76,24.19,23.94,real_jakarta,not_synthetic_real_observed,1.3636363636363638
JAKARTA SELATAN,kota,DKI JAKARTA,2018,10,2018-10-01,24,0,2200000,0.20952380952380953,1.0,0.021826443263418396,0.6906923462278011,26.23,32.99,21.25,77.16,4.64,2.48,0.87,77.04,25.12,24.19,real_jakarta,not_synthetic_real_observed,1.0909090909090908
JAKARTA SELATAN,kota,DKI JAKARTA,2018,11,2018-11-01,28,0,2200000,0.20952380952380953,1.0,0.023286948760598808,0.8083082531614296,25.47,32.86,21.49,84.0,8.45,4.64,2.48,77.16,26.23,25.12,real_jakarta,not_synthetic_real_observed,1.2727272727272727
JAKARTA SELATAN,kota,DKI JAKARTA,2018,12,2018-12-01,47,0,2200000,0.20952380952380953,1.0,0.028236439612154652,1.0533766858394618,25.06,30.5,20.36,85.14,8.68,8.45,4.64,84.0,25.47,26.23,real_jakarta,not_synthetic_real_observed,2.1363636363636362
JAKARTA SELATAN,kota,DKI JAKARTA,2019,1,2019-01-01,329,0,2200000,0.20952380952380953,1.0,0.10434500385411173,1.069360894393758,24.69,30.84,20.76,87.78,12.62,8.68,8.45,85.14,25.06,25.47,real_jakarta,not_synthetic_real_observed,14.954545454545455
JAKARTA SELATAN,kota,DKI JAKARTA,2019,2,2019-02-01,388,0,2200000,0.20952380952380953,1.0,0.13298713943770538,1.2352719476758633,25.15,30.34,21.39,87.14,11.46,12.62,8.68,87.78,24.69,25.06,real_jakarta,not_synthetic_real_observed,17.636363636363637
JAKARTA SELATAN,kota,DKI JAKARTA,2019,3,2019-03-01,445,0,2200000,0.20952380952380953,1.0,0.19465292709643392,1.2053245826958374,24.82,30.33,20.33,86.76,8.1,11.46,12.62,87.14,25.15,24.69,real_jakarta,not_synthetic_real_observed,20.227272727272727
JAKARTA SELATAN,kota,DKI JAKARTA,2019,4,2019-04-01,223,0,2200000,0.20952380952380953,1.0,0.16191326220130633,1.079873387960317,25.59,30.73,21.23,87.9,10.32,8.1,11.46,86.76,24.82,25.15,real_jakarta,not_synthetic_real_observed,10.136363636363637
JAKARTA SELATAN,kota,DKI JAKARTA,2019,5,2019-05-01,238,0,2200000,0.20952380952380953,1.0,0.14970181346099234,1.2085729891321797,25.45,30.24,20.52,85.84,6.44,10.32,8.1,87.9,25.59,24.82,real_jakarta,not_synthetic_real_observed,10.818181818181818
JAKARTA SELATAN,kota,DKI JAKARTA,2019,6,2019-06-01,157,0,2200000,0.20952380952380953,1.0,0.08896912653657349,1.035660875641444,24.58,30.26,18.3,82.47,1.29,6.44,10.32,85.84,25.45,25.59,real_jakarta,not_synthetic_real_observed,7.136363636363636
JAKARTA SELATAN,kota,DKI JAKARTA,2019,7,2019-07-01,79,0,2200000,0.20952380952380953,1.0,0.048683516572680434,0.7605129662749204,23.92,30.2,16.78,81.69,0.68,1.29,6.44,82.47,24.58,25.45,real_jakarta,not_synthetic_real_observed,3.590909090909091
JAKARTA SELATAN,kota,DKI JAKARTA,2019,8,2019-08-01,35,0,2200000,0.20952380952380953,1.0,0.027506186863564444,0.6940393444075649,23.98,30.4,16.97,78.64,0.47,0.68,1.29,81.69,23.92,24.58,real_jakarta,not_synthetic_real_observed,1.590909090909091
JAKARTA SELATAN,kota,DKI JAKARTA,2019,9,2019-09-01,9,0,2200000,0.20952380952380953,1.0,0.01789119234046006,0.6174141745199393,25.17,32.81,17.06,74.04,0.25,0.47,0.68,78.64,23.98,23.92,real_jakarta,not_synthetic_real_observed,0.40909090909090906
JAKARTA SELATAN,kota,DKI JAKARTA,2019,10,2019-10-01,20,0,2200000,0.20952380952380953,1.0,0.021826443263418396,0.6,26.7,35.04,19.47,71.72,2.06,0.25,0.47,74.04,25.17,23.98,real_jakarta,not_synthetic_real_observed,0.9090909090909091
JAKARTA SELATAN,kota,DKI JAKARTA,2019,11,2019-11-01,24,0,2200000,0.20952380952380953,1.0,0.023286948760598808,0.6210429697806856,26.43,34.07,20.48,76.56,5.44,2.06,0.25,71.72,26.7,25.17,real_jakarta,not_synthetic_real_observed,1.0909090909090908
JAKARTA SELATAN,kota,DKI JAKARTA,2019,12,2019-12-01,29,0,2200000,0.20952380952380953,1.0,0.028236439612154652,0.827066956163909,25.98,32.39,21.75,82.58,10.71,5.44,2.06,76.56,26.43,26.7,real_jakarta,not_synthetic_real_observed,1.3181818181818183
JAKARTA SELATAN,kota,DKI JAKARTA,2020,1,2020-01-01,62,0,2200000,0.20952380952380953,1.0,0.10434500385411173,1.110499830625026,25.24,31.22,20.83,86.82,12.47,10.71,5.44,82.58,25.98,26.43,real_jakarta,not_synthetic_real_observed,2.818181818181818
JAKARTA SELATAN,kota,DKI JAKARTA,2020,2,2020-02-01,185,0,2200000,0.20952380952380953,1.0,0.13298713943770538,1.2322412408496146,24.94,30.44,21.4,89.33,20.87,12.47,10.71,86.82,25.24,25.98,real_jakarta,not_synthetic_real_observed,8.40909090909091
JAKARTA SELATAN,kota,DKI JAKARTA,2020,3,2020-03-01,286,0,2200000,0.20952380952380953,1.0,0.19465292709643392,1.5331304211628212,25.19,29.83,21.68,89.12,14.66,20.87,12.47,89.33,24.94,25.24,real_jakarta,not_synthetic_real_observed,12.999999999999998
JAKARTA SELATAN,kota,DKI JAKARTA,2020,4,2020-04-01,173,0,2200000,0.20952380952380953,1.0,0.16191326220130633,1.351296214521071,25.34,30.62,20.97,88.37,8.59,14.66,20.87,89.12,25.19,24.94,real_jakarta,not_synthetic_real_observed,7.863636363636364
JAKARTA SELATAN,kota,DKI JAKARTA,2020,5,2020-05-01,110,0,2200000,0.20952380952380953,1.0,0.14970181346099234,1.1563365641736358,25.44,30.29,21.88,89.1,7.52,8.59,14.66,88.37,25.34,25.19,real_jakarta,not_synthetic_real_observed,5.0
JAKARTA SELATAN,kota,DKI JAKARTA,2020,6,2020-06-01,95,0,2200000,0.20952380952380953,1.0,0.08896912653657349,1.145861140851297,24.92,29.71,20.36,87.83,2.35,7.52,8.59,89.1,25.44,25.34,real_jakarta,not_synthetic_real_observed,4.318181818181818
JAKARTA SELATAN,kota,DKI JAKARTA,2020,7,2020-07-01,48,0,2200000,0.20952380952380953,1.0,0.048683516572680434,0.9358979350073175,24.54,29.63,18.69,84.78,2.88,2.35,7.52,87.83,24.92,25.44,real_jakarta,not_synthetic_real_observed,2.1818181818181817
JAKARTA SELATAN,kota,DKI JAKARTA,2020,8,2020-08-01,14,0,2200000,0.20952380952380953,1.0,0.027506186863564444,0.8620941191747274,24.92,30.95,18.3,83.91,1.84,2.88,2.35,84.78,24.54,24.92,real_jakarta,not_synthetic_real_observed,0.6363636363636364
JAKARTA SELATAN,kota,DKI JAKARTA,2020,9,2020-09-01,12,0,2200000,0.20952380952380953,1.0,0.01789119234046006,0.8267192187755753,25.18,30.68,19.76,82.75,4.99,1.84,2.88,83.91,24.92,24.54,real_jakarta,not_synthetic_real_observed,0.5454545454545454
JAKARTA SELATAN,kota,DKI JAKARTA,2020,10,2020-10-01,11,0,2200000,0.20952380952380953,1.0,0.021826443263418396,0.9058730219007683,25.14,31.29,21.45,86.05,9.87,4.99,1.84,82.75,25.18,24.92,real_jakarta,not_synthetic_real_observed,0.5
JAKARTA SELATAN,kota,DKI JAKARTA,2020,11,2020-11-01,9,0,2200000,0.20952380952380953,1.0,0.023286948760598808,1.1306948010331972,25.23,31.36,21.17,85.88,6.78,9.87,4.99,86.05,25.14,25.18,real_jakarta,not_synthetic_real_observed,0.40909090909090906
JAKARTA SELATAN,kota,DKI JAKARTA,2020,12,2020-12-01,10,0,2200000,0.20952380952380953,1.0,0.028236439612154652,1.037120239352043,24.24,29.08,20.89,89.07,7.38,6.78,9.87,85.88,25.23,25.14,real_jakarta,not_synthetic_real_observed,0.45454545454545453
JAKARTA TIMUR,kota,DKI JAKARTA,2015,1,2015-01-01,75,3,3000000,0.2857142857142857,1.0,0.10434500385411173,1.2370903783593779,26.46,30.33,24.09,85.5,11.88,11.88,11.88,85.5,26.46,26.46,real_jakarta,not_synthetic_real_observed,2.5
JAKARTA TIMUR,kota,DKI JAKARTA,2015,2,2015-02-01,100,0,3000000,0.2857142857142857,1.0,0.13298713943770538,1.2370903783593779,26.4,29.97,24.26,85.8,19.1,11.88,19.1,85.5,26.46,26.4,real_jakarta,not_synthetic_real_observed,3.3333333333333335
JAKARTA TIMUR,kota,DKI JAKARTA,2015,3,2015-03-01,184,1,3000000,0.2857142857142857,1.0,0.19465292709643392,1.460094633518782,27.01,31.32,24.36,83.57,9.22,19.1,11.88,85.8,26.4,26.46,real_jakarta,not_synthetic_real_observed,6.133333333333334
JAKARTA TIMUR,kota,DKI JAKARTA,2015,4,2015-04-01,245,0,3000000,0.2857142857142857,1.0,0.16191326220130633,1.1349024900696865,27.54,31.16,24.84,82.29,6.37,9.22,19.1,83.57,27.01,26.4,real_jakarta,not_synthetic_real_observed,8.166666666666666
JAKARTA TIMUR,kota,DKI JAKARTA,2015,5,2015-05-01,182,0,3000000,0.2857142857142857,1.0,0.14970181346099234,1.0416193144258792,27.5,30.73,24.01,82.94,3.17,6.37,9.22,82.29,27.54,27.01,real_jakarta,not_synthetic_real_observed,6.066666666666666
JAKARTA TIMUR,kota,DKI JAKARTA,2015,6,2015-06-01,171,0,3000000,0.2857142857142857,1.0,0.08896912653657349,0.9585426402723974,27.19,30.56,23.39,81.07,1.51,3.17,6.37,82.94,27.5,27.54,real_jakarta,not_synthetic_real_observed,5.7
JAKARTA TIMUR,kota,DKI JAKARTA,2015,7,2015-07-01,87,1,3000000,0.2857142857142857,1.0,0.048683516572680434,0.8497957707303331,26.72,30.26,23.28,80.57,0.47,1.51,3.17,81.07,27.19,27.5,real_jakarta,not_synthetic_real_observed,2.9
JAKARTA TIMUR,kota,DKI JAKARTA,2015,8,2015-08-01,34,0,3000000,0.2857142857142857,1.0,0.027506186863564444,0.7854571898141235,26.76,31.16,22.66,78.55,0.56,0.47,1.51,80.57,26.72,27.19,real_jakarta,not_synthetic_real_observed,1.1333333333333333
JAKARTA TIMUR,kota,DKI JAKARTA,2015,9,2015-09-01,33,0,3000000,0.2857142857142857,1.0,0.01789119234046006,0.7416530970760207,27.61,32.62,23.3,73.1,0.25,0.56,0.47,78.55,26.76,26.72,real_jakarta,not_synthetic_real_observed,1.0999999999999999
JAKARTA TIMUR,kota,DKI JAKARTA,2015,10,2015-10-01,28,1,3000000,0.2857142857142857,1.0,0.021826443263418396,0.6397499237072944,28.53,33.11,24.7,72.06,0.56,0.25,0.56,73.1,27.61,26.76,real_jakarta,not_synthetic_real_observed,0.9333333333333332
JAKARTA TIMUR,kota,DKI JAKARTA,2015,11,2015-11-01,46,0,3000000,0.2857142857142857,1.0,0.023286948760598808,0.6651864019107179,28.75,33.27,25.7,75.69,4.34,0.56,0.25,72.06,28.53,27.61,real_jakarta,not_synthetic_real_observed,1.5333333333333334
JAKARTA TIMUR,kota,DKI JAKARTA,2015,12,2015-12-01,41,0,3000000,0.2857142857142857,1.0,0.028236439612154652,0.8761766508840998,27.89,31.15,24.58,80.88,7.46,4.34,0.56,75.69,28.75,28.53,real_jakarta,not_synthetic_real_observed,1.3666666666666667
JAKARTA TIMUR,kota,DKI JAKARTA,2016,1,2016-01-01,249,0,3000000,0.2857142857142857,1.0,0.10434500385411173,1.0564563125475401,28.07,31.91,24.94,81.38,7.06,7.46,4.34,80.88,27.89,28.75,real_jakarta,not_synthetic_real_observed,8.299999999999999
JAKARTA TIMUR,kota,DKI JAKARTA,2016,2,2016-02-01,182,2,3000000,0.2857142857142857,1.0,0.13298713943770538,1.0643155719842348,27.35,31.29,25.13,85.23,17.96,7.06,7.46,81.38,28.07,27.89,real_jakarta,not_synthetic_real_observed,6.066666666666666
JAKARTA TIMUR,kota,DKI JAKARTA,2017,1,2017-01-01,223,1,3000000,0.2857142857142857,1.0,0.10434500385411173,1.0435660509186493,26.75,30.7,24.66,86.06,11.0,5.25,9.59,84.57,27.12,27.4,real_jakarta,not_synthetic_real_observed,7.433333333333333
JAKARTA TIMUR,kota,DKI JAKARTA,2017,2,2017-02-01,140,0,3000000,0.2857142857142857,1.0,0.13298713943770538,1.236751574141012,26.6,29.79,24.49,87.06,19.52,11.0,5.25,86.06,26.75,27.12,real_jakarta,not_synthetic_real_observed,4.666666666666666
JAKARTA TIMUR,kota,DKI JAKARTA,2017,3,2017-03-01,190,0,3000000,0.2857142857142857,1.0,0.19465292709643392,1.5118342332582049,27.15,30.37,24.74,83.89,7.38,19.52,11.0,87.06,26.6,26.75,real_jakarta,not_synthetic_real_observed,6.333333333333333
JAKARTA TIMUR,kota,DKI JAKARTA,2017,4,2017-04-01,155,0,3000000,0.2857142857142857,1.0,0.16191326220130633,1.093099012683912,27.41,30.65,24.99,84.46,8.42,7.38,19.52,83.89,27.15,26.6,real_jakarta,not_synthetic_real_observed,5.166666666666666
JAKARTA TIMUR,kota,DKI JAKARTA,2017,5,2017-05-01,162,0,3000000,0.2857142857142857,1.0,0.14970181346099234,1.1497698105631287,27.79,30.93,24.56,82.47,4.54,8.42,7.38,84.46,27.41,27.15,real_jakarta,not_synthetic_real_observed,5.3999999999999995
JAKARTA TIMUR,kota,DKI JAKARTA,2017,6,2017-06-01,74,0,3000000,0.2857142857142857,1.0,0.08896912653657349,1.0016637669952926,27.23,30.45,24.93,83.74,4.39,4.54,8.42,82.47,27.79,27.41,real_jakarta,not_synthetic_real_observed,2.4666666666666663
JAKARTA TIMUR,kota,DKI JAKARTA,2017,7,2017-07-01,62,0,3000000,0.2857142857142857,1.0,0.048683516572680434,1.002584194419803,27.05,30.34,22.96,80.87,2.26,4.39,4.54,83.74,27.23,27.79,real_jakarta,not_synthetic_real_observed,2.0666666666666664
JAKARTA TIMUR,kota,DKI JAKARTA,2017,8,2017-08-01,63,0,3000000,0.2857142857142857,1.0,0.027506186863564444,0.8614822875016569,26.89,30.18,22.75,78.86,0.58,2.26,4.39,80.87,27.05,27.23,real_jakarta,not_synthetic_real_observed,2.1
JAKARTA TIMUR,kota,DKI JAKARTA,2017,9,2017-09-01,33,0,3000000,0.2857142857142857,1.0,0.01789119234046006,0.7554548464981516,27.52,31.77,23.87,77.46,1.98,0.58,2.26,78.86,26.89,27.05,real_jakarta,not_synthetic_real_observed,1.0999999999999999
JAKARTA TIMUR,kota,DKI JAKARTA,2017,10,2017-10-01,58,0,3000000,0.2857142857142857,1.0,0.021826443263418396,0.7923682497742783,28.07,31.68,25.64,79.79,6.99,1.98,0.58,77.46,27.52,26.89,real_jakarta,not_synthetic_real_observed,1.9333333333333333
JAKARTA TIMUR,kota,DKI JAKARTA,2017,11,2017-11-01,56,0,3000000,0.2857142857142857,1.0,0.023286948760598808,1.0241732127438274,27.95,31.69,25.34,80.72,11.01,6.99,1.98,79.79,28.07,27.52,real_jakarta,not_synthetic_real_observed,1.8666666666666665
JAKARTA TIMUR,kota,DKI JAKARTA,2017,12,2017-12-01,49,0,3000000,0.2857142857142857,1.0,0.028236439612154652,1.162732810496613,27.14,31.45,24.44,84.11,7.79,11.01,6.99,80.72,27.95,28.07,real_jakarta,not_synthetic_real_observed,1.633333333333333
JAKARTA TIMUR,kota,DKI JAKARTA,2018,1,2018-01-01,52,0,3000000,0.2857142857142857,1.0,0.10434500385411173,1.1103231790216648,26.98,30.56,24.87,84.63,6.49,7.79,11.01,84.11,27.14,27.95,real_jakarta,not_synthetic_real_observed,1.7333333333333332
JAKARTA TIMUR,kota,DKI JAKARTA,2018,2,2018-02-01,55,0,3000000,0.2857142857142857,1.0,0.13298713943770538,1.0762992002846345,26.6,29.32,24.28,86.64,16.07,6.49,7.79,84.63,26.98,27.14,real_jakarta,not_synthetic_real_observed,1.8333333333333333
JAKARTA TIMUR,kota,DKI JAKARTA,2018,3,2018-03-01,80,0,3000000,0.2857142857142857,1.0,0.19465292709643392,1.3973827502870335,27.38,31.25,24.66,82.83,10.07,16.07,6.49,86.64,26.6,26.98,real_jakarta,not_synthetic_real_observed,2.6666666666666665
JAKARTA TIMUR,kota,DKI JAKARTA,2018,4,2018-04-01,133,0,3000000,0.2857142857142857,1.0,0.16191326220130633,1.1593887276588244,27.85,30.69,25.38,82.7,5.66,10.07,16.07,82.83,27.38,26.6,real_jakarta,not_synthetic_real_observed,4.433333333333333
JAKARTA TIMUR,kota,DKI JAKARTA,2018,5,2018-05-01,149,0,3000000,0.2857142857142857,1.0,0.14970181346099234,1.0437277534357612,27.84,31.1,25.15,82.52,2.17,5.66,10.07,82.7,27.85,27.38,real_jakarta,not_synthetic_real_observed,4.966666666666667
JAKARTA TIMUR,kota,DKI JAKARTA,2018,6,2018-06-01,104,0,3000000,0.2857142857142857,1.0,0.08896912653657349,0.9333603661551761,27.45,30.55,24.08,81.44,1.97,2.17,5.66,82.52,27.84,27.85,real_jakarta,not_synthetic_real_observed,3.4666666666666663
JAKARTA TIMUR,kota,DKI JAKARTA,2018,7,2018-07-01,99,0,3000000,0.2857142857142857,1.0,0.048683516572680434,0.8841311301096445,26.71,30.13,22.31,76.08,0.1,1.97,2.17,81.44,27.45,27.84,real_jakarta,not_synthetic_real_observed,3.3000000000000003
JAKARTA TIMUR,kota,DKI JAKARTA,2018,8,2018-08-01,50,0,3000000,0.2857142857142857,1.0,0.027506186863564444,0.6664392226068364,26.81,30.57,22.23,75.65,0.54,0.1,1.97,76.08,26.71,27.45,real_jakarta,not_synthetic_real_observed,1.6666666666666667
JAKARTA TIMUR,kota,DKI JAKARTA,2018,9,2018-09-01,22,0,3000000,0.2857142857142857,1.0,0.01789119234046006,0.6739202186998985,27.67,31.77,23.67,73.72,1.85,0.54,0.1,75.65,26.81,26.71,real_jakarta,not_synthetic_real_observed,0.7333333333333333
JAKARTA TIMUR,kota,DKI JAKARTA,2018,10,2018-10-01,25,0,3000000,0.2857142857142857,1.0,0.021826443263418396,0.7056667887705133,28.52,32.95,25.26,74.55,3.29,1.85,0.54,73.72,27.67,26.81,real_jakarta,not_synthetic_real_observed,0.8333333333333334
JAKARTA TIMUR,kota,DKI JAKARTA,2018,11,2018-11-01,28,0,3000000,0.2857142857142857,1.0,0.023286948760598808,0.8069065381330651,28.12,33.64,25.73,78.78,5.94,3.29,1.85,74.55,28.52,27.67,real_jakarta,not_synthetic_real_observed,0.9333333333333332
JAKARTA TIMUR,kota,DKI JAKARTA,2018,12,2018-12-01,49,0,3000000,0.2857142857142857,1.0,0.028236439612154652,0.9704677006504904,27.75,32.03,24.86,80.52,6.65,5.94,3.29,78.78,28.12,28.52,real_jakarta,not_synthetic_real_observed,1.633333333333333
JAKARTA TIMUR,kota,DKI JAKARTA,2019,1,2019-01-01,280,0,3000000,0.2857142857142857,1.0,0.10434500385411173,1.0171062078715283,27.32,31.21,25.05,83.93,13.54,6.65,5.94,80.52,27.75,28.12,real_jakarta,not_synthetic_real_observed,9.333333333333332
JAKARTA TIMUR,kota,DKI JAKARTA,2019,2,2019-02-01,458,2,3000000,0.2857142857142857,1.0,0.13298713943770538,1.2880382013892182,27.66,30.85,25.13,82.3,8.96,13.54,6.65,83.93,27.32,27.75,real_jakarta,not_synthetic_real_observed,15.266666666666667
JAKARTA TIMUR,kota,DKI JAKARTA,2019,3,2019-03-01,642,0,3000000,0.2857142857142857,1.0,0.19465292709643392,1.1255778498804445,27.65,31.26,24.6,81.75,8.07,8.96,13.54,82.3,27.66,27.32,real_jakarta,not_synthetic_real_observed,21.4
JAKARTA TIMUR,kota,DKI JAKARTA,2019,4,2019-04-01,434,0,3000000,0.2857142857142857,1.0,0.16191326220130633,1.085045976272789,28.18,31.05,25.56,82.84,8.43,8.07,8.96,81.75,27.65,27.66,real_jakarta,not_synthetic_real_observed,14.466666666666667
JAKARTA TIMUR,kota,DKI JAKARTA,2019,5,2019-05-01,621,0,3000000,0.2857142857142857,1.0,0.14970181346099234,1.1455843021617467,28.08,31.25,25.3,81.97,5.41,8.43,8.07,82.84,28.18,27.65,real_jakarta,not_synthetic_real_observed,20.7
JAKARTA TIMUR,kota,DKI JAKARTA,2019,6,2019-06-01,320,0,3000000,0.2857142857142857,1.0,0.08896912653657349,1.0289359504090954,27.39,30.74,23.63,79.4,1.21,5.41,8.43,81.97,28.08,28.18,real_jakarta,not_synthetic_real_observed,10.666666666666666
JAKARTA TIMUR,kota,DKI JAKARTA,2019,7,2019-07-01,127,0,3000000,0.2857142857142857,1.0,0.048683516572680434,0.8096767081476997,26.62,30.25,22.15,79.25,0.63,1.21,5.41,79.4,27.39,28.08,real_jakarta,not_synthetic_real_observed,4.233333333333333
JAKARTA TIMUR,kota,DKI JAKARTA,2019,8,2019-08-01,32,0,3000000,0.2857142857142857,1.0,0.027506186863564444,0.7542837491133607,26.57,30.27,22.22,76.2,0.24,0.63,1.21,79.25,26.62,27.39,real_jakarta,not_synthetic_real_observed,1.0666666666666667
JAKARTA TIMUR,kota,DKI JAKARTA,2019,9,2019-09-01,20,0,3000000,0.2857142857142857,1.0,0.01789119234046006,0.6673179151972449,27.51,32.52,22.73,73.31,0.13,0.24,0.63,76.2,26.57,26.62,real_jakarta,not_synthetic_real_observed,0.6666666666666666
JAKARTA TIMUR,kota,DKI JAKARTA,2019,10,2019-10-01,16,0,3000000,0.2857142857142857,1.0,0.021826443263418396,0.6366919190601571,28.68,34.16,24.46,71.5,2.06,0.13,0.24,73.31,27.51,26.57,real_jakarta,not_synthetic_real_observed,0.5333333333333333
JAKARTA TIMUR,kota,DKI JAKARTA,2019,11,2019-11-01,23,0,3000000,0.2857142857142857,1.0,0.023286948760598808,0.7038615601766741,28.7,33.25,24.92,74.45,4.98,2.06,0.13,71.5,28.68,27.51,real_jakarta,not_synthetic_real_observed,0.7666666666666667
JAKARTA TIMUR,kota,DKI JAKARTA,2019,12,2019-12-01,31,0,3000000,0.2857142857142857,1.0,0.028236439612154652,0.8636668512119979,28.23,32.16,25.76,79.68,8.45,4.98,2.06,74.45,28.7,28.68,real_jakarta,not_synthetic_real_observed,1.0333333333333332
JAKARTA TIMUR,kota,DKI JAKARTA,2020,1,2020-01-01,79,0,3000000,0.2857142857142857,1.0,0.10434500385411173,1.0728441921427212,27.49,30.71,25.01,84.41,12.47,8.45,4.98,79.68,28.23,28.7,real_jakarta,not_synthetic_real_observed,2.6333333333333333
JAKARTA TIMUR,kota,DKI JAKARTA,2020,2,2020-02-01,173,0,3000000,0.2857142857142857,1.0,0.13298713943770538,1.2746981010289198,27.38,30.84,25.45,85.87,20.58,12.47,8.45,84.41,27.49,28.23,real_jakarta,not_synthetic_real_observed,5.766666666666667
JAKARTA TIMUR,kota,DKI JAKARTA,2020,3,2020-03-01,418,0,3000000,0.2857142857142857,1.0,0.19465292709643392,1.5501529498616917,27.72,30.3,25.83,84.45,10.8,20.58,12.47,85.87,27.38,27.49,real_jakarta,not_synthetic_real_observed,13.933333333333332
JAKARTA TIMUR,kota,DKI JAKARTA,2020,4,2020-04-01,331,0,3000000,0.2857142857142857,1.0,0.16191326220130633,1.2353469217424102,27.98,31.33,25.64,83.46,6.87,10.8,20.58,84.45,27.72,27.38,real_jakarta,not_synthetic_real_observed,11.033333333333333
JAKARTA TIMUR,kota,DKI JAKARTA,2020,5,2020-05-01,270,1,3000000,0.2857142857142857,1.0,0.14970181346099234,1.1043039921063547,28.1,31.22,26.03,84.29,5.62,6.87,10.8,83.46,27.98,27.72,real_jakarta,not_synthetic_real_observed,9.0
JAKARTA TIMUR,kota,DKI JAKARTA,2020,6,2020-06-01,123,0,3000000,0.2857142857142857,1.0,0.08896912653657349,1.091662362923673,27.63,30.46,25.19,83.37,2.08,5.62,6.87,84.29,28.1,27.98,real_jakarta,not_synthetic_real_observed,4.1
JAKARTA TIMUR,kota,DKI JAKARTA,2020,7,2020-07-01,42,0,3000000,0.2857142857142857,1.0,0.048683516572680434,0.9416221686668034,27.16,30.0,23.89,81.58,2.79,2.08,5.62,83.37,27.63,28.1,real_jakarta,not_synthetic_real_observed,1.4
JAKARTA TIMUR,kota,DKI JAKARTA,2020,8,2020-08-01,25,0,3000000,0.2857142857142857,1.0,0.027506186863564444,0.8993942558905558,27.19,30.56,23.8,82.07,1.8,2.79,2.08,81.58,27.16,27.63,real_jakarta,not_synthetic_real_observed,0.8333333333333334
JAKARTA TIMUR,kota,DKI JAKARTA,2020,9,2020-09-01,15,0,3000000,0.2857142857142857,1.0,0.01789119234046006,0.8824864792976154,27.67,31.15,24.78,79.39,3.87,1.8,2.79,82.07,27.19,27.16,real_jakarta,not_synthetic_real_observed,0.5
JAKARTA TIMUR,kota,DKI JAKARTA,2020,10,2020-10-01,11,0,3000000,0.2857142857142857,1.0,0.021826443263418396,0.9023929232103547,27.69,31.38,25.34,81.25,6.64,3.87,1.8,79.39,27.67,27.19,real_jakarta,not_synthetic_real_observed,0.36666666666666664
JAKARTA TIMUR,kota,DKI JAKARTA,2020,11,2020-11-01,19,0,3000000,0.2857142857142857,1.0,0.023286948760598808,1.0315920296395806,27.85,31.59,24.93,81.3,7.96,6.64,3.87,81.25,27.69,27.67,real_jakarta,not_synthetic_real_observed,0.6333333333333333
JAKARTA TIMUR,kota,DKI JAKARTA,2020,12,2020-12-01,28,0,3000000,0.2857142857142857,1.0,0.028236439612154652,1.0798524953575268,26.95,30.34,24.6,85.2,7.41,7.96,6.64,81.3,27.85,27.69,real_jakarta,not_synthetic_real_observed,0.9333333333333332
JAKARTA UTARA,kota,DKI JAKARTA,2015,1,2015-01-01,56,0,1800000,0.17142857142857143,1.0,0.10434500385411173,1.2370903783593779,26.46,30.33,24.09,85.5,11.88,11.88,11.88,85.5,26.46,26.46,real_jakarta,not_synthetic_real_observed,3.111111111111111
JAKARTA UTARA,kota,DKI JAKARTA,2015,2,2015-02-01,89,1,1800000,0.17142857142857143,1.0,0.13298713943770538,1.2370903783593779,26.4,29.97,24.26,85.8,19.1,11.88,19.1,85.5,26.46,26.4,real_jakarta,not_synthetic_real_observed,4.944444444444445
JAKARTA UTARA,kota,DKI JAKARTA,2015,3,2015-03-01,100,0,1800000,0.17142857142857143,1.0,0.19465292709643392,1.460094633518782,27.01,31.32,24.36,83.57,9.22,19.1,11.88,85.8,26.4,26.46,real_jakarta,not_synthetic_real_observed,5.555555555555556
JAKARTA UTARA,kota,DKI JAKARTA,2015,4,2015-04-01,232,0,1800000,0.17142857142857143,1.0,0.16191326220130633,1.1349024900696865,27.54,31.16,24.84,82.29,6.37,9.22,19.1,83.57,27.01,26.4,real_jakarta,not_synthetic_real_observed,12.88888888888889
JAKARTA UTARA,kota,DKI JAKARTA,2015,5,2015-05-01,143,0,1800000,0.17142857142857143,1.0,0.14970181346099234,1.0416193144258792,27.5,30.73,24.01,82.94,3.17,6.37,9.22,82.29,27.54,27.01,real_jakarta,not_synthetic_real_observed,7.944444444444445
JAKARTA UTARA,kota,DKI JAKARTA,2015,6,2015-06-01,112,0,1800000,0.17142857142857143,1.0,0.08896912653657349,0.9585426402723974,27.19,30.56,23.39,81.07,1.51,3.17,6.37,82.94,27.5,27.54,real_jakarta,not_synthetic_real_observed,6.222222222222222
JAKARTA UTARA,kota,DKI JAKARTA,2015,7,2015-07-01,63,0,1800000,0.17142857142857143,1.0,0.048683516572680434,0.8497957707303331,26.72,30.26,23.28,80.57,0.47,1.51,3.17,81.07,27.19,27.5,real_jakarta,not_synthetic_real_observed,3.4999999999999996
JAKARTA UTARA,kota,DKI JAKARTA,2015,8,2015-08-01,46,0,1800000,0.17142857142857143,1.0,0.027506186863564444,0.7854571898141235,26.76,31.16,22.66,78.55,0.56,0.47,1.51,80.57,26.72,27.19,real_jakarta,not_synthetic_real_observed,2.5555555555555554
JAKARTA UTARA,kota,DKI JAKARTA,2015,9,2015-09-01,37,0,1800000,0.17142857142857143,1.0,0.01789119234046006,0.7416530970760207,27.61,32.62,23.3,73.1,0.25,0.56,0.47,78.55,26.76,26.72,real_jakarta,not_synthetic_real_observed,2.0555555555555554
JAKARTA UTARA,kota,DKI JAKARTA,2015,10,2015-10-01,28,0,1800000,0.17142857142857143,1.0,0.021826443263418396,0.6397499237072944,28.53,33.11,24.7,72.06,0.56,0.25,0.56,73.1,27.61,26.76,real_jakarta,not_synthetic_real_observed,1.5555555555555556
JAKARTA UTARA,kota,DKI JAKARTA,2015,11,2015-11-01,23,0,1800000,0.17142857142857143,1.0,0.023286948760598808,0.6651864019107179,28.75,33.27,25.7,75.69,4.34,0.56,0.25,72.06,28.53,27.61,real_jakarta,not_synthetic_real_observed,1.2777777777777777
JAKARTA UTARA,kota,DKI JAKARTA,2015,12,2015-12-01,39,0,1800000,0.17142857142857143,1.0,0.028236439612154652,0.8761766508840998,27.89,31.15,24.58,80.88,7.46,4.34,0.56,75.69,28.75,28.53,real_jakarta,not_synthetic_real_observed,2.1666666666666665
JAKARTA UTARA,kota,DKI JAKARTA,2016,1,2016-01-01,170,0,1800000,0.17142857142857143,1.0,0.10434500385411173,1.0564563125475401,28.07,31.91,24.94,81.38,7.06,7.46,4.34,80.88,27.89,28.75,real_jakarta,not_synthetic_real_observed,9.444444444444445
JAKARTA UTARA,kota,DKI JAKARTA,2016,2,2016-02-01,49,0,1800000,0.17142857142857143,1.0,0.13298713943770538,1.0643155719842348,27.35,31.29,25.13,85.23,17.96,7.06,7.46,81.38,28.07,27.89,real_jakarta,not_synthetic_real_observed,2.7222222222222223
JAKARTA UTARA,kota,DKI JAKARTA,2017,1,2017-01-01,94,0,1800000,0.17142857142857143,1.0,0.10434500385411173,1.0435660509186493,26.75,30.7,24.66,86.06,11.0,5.25,9.59,84.57,27.12,27.4,real_jakarta,not_synthetic_real_observed,5.222222222222222
JAKARTA UTARA,kota,DKI JAKARTA,2017,2,2017-02-01,54,0,1800000,0.17142857142857143,1.0,0.13298713943770538,1.236751574141012,26.6,29.79,24.49,87.06,19.52,11.0,5.25,86.06,26.75,27.12,real_jakarta,not_synthetic_real_observed,3.0
JAKARTA UTARA,kota,DKI JAKARTA,2017,3,2017-03-01,73,0,1800000,0.17142857142857143,1.0,0.19465292709643392,1.5118342332582049,27.15,30.37,24.74,83.89,7.38,19.52,11.0,87.06,26.6,26.75,real_jakarta,not_synthetic_real_observed,4.055555555555555
JAKARTA UTARA,kota,DKI JAKARTA,2017,4,2017-04-01,49,0,1800000,0.17142857142857143,1.0,0.16191326220130633,1.093099012683912,27.41,30.65,24.99,84.46,8.42,7.38,19.52,83.89,27.15,26.6,real_jakarta,not_synthetic_real_observed,2.7222222222222223
JAKARTA UTARA,kota,DKI JAKARTA,2017,5,2017-05-01,57,0,1800000,0.17142857142857143,1.0,0.14970181346099234,1.1497698105631287,27.79,30.93,24.56,82.47,4.54,8.42,7.38,84.46,27.41,27.15,real_jakarta,not_synthetic_real_observed,3.1666666666666665
JAKARTA UTARA,kota,DKI JAKARTA,2017,6,2017-06-01,23,0,1800000,0.17142857142857143,1.0,0.08896912653657349,1.0016637669952926,27.23,30.45,24.93,83.74,4.39,4.54,8.42,82.47,27.79,27.41,real_jakarta,not_synthetic_real_observed,1.2777777777777777
JAKARTA UTARA,kota,DKI JAKARTA,2017,7,2017-07-01,18,0,1800000,0.17142857142857143,1.0,0.048683516572680434,1.002584194419803,27.05,30.34,22.96,80.87,2.26,4.39,4.54,83.74,27.23,27.79,real_jakarta,not_synthetic_real_observed,1.0
JAKARTA UTARA,kota,DKI JAKARTA,2017,8,2017-08-01,11,0,1800000,0.17142857142857143,1.0,0.027506186863564444,0.8614822875016569,26.89,30.18,22.75,78.86,0.58,2.26,4.39,80.87,27.05,27.23,real_jakarta,not_synthetic_real_observed,0.6111111111111112
JAKARTA UTARA,kota,DKI JAKARTA,2017,9,2017-09-01,11,0,1800000,0.17142857142857143,1.0,0.01789119234046006,0.7554548464981516,27.52,31.77,23.87,77.46,1.98,0.58,2.26,78.86,26.89,27.05,real_jakarta,not_synthetic_real_observed,0.6111111111111112
JAKARTA UTARA,kota,DKI JAKARTA,2017,10,2017-10-01,53,0,1800000,0.17142857142857143,1.0,0.021826443263418396,0.7923682497742783,28.07,31.68,25.64,79.79,6.99,1.98,0.58,77.46,27.52,26.89,real_jakarta,not_synthetic_real_observed,2.9444444444444446
JAKARTA UTARA,kota,DKI JAKARTA,2017,11,2017-11-01,48,0,1800000,0.17142857142857143,1.0,0.023286948760598808,1.0241732127438274,27.95,31.69,25.34,80.72,11.01,6.99,1.98,79.79,28.07,27.52,real_jakarta,not_synthetic_real_observed,2.6666666666666665
JAKARTA UTARA,kota,DKI JAKARTA,2017,12,2017-12-01,27,0,1800000,0.17142857142857143,1.0,0.028236439612154652,1.162732810496613,27.14,31.45,24.44,84.11,7.79,11.01,6.99,80.72,27.95,28.07,real_jakarta,not_synthetic_real_observed,1.5
JAKARTA UTARA,kota,DKI JAKARTA,2018,1,2018-01-01,25,0,1800000,0.17142857142857143,1.0,0.10434500385411173,1.1103231790216648,26.98,30.56,24.87,84.63,6.49,7.79,11.01,84.11,27.14,27.95,real_jakarta,not_synthetic_real_observed,1.388888888888889
JAKARTA UTARA,kota,DKI JAKARTA,2018,2,2018-02-01,24,0,1800000,0.17142857142857143,1.0,0.13298713943770538,1.0762992002846345,26.6,29.32,24.28,86.64,16.07,6.49,7.79,84.63,26.98,27.14,real_jakarta,not_synthetic_real_observed,1.3333333333333333
JAKARTA UTARA,kota,DKI JAKARTA,2018,3,2018-03-01,40,0,1800000,0.17142857142857143,1.0,0.19465292709643392,1.3973827502870335,27.38,31.25,24.66,82.83,10.07,16.07,6.49,86.64,26.6,26.98,real_jakarta,not_synthetic_real_observed,2.2222222222222223
JAKARTA UTARA,kota,DKI JAKARTA,2018,4,2018-04-01,31,0,1800000,0.17142857142857143,1.0,0.16191326220130633,1.1593887276588244,27.85,30.69,25.38,82.7,5.66,10.07,16.07,82.83,27.38,26.6,real_jakarta,not_synthetic_real_observed,1.7222222222222223
JAKARTA UTARA,kota,DKI JAKARTA,2018,5,2018-05-01,41,0,1800000,0.17142857142857143,1.0,0.14970181346099234,1.0437277534357612,27.84,31.1,25.15,82.52,2.17,5.66,10.07,82.7,27.85,27.38,real_jakarta,not_synthetic_real_observed,2.2777777777777777
JAKARTA UTARA,kota,DKI JAKARTA,2018,6,2018-06-01,24,0,1800000,0.17142857142857143,1.0,0.08896912653657349,0.9333603661551761,27.45,30.55,24.08,81.44,1.97,2.17,5.66,82.52,27.84,27.85,real_jakarta,not_synthetic_real_observed,1.3333333333333333
JAKARTA UTARA,kota,DKI JAKARTA,2018,7,2018-07-01,20,0,1800000,0.17142857142857143,1.0,0.048683516572680434,0.8841311301096445,26.71,30.13,22.31,76.08,0.1,1.97,2.17,81.44,27.45,27.84,real_jakarta,not_synthetic_real_observed,1.1111111111111112
JAKARTA UTARA,kota,DKI JAKARTA,2018,8,2018-08-01,20,0,1800000,0.17142857142857143,1.0,0.027506186863564444,0.6664392226068364,26.81,30.57,22.23,75.65,0.54,0.1,1.97,76.08,26.71,27.45,real_jakarta,not_synthetic_real_observed,1.1111111111111112
JAKARTA UTARA,kota,DKI JAKARTA,2018,9,2018-09-01,15,0,1800000,0.17142857142857143,1.0,0.01789119234046006,0.6739202186998985,27.67,31.77,23.67,73.72,1.85,0.54,0.1,75.65,26.81,26.71,real_jakarta,not_synthetic_real_observed,0.8333333333333334
JAKARTA UTARA,kota,DKI JAKARTA,2018,10,2018-10-01,12,0,1800000,0.17142857142857143,1.0,0.021826443263418396,0.7056667887705133,28.52,32.95,25.26,74.55,3.29,1.85,0.54,73.72,27.67,26.81,real_jakarta,not_synthetic_real_observed,0.6666666666666666
JAKARTA UTARA,kota,DKI JAKARTA,2018,11,2018-11-01,8,0,1800000,0.17142857142857143,1.0,0.023286948760598808,0.8069065381330651,28.12,33.64,25.73,78.78,5.94,3.29,1.85,74.55,28.52,27.67,real_jakarta,not_synthetic_real_observed,0.4444444444444444
JAKARTA UTARA,kota,DKI JAKARTA,2018,12,2018-12-01,11,0,1800000,0.17142857142857143,1.0,0.028236439612154652,0.9704677006504904,27.75,32.03,24.86,80.52,6.65,5.94,3.29,78.78,28.12,28.52,real_jakarta,not_synthetic_real_observed,0.6111111111111112
JAKARTA UTARA,kota,DKI JAKARTA,2019,1,2019-01-01,72,0,1800000,0.17142857142857143,1.0,0.10434500385411173,1.0171062078715283,27.32,31.21,25.05,83.93,13.54,6.65,5.94,80.52,27.75,28.12,real_jakarta,not_synthetic_real_observed,4.0
JAKARTA UTARA,kota,DKI JAKARTA,2019,2,2019-02-01,156,0,1800000,0.17142857142857143,1.0,0.13298713943770538,1.2880382013892182,27.66,30.85,25.13,82.3,8.96,13.54,6.65,83.93,27.32,27.75,real_jakarta,not_synthetic_real_observed,8.666666666666666
JAKARTA UTARA,kota,DKI JAKARTA,2019,3,2019-03-01,221,0,1800000,0.17142857142857143,1.0,0.19465292709643392,1.1255778498804445,27.65,31.26,24.6,81.75,8.07,8.96,13.54,82.3,27.66,27.32,real_jakarta,not_synthetic_real_observed,12.277777777777779
JAKARTA UTARA,kota,DKI JAKARTA,2019,4,2019-04-01,118,0,1800000,0.17142857142857143,1.0,0.16191326220130633,1.085045976272789,28.18,31.05,25.56,82.84,8.43,8.07,8.96,81.75,27.65,27.66,real_jakarta,not_synthetic_real_observed,6.555555555555555
JAKARTA UTARA,kota,DKI JAKARTA,2019,5,2019-05-01,144,0,1800000,0.17142857142857143,1.0,0.14970181346099234,1.1455843021617467,28.08,31.25,25.3,81.97,5.41,8.43,8.07,82.84,28.18,27.65,real_jakarta,not_synthetic_real_observed,8.0
JAKARTA UTARA,kota,DKI JAKARTA,2019,6,2019-06-01,116,0,1800000,0.17142857142857143,1.0,0.08896912653657349,1.0289359504090954,27.39,30.74,23.63,79.4,1.21,5.41,8.43,81.97,28.08,28.18,real_jakarta,not_synthetic_real_observed,6.444444444444445
JAKARTA UTARA,kota,DKI JAKARTA,2019,7,2019-07-01,28,0,1800000,0.17142857142857143,1.0,0.048683516572680434,0.8096767081476997,26.62,30.25,22.15,79.25,0.63,1.21,5.41,79.4,27.39,28.08,real_jakarta,not_synthetic_real_observed,1.5555555555555556
JAKARTA UTARA,kota,DKI JAKARTA,2019,8,2019-08-01,20,0,1800000,0.17142857142857143,1.0,0.027506186863564444,0.7542837491133607,26.57,30.27,22.22,76.2,0.24,0.63,1.21,79.25,26.62,27.39,real_jakarta,not_synthetic_real_observed,1.1111111111111112
JAKARTA UTARA,kota,DKI JAKARTA,2019,9,2019-09-01,6,0,1800000,0.17142857142857143,1.0,0.01789119234046006,0.6673179151972449,27.51,32.52,22.73,73.31,0.13,0.24,0.63,76.2,26.57,26.62,real_jakarta,not_synthetic_real_observed,0.3333333333333333
JAKARTA UTARA,kota,DKI JAKARTA,2019,10,2019-10-01,10,0,1800000,0.17142857142857143,1.0,0.021826443263418396,0.6366919190601571,28.68,34.16,24.46,71.5,2.06,0.13,0.24,73.31,27.51,26.57,real_jakarta,not_synthetic_real_observed,0.5555555555555556
JAKARTA UTARA,kota,DKI JAKARTA,2019,11,2019-11-01,10,0,1800000,0.17142857142857143,1.0,0.023286948760598808,0.7038615601766741,28.7,33.25,24.92,74.45,4.98,2.06,0.13,71.5,28.68,27.51,real_jakarta,not_synthetic_real_observed,0.5555555555555556
JAKARTA UTARA,kota,DKI JAKARTA,2019,12,2019-12-01,21,0,1800000,0.17142857142857143,1.0,0.028236439612154652,0.8636668512119979,28.23,32.16,25.76,79.68,8.45,4.98,2.06,74.45,28.7,28.68,real_jakarta,not_synthetic_real_observed,1.1666666666666665
JAKARTA UTARA,kota,DKI JAKARTA,2020,1,2020-01-01,43,0,1800000,0.17142857142857143,1.0,0.10434500385411173,1.0728441921427212,27.49,30.71,25.01,84.41,12.47,8.45,4.98,79.68,28.23,28.7,real_jakarta,not_synthetic_real_observed,2.388888888888889
JAKARTA UTARA,kota,DKI JAKARTA,2020,2,2020-02-01,62,0,1800000,0.17142857142857143,1.0,0.13298713943770538,1.2746981010289198,27.38,30.84,25.45,85.87,20.58,12.47,8.45,84.41,27.49,28.23,real_jakarta,not_synthetic_real_observed,3.4444444444444446
JAKARTA UTARA,kota,DKI JAKARTA,2020,3,2020-03-01,130,0,1800000,0.17142857142857143,1.0,0.19465292709643392,1.5501529498616917,27.72,30.3,25.83,84.45,10.8,20.58,12.47,85.87,27.38,27.49,real_jakarta,not_synthetic_real_observed,7.222222222222222
JAKARTA UTARA,kota,DKI JAKARTA,2020,4,2020-04-01,142,0,1800000,0.17142857142857143,1.0,0.16191326220130633,1.2353469217424102,27.98,31.33,25.64,83.46,6.87,10.8,20.58,84.45,27.72,27.38,real_jakarta,not_synthetic_real_observed,7.888888888888889
JAKARTA UTARA,kota,DKI JAKARTA,2020,5,2020-05-01,80,0,1800000,0.17142857142857143,1.0,0.14970181346099234,1.1043039921063547,28.1,31.22,26.03,84.29,5.62,6.87,10.8,83.46,27.98,27.72,real_jakarta,not_synthetic_real_observed,4.444444444444445
JAKARTA UTARA,kota,DKI JAKARTA,2020,6,2020-06-01,38,0,1800000,0.17142857142857143,1.0,0.08896912653657349,1.091662362923673,27.63,30.46,25.19,83.37,2.08,5.62,6.87,84.29,28.1,27.98,real_jakarta,not_synthetic_real_observed,2.111111111111111
JAKARTA UTARA,kota,DKI JAKARTA,2020,7,2020-07-01,23,0,1800000,0.17142857142857143,1.0,0.048683516572680434,0.9416221686668034,27.16,30.0,23.89,81.58,2.79,2.08,5.62,83.37,27.63,28.1,real_jakarta,not_synthetic_real_observed,1.2777777777777777
JAKARTA UTARA,kota,DKI JAKARTA,2020,8,2020-08-01,9,0,1800000,0.17142857142857143,1.0,0.027506186863564444,0.8993942558905558,27.19,30.56,23.8,82.07,1.8,2.79,2.08,81.58,27.16,27.63,real_jakarta,not_synthetic_real_observed,0.5
JAKARTA UTARA,kota,DKI JAKARTA,2020,9,2020-09-01,4,0,1800000,0.17142857142857143,1.0,0.01789119234046006,0.8824864792976154,27.67,31.15,24.78,79.39,3.87,1.8,2.79,82.07,27.19,27.16,real_jakarta,not_synthetic_real_observed,0.2222222222222222
JAKARTA UTARA,kota,DKI JAKARTA,2020,10,2020-10-01,3,0,1800000,0.17142857142857143,1.0,0.021826443263418396,0.9023929232103547,27.69,31.38,25.34,81.25,6.64,3.87,1.8,79.39,27.67,27.19,real_jakarta,not_synthetic_real_observed,0.16666666666666666
JAKARTA UTARA,kota,DKI JAKARTA,2020,11,2020-11-01,4,0,1800000,0.17142857142857143,1.0,0.023286948760598808,1.0315920296395806,27.85,31.59,24.93,81.3,7.96,6.64,3.87,81.25,27.69,27.67,real_jakarta,not_synthetic_real_observed,0.2222222222222222
JAKARTA UTARA,kota,DKI JAKARTA,2020,12,2020-12-01,4,0,1800000,0.17142857142857143,1.0,0.028236439612154652,1.0798524953575268,26.95,30.34,24.6,85.2,7.41,7.96,6.64,81.3,27.85,27.69,real_jakarta,not_synthetic_real_observed,0.2222222222222222
KABUPATEN KEPULAUAN SERIBU,kabupaten,DKI JAKARTA,2015,1,2015-01-01,0,0,30000,0.002857142857142857,1.0,0.10434500385411173,1.2616760826822127,26.43,29.36,24.28,85.04,13.1,13.1,13.1,85.04,26.43,26.43,real_jakarta,not_synthetic_real_observed,0.0
KABUPATEN KEPULAUAN SERIBU,kabupaten,DKI JAKARTA,2015,2,2015-02-01,1,0,30000,0.002857142857142857,1.0,0.13298713943770538,1.2616760826822127,26.42,29.69,24.23,84.88,19.72,13.1,19.72,85.04,26.43,26.42,real_jakarta,not_synthetic_real_observed,3.3333333333333335
KABUPATEN KEPULAUAN SERIBU,kabupaten,DKI JAKARTA,2015,3,2015-03-01,0,0,30000,0.002857142857142857,1.0,0.19465292709643392,1.4577461229630888,26.95,30.71,24.47,83.36,9.76,19.72,13.1,84.88,26.42,26.43,real_jakarta,not_synthetic_real_observed,0.0
KABUPATEN KEPULAUAN SERIBU,kabupaten,DKI JAKARTA,2015,4,2015-04-01,4,2,30000,0.002857142857142857,1.0,0.16191326220130633,1.1435534065824495,27.31,30.98,25.0,83.08,6.42,9.76,19.72,83.36,26.95,26.42,real_jakarta,not_synthetic_real_observed,13.333333333333334
KABUPATEN KEPULAUAN SERIBU,kabupaten,DKI JAKARTA,2015,5,2015-05-01,4,0,30000,0.002857142857142857,1.0,0.14970181346099234,1.051793379274294,27.48,30.61,24.27,82.22,2.79,6.42,9.76,83.08,27.31,26.95,real_jakarta,not_synthetic_real_observed,13.333333333333334
KABUPATEN KEPULAUAN SERIBU,kabupaten,DKI JAKARTA,2015,6,2015-06-01,0,0,30000,0.002857142857142857,1.0,0.08896912653657349,0.9289346063646886,27.25,30.46,23.9,80.28,2.39,2.79,6.42,82.22,27.48,27.31,real_jakarta,not_synthetic_real_observed,0.0
KABUPATEN KEPULAUAN SERIBU,kabupaten,DKI JAKARTA,2015,7,2015-07-01,1,0,30000,0.002857142857142857,1.0,0.048683516572680434,0.8602039109852079,26.6,30.11,23.14,80.76,0.8,2.39,2.79,80.28,27.25,27.48,real_jakarta,not_synthetic_real_observed,3.3333333333333335
KABUPATEN KEPULAUAN SERIBU,kabupaten,DKI JAKARTA,2015,8,2015-08-01,0,0,30000,0.002857142857142857,1.0,0.027506186863564444,0.7946495612125122,26.84,31.46,22.89,77.82,0.83,0.8,2.39,80.76,26.6,27.25,real_jakarta,not_synthetic_real_observed,0.0
KABUPATEN KEPULAUAN SERIBU,kabupaten,DKI JAKARTA,2015,9,2015-09-01,0,0,30000,0.002857142857142857,1.0,0.01789119234046006,0.7359253552821702,27.64,32.82,23.27,72.24,0.44,0.83,0.8,77.82,26.84,26.6,real_jakarta,not_synthetic_real_observed,0.0
KABUPATEN KEPULAUAN SERIBU,kabupaten,DKI JAKARTA,2015,10,2015-10-01,0,0,30000,0.002857142857142857,1.0,0.021826443263418396,0.6262680275215209,28.5,33.48,24.46,71.74,0.83,0.44,0.83,72.24,27.64,26.84,real_jakarta,not_synthetic_real_observed,0.0
KABUPATEN KEPULAUAN SERIBU,kabupaten,DKI JAKARTA,2015,11,2015-11-01,0,0,30000,0.002857142857142857,1.0,0.023286948760598808,0.6643702571635148,28.65,33.15,25.58,75.36,5.05,0.83,0.44,71.74,28.5,27.64,real_jakarta,not_synthetic_real_observed,0.0
KABUPATEN KEPULAUAN SERIBU,kabupaten,DKI JAKARTA,2015,12,2015-12-01,0,0,30000,0.002857142857142857,1.0,0.028236439612154652,0.885323159797432,27.71,31.05,24.91,81.15,8.01,5.05,0.83,75.36,28.65,28.5,real_jakarta,not_synthetic_real_observed,0.0
KABUPATEN KEPULAUAN SERIBU,kabupaten,DKI JAKARTA,2016,1,2016-01-01,0,0,30000,0.002857142857142857,1.0,0.10434500385411173,1.0715506192930038,27.9,31.65,24.85,81.97,6.63,8.01,5.05,81.15,27.71,28.65,real_jakarta,not_synthetic_real_observed,0.0
KABUPATEN KEPULAUAN SERIBU,kabupaten,DKI JAKARTA,2016,2,2016-02-01,0,0,30000,0.002857142857142857,1.0,0.13298713943770538,1.0578495842040365,27.28,30.98,24.99,84.81,19.22,6.63,8.01,81.97,27.9,27.71,real_jakarta,not_synthetic_real_observed,0.0
KABUPATEN KEPULAUAN SERIBU,kabupaten,DKI JAKARTA,2017,1,2017-01-01,0,0,30000,0.002857142857142857,1.0,0.10434500385411173,1.024477370889507,26.76,30.18,24.93,85.25,10.77,5.07,9.39,84.26,26.98,27.15,real_jakarta,not_synthetic_real_observed,0.0
KABUPATEN KEPULAUAN SERIBU,kabupaten,DKI JAKARTA,2017,2,2017-02-01,1,0,30000,0.002857142857142857,1.0,0.13298713943770538,1.210865236303586,26.58,29.16,24.74,86.62,23.89,10.77,5.07,85.25,26.76,26.98,real_jakarta,not_synthetic_real_observed,3.3333333333333335
KABUPATEN KEPULAUAN SERIBU,kabupaten,DKI JAKARTA,2017,3,2017-03-01,0,0,30000,0.002857142857142857,1.0,0.19465292709643392,1.6,27.06,29.84,24.79,83.59,7.16,23.89,10.77,86.62,26.58,26.76,real_jakarta,not_synthetic_real_observed,0.0
KABUPATEN KEPULAUAN SERIBU,kabupaten,DKI JAKARTA,2017,4,2017-04-01,0,0,30000,0.002857142857142857,1.0,0.16191326220130633,1.0752631926580716,27.1,30.44,25.0,85.27,7.59,7.16,23.89,83.59,27.06,26.58,real_jakarta,not_synthetic_real_observed,0.0
KABUPATEN KEPULAUAN SERIBU,kabupaten,DKI JAKARTA,2017,5,2017-05-01,0,0,30000,0.002857142857142857,1.0,0.14970181346099234,1.1302319274724242,27.7,30.89,24.68,82.48,6.7,7.59,7.16,85.27,27.1,27.06,real_jakarta,not_synthetic_real_observed,0.0
KABUPATEN KEPULAUAN SERIBU,kabupaten,DKI JAKARTA,2017,6,2017-06-01,0,0,30000,0.002857142857142857,1.0,0.08896912653657349,1.06326741024724,27.1,30.4,24.38,83.63,5.47,6.7,7.59,82.48,27.7,27.1,real_jakarta,not_synthetic_real_observed,0.0
KABUPATEN KEPULAUAN SERIBU,kabupaten,DKI JAKARTA,2017,7,2017-07-01,0,0,30000,0.002857142857142857,1.0,0.048683516572680434,1.0268546542426997,26.94,30.03,23.41,81.21,3.9,5.47,6.7,83.63,27.1,27.7,real_jakarta,not_synthetic_real_observed,0.0
KABUPATEN KEPULAUAN SERIBU,kabupaten,DKI JAKARTA,2017,8,2017-08-01,0,0,30000,0.002857142857142857,1.0,0.027506186863564444,0.9143512281565287,26.8,30.05,23.39,79.07,1.12,3.9,5.47,81.21,26.94,27.1,real_jakarta,not_synthetic_real_observed,0.0
KABUPATEN KEPULAUAN SERIBU,kabupaten,DKI JAKARTA,2017,9,2017-09-01,0,0,30000,0.002857142857142857,1.0,0.01789119234046006,0.7728152827898734,27.3,31.37,23.88,78.76,3.11,1.12,3.9,79.07,26.8,26.94,real_jakarta,not_synthetic_real_observed,0.0
KABUPATEN KEPULAUAN SERIBU,kabupaten,DKI JAKARTA,2017,10,2017-10-01,0,0,30000,0.002857142857142857,1.0,0.021826443263418396,0.847867584853459,27.71,31.49,24.95,81.3,6.18,3.11,1.12,78.76,27.3,26.8,real_jakarta,not_synthetic_real_observed,0.0
KABUPATEN KEPULAUAN SERIBU,kabupaten,DKI JAKARTA,2017,11,2017-11-01,0,0,30000,0.002857142857142857,1.0,0.023286948760598808,1.019756456364662,27.61,31.23,24.96,82.15,10.52,6.18,3.11,81.3,27.71,27.3,real_jakarta,not_synthetic_real_observed,0.0
KABUPATEN KEPULAUAN SERIBU,kabupaten,DKI JAKARTA,2017,12,2017-12-01,0,0,30000,0.002857142857142857,1.0,0.028236439612154652,1.1669767607254866,26.97,30.43,24.64,84.15,9.32,10.52,6.18,82.15,27.61,27.71,real_jakarta,not_synthetic_real_observed,0.0
KABUPATEN KEPULAUAN SERIBU,kabupaten,DKI JAKARTA,2018,1,2018-01-01,0,0,30000,0.002857142857142857,1.0,0.10434500385411173,1.1500197738261644,26.89,29.84,24.91,84.24,6.66,9.32,10.52,84.15,26.97,27.61,real_jakarta,not_synthetic_real_observed,0.0
KABUPATEN KEPULAUAN SERIBU,kabupaten,DKI JAKARTA,2018,2,2018-02-01,0,0,30000,0.002857142857142857,1.0,0.13298713943770538,1.068113659385903,26.61,29.2,24.6,85.65,17.62,6.66,9.32,84.24,26.89,26.97,real_jakarta,not_synthetic_real_observed,0.0
KABUPATEN KEPULAUAN SERIBU,kabupaten,DKI JAKARTA,2018,3,2018-03-01,0,0,30000,0.002857142857142857,1.0,0.19465292709643392,1.4210599913675201,27.23,30.51,24.89,82.61,10.94,17.62,6.66,85.65,26.61,26.89,real_jakarta,not_synthetic_real_observed,0.0
KABUPATEN KEPULAUAN SERIBU,kabupaten,DKI JAKARTA,2018,4,2018-04-01,0,0,30000,0.002857142857142857,1.0,0.16191326220130633,1.1737836709574752,27.7,30.7,25.31,82.66,9.03,10.94,17.62,82.61,27.23,26.61,real_jakarta,not_synthetic_real_observed,0.0
KABUPATEN KEPULAUAN SERIBU,kabupaten,DKI JAKARTA,2018,5,2018-05-01,0,0,30000,0.002857142857142857,1.0,0.14970181346099234,1.138084846257117,27.73,30.8,24.94,82.7,2.61,9.03,10.94,82.66,27.7,27.23,real_jakarta,not_synthetic_real_observed,0.0
KABUPATEN KEPULAUAN SERIBU,kabupaten,DKI JAKARTA,2018,6,2018-06-01,4,0,30000,0.002857142857142857,1.0,0.08896912653657349,0.9460873728016436,27.34,30.58,24.11,81.58,3.21,2.61,9.03,82.7,27.73,27.7,real_jakarta,not_synthetic_real_observed,13.333333333333334
KABUPATEN KEPULAUAN SERIBU,kabupaten,DKI JAKARTA,2018,7,2018-07-01,1,0,30000,0.002857142857142857,1.0,0.048683516572680434,0.9201119759840759,26.66,30.1,22.54,76.07,0.18,3.21,2.61,81.58,27.34,27.73,real_jakarta,not_synthetic_real_observed,3.3333333333333335
KABUPATEN KEPULAUAN SERIBU,kabupaten,DKI JAKARTA,2018,8,2018-08-01,0,0,30000,0.002857142857142857,1.0,0.027506186863564444,0.6663968834300815,26.73,30.57,22.78,75.8,0.9,0.18,3.21,76.07,26.66,27.34,real_jakarta,not_synthetic_real_observed,0.0
KABUPATEN KEPULAUAN SERIBU,kabupaten,DKI JAKARTA,2018,9,2018-09-01,1,0,30000,0.002857142857142857,1.0,0.01789119234046006,0.684843292618487,27.33,31.44,23.45,75.02,2.46,0.9,0.18,75.8,26.73,26.66,real_jakarta,not_synthetic_real_observed,3.3333333333333335
KABUPATEN KEPULAUAN SERIBU,kabupaten,DKI JAKARTA,2018,10,2018-10-01,1,0,30000,0.002857142857142857,1.0,0.021826443263418396,0.7400911854947263,28.2,32.58,25.2,75.84,3.62,2.46,0.9,75.02,27.33,26.73,real_jakarta,not_synthetic_real_observed,3.3333333333333335
KABUPATEN KEPULAUAN SERIBU,kabupaten,DKI JAKARTA,2018,11,2018-11-01,1,0,30000,0.002857142857142857,1.0,0.023286948760598808,0.8335078393473365,27.82,32.6,25.26,80.05,7.26,3.62,2.46,75.84,28.2,27.33,real_jakarta,not_synthetic_real_observed,3.3333333333333335
KABUPATEN KEPULAUAN SERIBU,kabupaten,DKI JAKARTA,2018,12,2018-12-01,0,0,30000,0.002857142857142857,1.0,0.028236439612154652,1.0274407982719649,27.38,31.44,24.78,81.65,6.5,7.26,3.62,80.05,27.82,28.2,real_jakarta,not_synthetic_real_observed,0.0
KABUPATEN KEPULAUAN SERIBU,kabupaten,DKI JAKARTA,2019,1,2019-01-01,1,0,30000,0.002857142857142857,1.0,0.10434500385411173,1.0231307134511538,27.23,30.51,24.95,83.93,12.85,6.5,7.26,81.65,27.38,27.82,real_jakarta,not_synthetic_real_observed,3.3333333333333335
KABUPATEN KEPULAUAN SERIBU,kabupaten,DKI JAKARTA,2019,2,2019-02-01,1,0,30000,0.002857142857142857,1.0,0.13298713943770538,1.2631530914238842,27.48,30.43,25.21,82.62,8.25,12.85,6.5,83.93,27.23,27.38,real_jakarta,not_synthetic_real_observed,3.3333333333333335
KABUPATEN KEPULAUAN SERIBU,kabupaten,DKI JAKARTA,2019,3,2019-03-01,0,0,30000,0.002857142857142857,1.0,0.19465292709643392,1.1037364722183922,27.38,30.66,24.85,82.73,9.81,8.25,12.85,82.62,27.48,27.23,real_jakarta,not_synthetic_real_observed,0.0
KABUPATEN KEPULAUAN SERIBU,kabupaten,DKI JAKARTA,2019,4,2019-04-01,0,0,30000,0.002857142857142857,1.0,0.16191326220130633,1.1491288990287825,28.08,31.25,25.47,82.81,7.82,9.81,8.25,82.73,27.38,27.48,real_jakarta,not_synthetic_real_observed,0.0
KABUPATEN KEPULAUAN SERIBU,kabupaten,DKI JAKARTA,2019,5,2019-05-01,0,0,30000,0.002857142857142857,1.0,0.14970181346099234,1.1219579535714432,28.08,30.9,25.54,81.44,4.96,7.82,9.81,82.81,28.08,27.38,real_jakarta,not_synthetic_real_observed,0.0
KABUPATEN KEPULAUAN SERIBU,kabupaten,DKI JAKARTA,2019,6,2019-06-01,0,0,30000,0.002857142857142857,1.0,0.08896912653657349,1.0026429418457825,27.41,30.72,23.69,78.69,1.71,4.96,7.82,81.44,28.08,28.08,real_jakarta,not_synthetic_real_observed,0.0
KABUPATEN KEPULAUAN SERIBU,kabupaten,DKI JAKARTA,2019,7,2019-07-01,0,0,30000,0.002857142857142857,1.0,0.048683516572680434,0.8087186659530727,26.76,30.17,23.01,77.96,1.18,1.71,4.96,78.69,27.41,28.08,real_jakarta,not_synthetic_real_observed,0.0
KABUPATEN KEPULAUAN SERIBU,kabupaten,DKI JAKARTA,2019,8,2019-08-01,0,0,30000,0.002857142857142857,1.0,0.027506186863564444,0.7463066546683738,26.57,30.44,22.18,75.81,0.38,1.18,1.71,77.96,26.76,27.41,real_jakarta,not_synthetic_real_observed,0.0
KABUPATEN KEPULAUAN SERIBU,kabupaten,DKI JAKARTA,2019,9,2019-09-01,0,0,30000,0.002857142857142857,1.0,0.01789119234046006,0.6622281093859862,27.5,32.4,22.41,72.92,0.24,0.38,1.18,75.81,26.57,26.76,real_jakarta,not_synthetic_real_observed,0.0
KABUPATEN KEPULAUAN SERIBU,kabupaten,DKI JAKARTA,2019,10,2019-10-01,2,0,30000,0.002857142857142857,1.0,0.021826443263418396,0.630249375328167,28.4,34.2,23.93,72.32,2.57,0.24,0.38,72.92,27.5,26.57,real_jakarta,not_synthetic_real_observed,6.666666666666667
KABUPATEN KEPULAUAN SERIBU,kabupaten,DKI JAKARTA,2019,11,2019-11-01,2,0,30000,0.002857142857142857,1.0,0.023286948760598808,0.7264498110035311,28.67,34.38,24.44,73.16,3.61,2.57,0.24,72.32,28.4,27.5,real_jakarta,not_synthetic_real_observed,6.666666666666667
KABUPATEN KEPULAUAN SERIBU,kabupaten,DKI JAKARTA,2019,12,2019-12-01,0,0,30000,0.002857142857142857,1.0,0.028236439612154652,0.7900223529787678,28.22,32.49,25.67,78.99,9.23,3.61,2.57,73.16,28.67,28.4,real_jakarta,not_synthetic_real_observed,0.0
KABUPATEN KEPULAUAN SERIBU,kabupaten,DKI JAKARTA,2020,1,2020-01-01,4,0,30000,0.002857142857142857,1.0,0.10434500385411173,1.079503542482964,27.44,30.24,25.18,84.33,15.38,9.23,3.61,78.99,28.22,28.67,real_jakarta,not_synthetic_real_observed,13.333333333333334
KABUPATEN KEPULAUAN SERIBU,kabupaten,DKI JAKARTA,2020,2,2020-02-01,1,0,30000,0.002857142857142857,1.0,0.13298713943770538,1.3586261000501878,27.28,30.49,25.36,85.99,19.29,15.38,9.23,84.33,27.44,28.22,real_jakarta,not_synthetic_real_observed,3.3333333333333335
KABUPATEN KEPULAUAN SERIBU,kabupaten,DKI JAKARTA,2020,3,2020-03-01,0,0,30000,0.002857142857142857,1.0,0.19465292709643392,1.509534912106297,27.61,30.26,25.47,84.68,12.12,19.29,15.38,85.99,27.28,27.44,real_jakarta,not_synthetic_real_observed,0.0
KABUPATEN KEPULAUAN SERIBU,kabupaten,DKI JAKARTA,2020,4,2020-04-01,0,0,30000,0.002857142857142857,1.0,0.16191326220130633,1.2759011082016707,27.9,31.4,25.44,83.39,7.38,12.12,19.29,84.68,27.61,27.28,real_jakarta,not_synthetic_real_observed,0.0
KABUPATEN KEPULAUAN SERIBU,kabupaten,DKI JAKARTA,2020,5,2020-05-01,0,0,30000,0.002857142857142857,1.0,0.14970181346099234,1.1145053439580395,27.9,30.54,25.77,84.77,6.55,7.38,12.12,83.39,27.9,27.61,real_jakarta,not_synthetic_real_observed,0.0
KABUPATEN KEPULAUAN SERIBU,kabupaten,DKI JAKARTA,2020,6,2020-06-01,0,0,30000,0.002857142857142857,1.0,0.08896912653657349,1.1223889537604101,27.4,30.61,25.17,83.49,2.83,6.55,7.38,84.77,27.9,27.9,real_jakarta,not_synthetic_real_observed,0.0
KABUPATEN KEPULAUAN SERIBU,kabupaten,DKI JAKARTA,2020,7,2020-07-01,0,0,30000,0.002857142857142857,1.0,0.048683516572680434,0.9569576781546822,27.08,30.19,23.9,81.62,3.47,2.83,6.55,83.49,27.4,27.9,real_jakarta,not_synthetic_real_observed,0.0
KABUPATEN KEPULAUAN SERIBU,kabupaten,DKI JAKARTA,2020,8,2020-08-01,0,0,30000,0.002857142857142857,1.0,0.027506186863564444,0.917370908838298,27.13,30.49,23.28,81.88,3.91,3.47,2.83,81.62,27.08,27.4,real_jakarta,not_synthetic_real_observed,0.0
KABUPATEN KEPULAUAN SERIBU,kabupaten,DKI JAKARTA,2020,9,2020-09-01,0,0,30000,0.002857142857142857,1.0,0.01789119234046006,0.9391286269038769,27.43,30.75,24.36,80.29,4.66,3.91,3.47,81.88,27.13,27.08,real_jakarta,not_synthetic_real_observed,0.0
KABUPATEN KEPULAUAN SERIBU,kabupaten,DKI JAKARTA,2020,10,2020-10-01,0,0,30000,0.002857142857142857,1.0,0.021826443263418396,0.9371473636323134,27.35,30.96,25.01,82.36,6.81,4.66,3.91,80.29,27.43,27.13,real_jakarta,not_synthetic_real_observed,0.0
KABUPATEN KEPULAUAN SERIBU,kabupaten,DKI JAKARTA,2020,11,2020-11-01,0,0,30000,0.002857142857142857,1.0,0.023286948760598808,1.0481569550825538,27.61,31.12,24.82,82.17,5.14,6.81,4.66,82.36,27.35,27.43,real_jakarta,not_synthetic_real_observed,0.0
KABUPATEN KEPULAUAN SERIBU,kabupaten,DKI JAKARTA,2020,12,2020-12-01,0,0,30000,0.002857142857142857,1.0,0.028236439612154652,1.004639998206299,26.75,29.74,24.79,85.47,8.48,5.14,6.81,82.17,27.61,27.35,real_jakarta,not_synthetic_real_observed,0.0
KABUPATEN BEKASI,kabupaten,JAWA BARAT,2015,1,2015-01-01,169,0,3200000,0.3047619047619048,0.8,0.10434500385411173,1.2330362518676508,26.46,30.33,24.09,85.5,11.88,11.88,11.88,85.5,26.46,26.46,synthetic_jabodetabek,jakarta_seasonality_population_weather_poisson,5.28125
KABUPATEN BEKASI,kabupaten,JAWA BARAT,2015,2,2015-02-01,219,0,3200000,0.3047619047619048,0.8,0.13298713943770538,1.2330362518676508,26.4,29.97,24.26,85.8,19.1,11.88,19.1,85.5,26.46,26.4,synthetic_jabodetabek,jakarta_seasonality_population_weather_poisson,6.84375
KABUPATEN BEKASI,kabupaten,JAWA BARAT,2015,3,2015-03-01,362,0,3200000,0.3047619047619048,0.8,0.19465292709643392,1.4541239085013473,27.01,31.32,24.36,83.57,9.22,19.1,11.88,85.8,26.4,26.46,synthetic_jabodetabek,jakarta_seasonality_population_weather_poisson,11.3125
KABUPATEN BEKASI,kabupaten,JAWA BARAT,2015,4,2015-04-01,205,0,3200000,0.3047619047619048,0.8,0.16191326220130633,1.1313347174927852,27.54,31.16,24.84,82.29,6.37,9.22,19.1,83.57,27.01,26.4,synthetic_jabodetabek,jakarta_seasonality_population_weather_poisson,6.406250000000001
KABUPATEN BEKASI,kabupaten,JAWA BARAT,2015,5,2015-05-01,185,0,3200000,0.3047619047619048,0.8,0.14970181346099234,1.0370871434162408,27.5,30.73,24.01,82.94,3.17,6.37,9.22,82.29,27.54,27.01,synthetic_jabodetabek,jakarta_seasonality_population_weather_poisson,5.78125
KABUPATEN BEKASI,kabupaten,JAWA BARAT,2015,6,2015-06-01,108,0,3200000,0.3047619047619048,0.8,0.08896912653657349,0.9534553248108355,27.19,30.56,23.39,81.07,1.51,3.17,6.37,82.94,27.5,27.54,synthetic_jabodetabek,jakarta_seasonality_population_weather_poisson,3.375
KABUPATEN BEKASI,kabupaten,JAWA BARAT,2015,7,2015-07-01,50,0,3200000,0.3047619047619048,0.8,0.048683516572680434,0.8528333190745272,26.72,30.26,23.28,80.57,0.47,1.51,3.17,81.07,27.19,27.5,synthetic_jabodetabek,jakarta_seasonality_population_weather_poisson,1.5625
KABUPATEN BEKASI,kabupaten,JAWA BARAT,2015,8,2015-08-01,28,0,3200000,0.3047619047619048,0.8,0.027506186863564444,0.7944217936158228,26.76,31.16,22.66,78.55,0.56,0.47,1.51,80.57,26.72,27.19,synthetic_jabodetabek,jakarta_seasonality_population_weather_poisson,0.8749999999999999
KABUPATEN BEKASI,kabupaten,JAWA BARAT,2015,9,2015-09-01,21,0,3200000,0.3047619047619048,0.8,0.01789119234046006,0.755450892716453,27.61,32.62,23.3,73.1,0.25,0.56,0.47,78.55,26.76,26.72,synthetic_jabodetabek,jakarta_seasonality_population_weather_poisson,0.65625
KABUPATEN BEKASI,kabupaten,JAWA BARAT,2015,10,2015-10-01,21,0,3200000,0.3047619047619048,0.8,0.021826443263418396,0.6597896153119127,28.53,33.11,24.7,72.06,0.56,0.25,0.56,73.1,27.61,26.76,synthetic_jabodetabek,jakarta_seasonality_population_weather_poisson,0.65625
KABUPATEN BEKASI,kabupaten,JAWA BARAT,2015,11,2015-11-01,23,0,3200000,0.3047619047619048,0.8,0.023286948760598808,0.679255164464414,28.75,33.27,25.7,75.69,4.34,0.56,0.25,72.06,28.53,27.61,synthetic_jabodetabek,jakarta_seasonality_population_weather_poisson,0.71875
KABUPATEN BEKASI,kabupaten,JAWA BARAT,2015,12,2015-12-01,30,0,3200000,0.3047619047619048,0.8,0.028236439612154652,0.8779065950022301,27.89,31.15,24.58,80.88,7.46,4.34,0.56,75.69,28.75,28.53,synthetic_jabodetabek,jakarta_seasonality_population_weather_poisson,0.9374999999999999
KABUPATEN BEKASI,kabupaten,JAWA BARAT,2017,1,2017-01-01,78,0,3200000,0.3047619047619048,0.8,0.10434500385411173,1.0373182014041034,26.75,30.7,24.66,86.06,11.0,5.25,9.59,84.57,27.12,27.4,synthetic_jabodetabek,jakarta_seasonality_population_weather_poisson,2.4375
KABUPATEN BEKASI,kabupaten,JAWA BARAT,2017,2,2017-02-01,128,0,3200000,0.3047619047619048,0.8,0.13298713943770538,1.2287478369455291,26.6,29.79,24.49,87.06,19.52,11.0,5.25,86.06,26.75,27.12,synthetic_jabodetabek,jakarta_seasonality_population_weather_poisson,4.0
KABUPATEN BEKASI,kabupaten,JAWA BARAT,2017,3,2017-03-01,238,0,3200000,0.3047619047619048,0.8,0.19465292709643392,1.5006363834908163,27.15,30.37,24.74,83.89,7.38,19.52,11.0,87.06,26.6,26.75,synthetic_jabodetabek,jakarta_seasonality_population_weather_poisson,7.437500000000001
KABUPATEN BEKASI,kabupaten,JAWA BARAT,2017,4,2017-04-01,129,0,3200000,0.3047619047619048,0.8,0.16191326220130633,1.087829306699093,27.41,30.65,24.99,84.46,8.42,7.38,19.52,83.89,27.15,26.6,synthetic_jabodetabek,jakarta_seasonality_population_weather_poisson,4.03125
KABUPATEN BEKASI,kabupaten,JAWA BARAT,2017,5,2017-05-01,130,0,3200000,0.3047619047619048,0.8,0.14970181346099234,1.140352529415488,27.79,30.93,24.56,82.47,4.54,8.42,7.38,84.46,27.41,27.15,synthetic_jabodetabek,jakarta_seasonality_population_weather_poisson,4.0625
KABUPATEN BEKASI,kabupaten,JAWA BARAT,2017,6,2017-06-01,71,0,3200000,0.3047619047619048,0.8,0.08896912653657349,0.9947626297035395,27.23,30.45,24.93,83.74,4.39,4.54,8.42,82.47,27.79,27.41,synthetic_jabodetabek,jakarta_seasonality_population_weather_poisson,2.21875
KABUPATEN BEKASI,kabupaten,JAWA BARAT,2017,7,2017-07-01,44,0,3200000,0.3047619047619048,0.8,0.048683516572680434,0.9976599527477102,27.05,30.34,22.96,80.87,2.26,4.39,4.54,83.74,27.23,27.79,synthetic_jabodetabek,jakarta_seasonality_population_weather_poisson,1.375
KABUPATEN BEKASI,kabupaten,JAWA BARAT,2017,8,2017-08-01,24,0,3200000,0.3047619047619048,0.8,0.027506186863564444,0.8661679083409527,26.89,30.18,22.75,78.86,0.58,2.26,4.39,80.87,27.05,27.23,synthetic_jabodetabek,jakarta_seasonality_population_weather_poisson,0.75
KABUPATEN BEKASI,kabupaten,JAWA BARAT,2017,9,2017-09-01,10,0,3200000,0.3047619047619048,0.8,0.01789119234046006,0.7672319076729875,27.52,31.77,23.87,77.46,1.98,0.58,2.26,78.86,26.89,27.05,synthetic_jabodetabek,jakarta_seasonality_population_weather_poisson,0.3125
KABUPATEN BEKASI,kabupaten,JAWA BARAT,2017,10,2017-10-01,16,0,3200000,0.3047619047619048,0.8,0.021826443263418396,0.8015569275992019,28.07,31.68,25.64,79.79,6.99,1.98,0.58,77.46,27.52,26.89,synthetic_jabodetabek,jakarta_seasonality_population_weather_poisson,0.5
KABUPATEN BEKASI,kabupaten,JAWA BARAT,2017,11,2017-11-01,15,0,3200000,0.3047619047619048,0.8,0.023286948760598808,1.021016839900408,27.95,31.69,25.34,80.72,11.01,6.99,1.98,79.79,28.07,27.52,synthetic_jabodetabek,jakarta_seasonality_population_weather_poisson,0.46874999999999994
KABUPATEN BEKASI,kabupaten,JAWA BARAT,2017,12,2017-12-01,32,0,3200000,0.3047619047619048,0.8,0.028236439612154652,1.1573431834240657,27.14,31.45,24.44,84.11,7.79,11.01,6.99,80.72,27.95,28.07,synthetic_jabodetabek,jakarta_seasonality_population_weather_poisson,1.0
KABUPATEN BEKASI,kabupaten,JAWA BARAT,2018,1,2018-01-01,85,0,3200000,0.3047619047619048,0.8,0.10434500385411173,1.1044809095099395,26.98,30.56,24.87,84.63,6.49,7.79,11.01,84.11,27.14,27.95,synthetic_jabodetabek,jakarta_seasonality_population_weather_poisson,2.65625
KABUPATEN BEKASI,kabupaten,JAWA BARAT,2018,2,2018-02-01,97,0,3200000,0.3047619047619048,0.8,0.13298713943770538,1.070911133461228,26.6,29.32,24.28,86.64,16.07,6.49,7.79,84.63,26.98,27.14,synthetic_jabodetabek,jakarta_seasonality_population_weather_poisson,3.03125
KABUPATEN BEKASI,kabupaten,JAWA BARAT,2018,3,2018-03-01,169,0,3200000,0.3047619047619048,0.8,0.19465292709643392,1.3880843814902946,27.38,31.25,24.66,82.83,10.07,16.07,6.49,86.64,26.6,26.98,synthetic_jabodetabek,jakarta_seasonality_population_weather_poisson,5.28125
KABUPATEN BEKASI,kabupaten,JAWA BARAT,2018,4,2018-04-01,134,0,3200000,0.3047619047619048,0.8,0.16191326220130633,1.1540814570277764,27.85,30.69,25.38,82.7,5.66,10.07,16.07,82.83,27.38,26.6,synthetic_jabodetabek,jakarta_seasonality_population_weather_poisson,4.1875
KABUPATEN BEKASI,kabupaten,JAWA BARAT,2018,5,2018-05-01,109,0,3200000,0.3047619047619048,0.8,0.14970181346099234,1.0354074135847848,27.84,31.1,25.15,82.52,2.17,5.66,10.07,82.7,27.85,27.38,synthetic_jabodetabek,jakarta_seasonality_population_weather_poisson,3.40625
KABUPATEN BEKASI,kabupaten,JAWA BARAT,2018,6,2018-06-01,60,0,3200000,0.3047619047619048,0.8,0.08896912653657349,0.926421161655431,27.45,30.55,24.08,81.44,1.97,2.17,5.66,82.52,27.84,27.85,synthetic_jabodetabek,jakarta_seasonality_population_weather_poisson,1.8749999999999998
KABUPATEN BEKASI,kabupaten,JAWA BARAT,2018,7,2018-07-01,30,0,3200000,0.3047619047619048,0.8,0.048683516572680434,0.8836753063635557,26.71,30.13,22.31,76.08,0.1,1.97,2.17,81.44,27.45,27.84,synthetic_jabodetabek,jakarta_seasonality_population_weather_poisson,0.9374999999999999
KABUPATEN BEKASI,kabupaten,JAWA BARAT,2018,8,2018-08-01,10,0,3200000,0.3047619047619048,0.8,0.027506186863564444,0.6872046338862505,26.81,30.57,22.23,75.65,0.54,0.1,1.97,76.08,26.71,27.45,synthetic_jabodetabek,jakarta_seasonality_population_weather_poisson,0.3125
KABUPATEN BEKASI,kabupaten,JAWA BARAT,2018,9,2018-09-01,8,0,3200000,0.3047619047619048,0.8,0.01789119234046006,0.6947612244763745,27.67,31.77,23.67,73.72,1.85,0.54,0.1,75.65,26.81,26.71,synthetic_jabodetabek,jakarta_seasonality_population_weather_poisson,0.25
KABUPATEN BEKASI,kabupaten,JAWA BARAT,2018,10,2018-10-01,10,0,3200000,0.3047619047619048,0.8,0.021826443263418396,0.7231648977256325,28.52,32.95,25.26,74.55,3.29,1.85,0.54,73.72,27.67,26.81,synthetic_jabodetabek,jakarta_seasonality_population_weather_poisson,0.3125
KABUPATEN BEKASI,kabupaten,JAWA BARAT,2018,11,2018-11-01,9,0,3200000,0.3047619047619048,0.8,0.023286948760598808,0.8139815041555246,28.12,33.64,25.73,78.78,5.94,3.29,1.85,74.55,28.52,27.67,synthetic_jabodetabek,jakarta_seasonality_population_weather_poisson,0.28125
KABUPATEN BEKASI,kabupaten,JAWA BARAT,2018,12,2018-12-01,12,0,3200000,0.3047619047619048,0.8,0.028236439612154652,0.969705713427674,27.75,32.03,24.86,80.52,6.65,5.94,3.29,78.78,28.12,28.52,synthetic_jabodetabek,jakarta_seasonality_population_weather_poisson,0.375
KABUPATEN BEKASI,kabupaten,JAWA BARAT,2019,1,2019-01-01,223,0,3200000,0.3047619047619048,0.8,0.10434500385411173,1.01512828445779,27.32,31.21,25.05,83.93,13.54,6.65,5.94,80.52,27.75,28.12,synthetic_jabodetabek,jakarta_seasonality_population_weather_poisson,6.968750000000001
KABUPATEN BEKASI,kabupaten,JAWA BARAT,2019,2,2019-02-01,361,0,3200000,0.3047619047619048,0.8,0.13298713943770538,1.2796270553034994,27.66,30.85,25.13,82.3,8.96,13.54,6.65,83.93,27.32,27.75,synthetic_jabodetabek,jakarta_seasonality_population_weather_poisson,11.28125
KABUPATEN BEKASI,kabupaten,JAWA BARAT,2019,3,2019-03-01,475,0,3200000,0.3047619047619048,0.8,0.19465292709643392,1.1192894644344735,27.65,31.26,24.6,81.75,8.07,8.96,13.54,82.3,27.66,27.32,synthetic_jabodetabek,jakarta_seasonality_population_weather_poisson,14.84375
KABUPATEN BEKASI,kabupaten,JAWA BARAT,2019,4,2019-04-01,365,0,3200000,0.3047619047619048,0.8,0.16191326220130633,1.0804839798883312,28.18,31.05,25.56,82.84,8.43,8.07,8.96,81.75,27.65,27.66,synthetic_jabodetabek,jakarta_seasonality_population_weather_poisson,11.40625
KABUPATEN BEKASI,kabupaten,JAWA BARAT,2019,5,2019-05-01,367,0,3200000,0.3047619047619048,0.8,0.14970181346099234,1.13316826782591,28.08,31.25,25.3,81.97,5.41,8.43,8.07,82.84,28.18,27.65,synthetic_jabodetabek,jakarta_seasonality_population_weather_poisson,11.46875
KABUPATEN BEKASI,kabupaten,JAWA BARAT,2019,6,2019-06-01,170,0,3200000,0.3047619047619048,0.8,0.08896912653657349,1.0204163866745846,27.39,30.74,23.63,79.4,1.21,5.41,8.43,81.97,28.08,28.18,synthetic_jabodetabek,jakarta_seasonality_population_weather_poisson,5.3125
KABUPATEN BEKASI,kabupaten,JAWA BARAT,2019,7,2019-07-01,90,0,3200000,0.3047619047619048,0.8,0.048683516572680434,0.8152396587309158,26.62,30.25,22.15,79.25,0.63,1.21,5.41,79.4,27.39,28.08,synthetic_jabodetabek,jakarta_seasonality_population_weather_poisson,2.8125
KABUPATEN BEKASI,kabupaten,JAWA BARAT,2019,8,2019-08-01,49,0,3200000,0.3047619047619048,0.8,0.027506186863564444,0.7675605257187333,26.57,30.27,22.22,76.2,0.24,0.63,1.21,79.25,26.62,27.39,synthetic_jabodetabek,jakarta_seasonality_population_weather_poisson,1.53125
KABUPATEN BEKASI,kabupaten,JAWA BARAT,2019,9,2019-09-01,22,0,3200000,0.3047619047619048,0.8,0.01789119234046006,0.6890468858160798,27.51,32.52,22.73,73.31,0.13,0.24,0.63,76.2,26.57,26.62,synthetic_jabodetabek,jakarta_seasonality_population_weather_poisson,0.6875
KABUPATEN BEKASI,kabupaten,JAWA BARAT,2019,10,2019-10-01,39,0,3200000,0.3047619047619048,0.8,0.021826443263418396,0.6571500225992326,28.68,34.16,24.46,71.5,2.06,0.13,0.24,73.31,27.51,26.57,synthetic_jabodetabek,jakarta_seasonality_population_weather_poisson,1.21875
KABUPATEN BEKASI,kabupaten,JAWA BARAT,2019,11,2019-11-01,30,0,3200000,0.3047619047619048,0.8,0.023286948760598808,0.7176259039960207,28.7,33.25,24.92,74.45,4.98,2.06,0.13,71.5,28.68,27.51,synthetic_jabodetabek,jakarta_seasonality_population_weather_poisson,0.9374999999999999
KABUPATEN BEKASI,kabupaten,JAWA BARAT,2019,12,2019-12-01,54,0,3200000,0.3047619047619048,0.8,0.028236439612154652,0.8689220610410442,28.23,32.16,25.76,79.68,8.45,4.98,2.06,74.45,28.7,28.68,synthetic_jabodetabek,jakarta_seasonality_population_weather_poisson,1.6875
KABUPATEN BEKASI,kabupaten,JAWA BARAT,2020,1,2020-01-01,142,0,3200000,0.3047619047619048,0.8,0.10434500385411173,1.06813483834962,27.49,30.71,25.01,84.41,12.47,8.45,4.98,79.68,28.23,28.7,synthetic_jabodetabek,jakarta_seasonality_population_weather_poisson,4.4375
KABUPATEN BEKASI,kabupaten,JAWA BARAT,2020,2,2020-02-01,203,0,3200000,0.3047619047619048,0.8,0.13298713943770538,1.2637095016547601,27.38,30.84,25.45,85.87,20.58,12.47,8.45,84.41,27.49,28.23,synthetic_jabodetabek,jakarta_seasonality_population_weather_poisson,6.34375
KABUPATEN BEKASI,kabupaten,JAWA BARAT,2020,3,2020-03-01,351,0,3200000,0.3047619047619048,0.8,0.19465292709643392,1.5345028414733757,27.72,30.3,25.83,84.45,10.8,20.58,12.47,85.87,27.38,27.49,synthetic_jabodetabek,jakarta_seasonality_population_weather_poisson,10.96875
KABUPATEN BEKASI,kabupaten,JAWA BARAT,2020,4,2020-04-01,235,0,3200000,0.3047619047619048,0.8,0.16191326220130633,1.2225007284634208,27.98,31.33,25.64,83.46,6.87,10.8,20.58,84.45,27.72,27.38,synthetic_jabodetabek,jakarta_seasonality_population_weather_poisson,7.34375
KABUPATEN BEKASI,kabupaten,JAWA BARAT,2020,5,2020-05-01,185,0,3200000,0.3047619047619048,0.8,0.14970181346099234,1.0925180443306934,28.1,31.22,26.03,84.29,5.62,6.87,10.8,83.46,27.98,27.72,synthetic_jabodetabek,jakarta_seasonality_population_weather_poisson,5.78125
KABUPATEN BEKASI,kabupaten,JAWA BARAT,2020,6,2020-06-01,110,0,3200000,0.3047619047619048,0.8,0.08896912653657349,1.0769023587033795,27.63,30.46,25.19,83.37,2.08,5.62,6.87,84.29,28.1,27.98,synthetic_jabodetabek,jakarta_seasonality_population_weather_poisson,3.4375
KABUPATEN BEKASI,kabupaten,JAWA BARAT,2020,7,2020-07-01,43,0,3200000,0.3047619047619048,0.8,0.048683516572680434,0.934464967992764,27.16,30.0,23.89,81.58,2.79,2.08,5.62,83.37,27.63,28.1,synthetic_jabodetabek,jakarta_seasonality_population_weather_poisson,1.34375
KABUPATEN BEKASI,kabupaten,JAWA BARAT,2020,8,2020-08-01,30,0,3200000,0.3047619047619048,0.8,0.027506186863564444,0.9010905444345163,27.19,30.56,23.8,82.07,1.8,2.79,2.08,81.58,27.16,27.63,synthetic_jabodetabek,jakarta_seasonality_population_weather_poisson,0.9374999999999999
KABUPATEN BEKASI,kabupaten,JAWA BARAT,2020,9,2020-09-01,26,0,3200000,0.3047619047619048,0.8,0.01789119234046006,0.8828676889335972,27.67,31.15,24.78,79.39,3.87,1.8,2.79,82.07,27.19,27.16,synthetic_jabodetabek,jakarta_seasonality_population_weather_poisson,0.8124999999999999
KABUPATEN BEKASI,kabupaten,JAWA BARAT,2020,10,2020-10-01,20,0,3200000,0.3047619047619048,0.8,0.021826443263418396,0.9047411112228263,27.69,31.38,25.34,81.25,6.64,3.87,1.8,79.39,27.67,27.19,synthetic_jabodetabek,jakarta_seasonality_population_weather_poisson,0.625
KABUPATEN BEKASI,kabupaten,JAWA BARAT,2020,11,2020-11-01,27,0,3200000,0.3047619047619048,0.8,0.023286948760598808,1.0282873749256152,27.85,31.59,24.93,81.3,7.96,6.64,3.87,81.25,27.69,27.67,synthetic_jabodetabek,jakarta_seasonality_population_weather_poisson,0.84375
KABUPATEN BEKASI,kabupaten,JAWA BARAT,2020,12,2020-12-01,25,0,3200000,0.3047619047619048,0.8,0.028236439612154652,1.0746137442470771,26.95,30.34,24.6,85.2,7.41,7.96,6.64,81.3,27.85,27.69,synthetic_jabodetabek,jakarta_seasonality_population_weather_poisson,0.78125
KABUPATEN BOGOR,kabupaten,JAWA BARAT,2015,1,2015-01-01,227,0,5400000,0.5142857142857142,0.7,0.10434500385411173,1.2015231740192958,23.86,28.61,20.12,89.11,11.31,11.31,11.31,89.11,23.86,23.86,synthetic_jabodetabek,jakarta_seasonality_population_weather_poisson,4.203703703703703
KABUPATEN BOGOR,kabupaten,JAWA BARAT,2015,2,2015-02-01,293,0,5400000,0.5142857142857142,0.7,0.13298713943770538,1.2015231740192958,24.01,29.2,19.21,89.4,17.33,11.31,17.33,89.11,23.86,24.01,synthetic_jabodetabek,jakarta_seasonality_population_weather_poisson,5.425925925925926
KABUPATEN BOGOR,kabupaten,JAWA BARAT,2015,3,2015-03-01,476,0,5400000,0.5142857142857142,0.7,0.19465292709643392,1.3937457020313104,24.3,30.54,20.59,88.64,10.25,17.33,11.31,89.4,24.01,23.86,synthetic_jabodetabek,jakarta_seasonality_population_weather_poisson,8.814814814814815
KABUPATEN BOGOR,kabupaten,JAWA BARAT,2015,4,2015-04-01,346,0,5400000,0.5142857142857142,0.7,0.16191326220130633,1.1751358739541435,24.69,29.99,20.75,88.38,7.11,10.25,17.33,88.64,24.3,24.01,synthetic_jabodetabek,jakarta_seasonality_population_weather_poisson,6.407407407407407
KABUPATEN BOGOR,kabupaten,JAWA BARAT,2015,5,2015-05-01,321,0,5400000,0.5142857142857142,0.7,0.14970181346099234,1.0890124736350228,24.78,29.95,18.89,86.63,3.96,7.11,10.25,88.38,24.69,24.3,synthetic_jabodetabek,jakarta_seasonality_population_weather_poisson,5.944444444444445
KABUPATEN BOGOR,kabupaten,JAWA BARAT,2015,6,2015-06-01,157,0,5400000,0.5142857142857142,0.7,0.08896912653657349,0.9602679750082737,24.48,29.95,18.2,84.27,1.13,3.96,7.11,86.63,24.78,24.69,synthetic_jabodetabek,jakarta_seasonality_population_weather_poisson,2.9074074074074074
KABUPATEN BOGOR,kabupaten,JAWA BARAT,2015,7,2015-07-01,76,0,5400000,0.5142857142857142,0.7,0.048683516572680434,0.8144153314186144,23.88,29.61,18.06,83.93,0.3,1.13,3.96,84.27,24.48,24.78,synthetic_jabodetabek,jakarta_seasonality_population_weather_poisson,1.4074074074074072
KABUPATEN BOGOR,kabupaten,JAWA BARAT,2015,8,2015-08-01,41,0,5400000,0.5142857142857142,0.7,0.027506186863564444,0.7611525227459228,24.28,30.74,17.09,80.53,0.53,0.3,1.13,83.93,23.88,24.48,synthetic_jabodetabek,jakarta_seasonality_population_weather_poisson,0.7592592592592593
KABUPATEN BOGOR,kabupaten,JAWA BARAT,2015,9,2015-09-01,27,0,5400000,0.5142857142857142,0.7,0.01789119234046006,0.7096084538469161,25.19,32.72,17.85,74.79,0.31,0.53,0.3,80.53,24.28,23.88,synthetic_jabodetabek,jakarta_seasonality_population_weather_poisson,0.5
KABUPATEN BOGOR,kabupaten,JAWA BARAT,2015,10,2015-10-01,32,0,5400000,0.5142857142857142,0.7,0.021826443263418396,0.6125738991238746,26.7,35.17,19.81,70.0,0.59,0.31,0.53,74.79,25.19,24.28,synthetic_jabodetabek,jakarta_seasonality_population_weather_poisson,0.5925925925925926
KABUPATEN BOGOR,kabupaten,JAWA BARAT,2015,11,2015-11-01,23,0,5400000,0.5142857142857142,0.7,0.023286948760598808,0.6,26.38,35.33,21.3,79.21,8.41,0.59,0.31,70.0,26.7,25.19,synthetic_jabodetabek,jakarta_seasonality_population_weather_poisson,0.42592592592592593
KABUPATEN BOGOR,kabupaten,JAWA BARAT,2015,12,2015-12-01,58,0,5400000,0.5142857142857142,0.7,0.028236439612154652,0.9918859161326008,25.32,31.26,20.32,84.53,8.89,8.41,0.59,79.21,26.38,26.7,synthetic_jabodetabek,jakarta_seasonality_population_weather_poisson,1.0740740740740742
KABUPATEN BOGOR,kabupaten,JAWA BARAT,2017,1,2017-01-01,151,0,5400000,0.5142857142857142,0.7,0.10434500385411173,0.9901612691998862,24.12,29.97,20.49,89.29,8.71,4.31,9.93,88.33,24.3,24.76,synthetic_jabodetabek,jakarta_seasonality_population_weather_poisson,2.7962962962962963
KABUPATEN BOGOR,kabupaten,JAWA BARAT,2017,2,2017-02-01,183,0,5400000,0.5142857142857142,0.7,0.13298713943770538,1.1364289591236267,24.09,29.21,20.59,90.55,16.48,8.71,4.31,89.29,24.12,24.3,synthetic_jabodetabek,jakarta_seasonality_population_weather_poisson,3.3888888888888893
KABUPATEN BOGOR,kabupaten,JAWA BARAT,2017,3,2017-03-01,364,0,5400000,0.5142857142857142,0.7,0.19465292709643392,1.395559533199667,24.5,29.8,20.66,88.12,8.86,16.48,8.71,90.55,24.09,24.12,synthetic_jabodetabek,jakarta_seasonality_population_weather_poisson,6.740740740740741
KABUPATEN BOGOR,kabupaten,JAWA BARAT,2017,4,2017-04-01,185,0,5400000,0.5142857142857142,0.7,0.16191326220130633,1.1293375750940968,24.83,29.62,20.8,88.92,8.93,8.86,16.48,88.12,24.5,24.09,synthetic_jabodetabek,jakarta_seasonality_population_weather_poisson,3.425925925925926
KABUPATEN BOGOR,kabupaten,JAWA BARAT,2017,5,2017-05-01,221,0,5400000,0.5142857142857142,0.7,0.14970181346099234,1.1600995641843832,25.29,30.43,19.49,86.61,5.74,8.93,8.86,88.92,24.83,24.5,synthetic_jabodetabek,jakarta_seasonality_population_weather_poisson,4.092592592592593
KABUPATEN BOGOR,kabupaten,JAWA BARAT,2017,6,2017-06-01,126,0,5400000,0.5142857142857142,0.7,0.08896912653657349,1.0312160695151094,24.54,30.02,20.18,87.51,4.55,5.74,8.93,86.61,25.29,24.83,synthetic_jabodetabek,jakarta_seasonality_population_weather_poisson,2.333333333333333
KABUPATEN BOGOR,kabupaten,JAWA BARAT,2017,7,2017-07-01,54,0,5400000,0.5142857142857142,0.7,0.048683516572680434,0.9883158314745477,24.45,30.01,17.87,84.76,2.51,4.55,5.74,87.51,24.54,25.29,synthetic_jabodetabek,jakarta_seasonality_population_weather_poisson,1.0
KABUPATEN BOGOR,kabupaten,JAWA BARAT,2017,8,2017-08-01,31,0,5400000,0.5142857142857142,0.7,0.027506186863564444,0.8652487801898464,24.31,30.52,17.66,81.86,0.77,2.51,4.55,84.76,24.45,24.54,synthetic_jabodetabek,jakarta_seasonality_population_weather_poisson,0.5740740740740741
KABUPATEN BOGOR,kabupaten,JAWA BARAT,2017,9,2017-09-01,10,0,5400000,0.5142857142857142,0.7,0.01789119234046006,0.746233607226384,25.22,31.73,18.94,79.77,2.83,0.77,2.51,81.86,24.31,24.45,synthetic_jabodetabek,jakarta_seasonality_population_weather_poisson,0.18518518518518517
KABUPATEN BOGOR,kabupaten,JAWA BARAT,2017,10,2017-10-01,18,0,5400000,0.5142857142857142,0.7,0.021826443263418396,0.7955031088451882,25.51,31.59,21.34,84.52,9.49,2.83,0.77,79.77,25.22,24.31,synthetic_jabodetabek,jakarta_seasonality_population_weather_poisson,0.3333333333333333
KABUPATEN BOGOR,kabupaten,JAWA BARAT,2017,11,2017-11-01,27,0,5400000,0.5142857142857142,0.7,0.023286948760598808,1.1069797166023474,25.16,31.39,20.73,85.54,12.4,9.49,2.83,84.52,25.51,25.22,synthetic_jabodetabek,jakarta_seasonality_population_weather_poisson,0.5
KABUPATEN BOGOR,kabupaten,JAWA BARAT,2017,12,2017-12-01,48,0,5400000,0.5142857142857142,0.7,0.028236439612154652,1.2038107798026445,24.44,30.7,20.37,87.89,7.52,12.4,9.49,85.54,25.16,25.51,synthetic_jabodetabek,jakarta_seasonality_population_weather_poisson,0.8888888888888888
KABUPATEN BOGOR,kabupaten,JAWA BARAT,2018,1,2018-01-01,103,0,5400000,0.5142857142857142,0.7,0.10434500385411173,1.0820867384921204,24.16,29.76,20.38,88.89,6.6,7.52,12.4,87.89,24.44,25.16,synthetic_jabodetabek,jakarta_seasonality_population_weather_poisson,1.9074074074074074
KABUPATEN BOGOR,kabupaten,JAWA BARAT,2018,2,2018-02-01,160,0,5400000,0.5142857142857142,0.7,0.13298713943770538,1.0659462848786436,24.11,28.81,19.72,89.71,15.15,6.6,7.52,88.89,24.16,24.44,synthetic_jabodetabek,jakarta_seasonality_population_weather_poisson,2.962962962962963
KABUPATEN BOGOR,kabupaten,JAWA BARAT,2018,3,2018-03-01,255,0,5400000,0.5142857142857142,0.7,0.19465292709643392,1.3384117397617645,24.73,30.31,20.54,87.23,10.21,15.15,6.6,89.71,24.11,24.16,synthetic_jabodetabek,jakarta_seasonality_population_weather_poisson,4.722222222222222
KABUPATEN BOGOR,kabupaten,JAWA BARAT,2018,4,2018-04-01,174,0,5400000,0.5142857142857142,0.7,0.16191326220130633,1.1589783453674063,25.22,30.64,20.45,87.19,7.16,10.21,15.15,87.23,24.73,24.11,synthetic_jabodetabek,jakarta_seasonality_population_weather_poisson,3.2222222222222223
KABUPATEN BOGOR,kabupaten,JAWA BARAT,2018,5,2018-05-01,154,0,5400000,0.5142857142857142,0.7,0.14970181346099234,1.0837640606371974,25.13,30.41,19.8,85.64,2.64,7.16,10.21,87.19,25.22,24.73,synthetic_jabodetabek,jakarta_seasonality_population_weather_poisson,2.8518518518518516
KABUPATEN BOGOR,kabupaten,JAWA BARAT,2018,6,2018-06-01,87,0,5400000,0.5142857142857142,0.7,0.08896912653657349,0.911820448209621,24.87,30.09,19.53,84.77,2.33,2.64,7.16,85.64,25.13,25.22,synthetic_jabodetabek,jakarta_seasonality_population_weather_poisson,1.6111111111111112
KABUPATEN BOGOR,kabupaten,JAWA BARAT,2018,7,2018-07-01,43,0,5400000,0.5142857142857142,0.7,0.048683516572680434,0.8748193921393104,23.94,29.86,16.16,79.46,0.13,2.33,2.64,84.77,24.87,25.13,synthetic_jabodetabek,jakarta_seasonality_population_weather_poisson,0.7962962962962963
KABUPATEN BOGOR,kabupaten,JAWA BARAT,2018,8,2018-08-01,20,0,5400000,0.5142857142857142,0.7,0.027506186863564444,0.6628277766923267,24.19,30.59,16.84,78.76,0.87,0.13,2.33,79.46,23.94,24.87,synthetic_jabodetabek,jakarta_seasonality_population_weather_poisson,0.37037037037037035
KABUPATEN BOGOR,kabupaten,JAWA BARAT,2018,9,2018-09-01,15,0,5400000,0.5142857142857142,0.7,0.01789119234046006,0.6789067454427761,25.12,31.72,18.56,77.04,2.48,0.87,0.13,78.76,24.19,23.94,synthetic_jabodetabek,jakarta_seasonality_population_weather_poisson,0.2777777777777778
KABUPATEN BOGOR,kabupaten,JAWA BARAT,2018,10,2018-10-01,15,0,5400000,0.5142857142857142,0.7,0.021826443263418396,0.7232575979465106,26.23,32.99,21.25,77.16,4.64,2.48,0.87,77.04,25.12,24.19,synthetic_jabodetabek,jakarta_seasonality_population_weather_poisson,0.2777777777777778
KABUPATEN BOGOR,kabupaten,JAWA BARAT,2018,11,2018-11-01,19,0,5400000,0.5142857142857142,0.7,0.023286948760598808,0.829690842306376,25.47,32.86,21.49,84.0,8.45,4.64,2.48,77.16,26.23,25.12,synthetic_jabodetabek,jakarta_seasonality_population_weather_poisson,0.3518518518518518
KABUPATEN BOGOR,kabupaten,JAWA BARAT,2018,12,2018-12-01,44,0,5400000,0.5142857142857142,0.7,0.028236439612154652,1.0632554469205706,25.06,30.5,20.36,85.14,8.68,8.45,4.64,84.0,25.47,26.23,synthetic_jabodetabek,jakarta_seasonality_population_weather_poisson,0.8148148148148149
KABUPATEN BOGOR,kabupaten,JAWA BARAT,2019,1,2019-01-01,387,0,5400000,0.5142857142857142,0.7,0.10434500385411173,1.0800630438925944,24.69,30.84,20.76,87.78,12.62,8.68,8.45,85.14,25.06,25.47,synthetic_jabodetabek,jakarta_seasonality_population_weather_poisson,7.166666666666667
KABUPATEN BOGOR,kabupaten,JAWA BARAT,2019,2,2019-02-01,521,0,5400000,0.5142857142857142,0.7,0.13298713943770538,1.2416682320133743,25.15,30.34,21.39,87.14,11.46,12.62,8.68,87.78,24.69,25.06,synthetic_jabodetabek,jakarta_seasonality_population_weather_poisson,9.648148148148147
KABUPATEN BOGOR,kabupaten,JAWA BARAT,2019,3,2019-03-01,698,0,5400000,0.5142857142857142,0.7,0.19465292709643392,1.209355660874356,24.82,30.33,20.33,86.76,8.1,11.46,12.62,87.14,25.15,24.69,synthetic_jabodetabek,jakarta_seasonality_population_weather_poisson,12.925925925925924
KABUPATEN BOGOR,kabupaten,JAWA BARAT,2019,4,2019-04-01,547,0,5400000,0.5142857142857142,0.7,0.16191326220130633,1.0887602404312888,25.59,30.73,21.23,87.9,10.32,8.1,11.46,86.76,24.82,25.15,synthetic_jabodetabek,jakarta_seasonality_population_weather_poisson,10.12962962962963
KABUPATEN BOGOR,kabupaten,JAWA BARAT,2019,5,2019-05-01,573,0,5400000,0.5142857142857142,0.7,0.14970181346099234,1.2067976210852092,25.45,30.24,20.52,85.84,6.44,10.32,8.1,87.9,25.59,24.82,synthetic_jabodetabek,jakarta_seasonality_population_weather_poisson,10.611111111111112
KABUPATEN BOGOR,kabupaten,JAWA BARAT,2019,6,2019-06-01,307,0,5400000,0.5142857142857142,0.7,0.08896912653657349,1.0414377403254826,24.58,30.26,18.3,82.47,1.29,6.44,10.32,85.84,25.45,25.59,synthetic_jabodetabek,jakarta_seasonality_population_weather_poisson,5.685185185185185
KABUPATEN BOGOR,kabupaten,JAWA BARAT,2019,7,2019-07-01,129,0,5400000,0.5142857142857142,0.7,0.048683516572680434,0.7843470625024567,23.92,30.2,16.78,81.69,0.68,1.29,6.44,82.47,24.58,25.45,synthetic_jabodetabek,jakarta_seasonality_population_weather_poisson,2.388888888888889
KABUPATEN BOGOR,kabupaten,JAWA BARAT,2019,8,2019-08-01,51,0,5400000,0.5142857142857142,0.7,0.027506186863564444,0.7261977943529876,23.98,30.4,16.97,78.64,0.47,0.68,1.29,81.69,23.92,24.58,synthetic_jabodetabek,jakarta_seasonality_population_weather_poisson,0.9444444444444444
KABUPATEN BOGOR,kabupaten,JAWA BARAT,2019,9,2019-09-01,43,0,5400000,0.5142857142857142,0.7,0.01789119234046006,0.6569554234118792,25.17,32.81,17.06,74.04,0.25,0.47,0.68,78.64,23.98,23.92,synthetic_jabodetabek,jakarta_seasonality_population_weather_poisson,0.7962962962962963
KABUPATEN BOGOR,kabupaten,JAWA BARAT,2019,10,2019-10-01,42,0,5400000,0.5142857142857142,0.7,0.021826443263418396,0.6,26.7,35.04,19.47,71.72,2.06,0.25,0.47,74.04,25.17,23.98,synthetic_jabodetabek,jakarta_seasonality_population_weather_poisson,0.7777777777777778
KABUPATEN BOGOR,kabupaten,JAWA BARAT,2019,11,2019-11-01,57,0,5400000,0.5142857142857142,0.7,0.023286948760598808,0.6527240088371368,26.43,34.07,20.48,76.56,5.44,2.06,0.25,71.72,26.7,25.17,synthetic_jabodetabek,jakarta_seasonality_population_weather_poisson,1.0555555555555556
KABUPATEN BOGOR,kabupaten,JAWA BARAT,2019,12,2019-12-01,73,0,5400000,0.5142857142857142,0.7,0.028236439612154652,0.8479466842281567,25.98,32.39,21.75,82.58,10.71,5.44,2.06,76.56,26.43,26.7,synthetic_jabodetabek,jakarta_seasonality_population_weather_poisson,1.3518518518518519
KABUPATEN BOGOR,kabupaten,JAWA BARAT,2020,1,2020-01-01,196,0,5400000,0.5142857142857142,0.7,0.10434500385411173,1.1187597995818335,25.24,31.22,20.83,86.82,12.47,10.71,5.44,82.58,25.98,26.43,synthetic_jabodetabek,jakarta_seasonality_population_weather_poisson,3.6296296296296293
KABUPATEN BOGOR,kabupaten,JAWA BARAT,2020,2,2020-02-01,301,0,5400000,0.5142857142857142,0.7,0.13298713943770538,1.2360223532140477,24.94,30.44,21.4,89.33,20.87,12.47,10.71,86.82,25.24,25.98,synthetic_jabodetabek,jakarta_seasonality_population_weather_poisson,5.574074074074074
KABUPATEN BOGOR,kabupaten,JAWA BARAT,2020,3,2020-03-01,490,0,5400000,0.5142857142857142,0.7,0.19465292709643392,1.5312381990031512,25.19,29.83,21.68,89.12,14.66,20.87,12.47,89.33,24.94,25.24,synthetic_jabodetabek,jakarta_seasonality_population_weather_poisson,9.074074074074074
KABUPATEN BOGOR,kabupaten,JAWA BARAT,2020,4,2020-04-01,386,0,5400000,0.5142857142857142,0.7,0.16191326220130633,1.3490758885268364,25.34,30.62,20.97,88.37,8.59,14.66,20.87,89.12,25.19,24.94,synthetic_jabodetabek,jakarta_seasonality_population_weather_poisson,7.148148148148148
KABUPATEN BOGOR,kabupaten,JAWA BARAT,2020,5,2020-05-01,269,0,5400000,0.5142857142857142,0.7,0.14970181346099234,1.1560863450987608,25.44,30.29,21.88,89.1,7.52,8.59,14.66,88.37,25.34,25.19,synthetic_jabodetabek,jakarta_seasonality_population_weather_poisson,4.981481481481482
KABUPATEN BOGOR,kabupaten,JAWA BARAT,2020,6,2020-06-01,177,0,5400000,0.5142857142857142,0.7,0.08896912653657349,1.1430400058910533,24.92,29.71,20.36,87.83,2.35,7.52,8.59,89.1,25.44,25.34,synthetic_jabodetabek,jakarta_seasonality_population_weather_poisson,3.2777777777777777
KABUPATEN BOGOR,kabupaten,JAWA BARAT,2020,7,2020-07-01,88,0,5400000,0.5142857142857142,0.7,0.048683516572680434,0.9424361163789159,24.54,29.63,18.69,84.78,2.88,2.35,7.52,87.83,24.92,25.44,synthetic_jabodetabek,jakarta_seasonality_population_weather_poisson,1.6296296296296298
KABUPATEN BOGOR,kabupaten,JAWA BARAT,2020,8,2020-08-01,34,0,5400000,0.5142857142857142,0.7,0.027506186863564444,0.8799488376473865,24.92,30.95,18.3,83.91,1.84,2.88,2.35,84.78,24.54,24.92,synthetic_jabodetabek,jakarta_seasonality_population_weather_poisson,0.6296296296296297
KABUPATEN BOGOR,kabupaten,JAWA BARAT,2020,9,2020-09-01,20,0,5400000,0.5142857142857142,0.7,0.01789119234046006,0.843522631282971,25.18,30.68,19.76,82.75,4.99,1.84,2.88,83.91,24.92,24.54,synthetic_jabodetabek,jakarta_seasonality_population_weather_poisson,0.37037037037037035
KABUPATEN BOGOR,kabupaten,JAWA BARAT,2020,10,2020-10-01,28,0,5400000,0.5142857142857142,0.7,0.021826443263418396,0.9225092481919611,25.14,31.29,21.45,86.05,9.87,4.99,1.84,82.75,25.18,24.92,synthetic_jabodetabek,jakarta_seasonality_population_weather_poisson,0.5185185185185185
KABUPATEN BOGOR,kabupaten,JAWA BARAT,2020,11,2020-11-01,47,0,5400000,0.5142857142857142,0.7,0.023286948760598808,1.1380146663841104,25.23,31.36,21.17,85.88,6.78,9.87,4.99,86.05,25.14,25.18,synthetic_jabodetabek,jakarta_seasonality_population_weather_poisson,0.8703703703703702
KABUPATEN BOGOR,kabupaten,JAWA BARAT,2020,12,2020-12-01,48,0,5400000,0.5142857142857142,0.7,0.028236439612154652,1.044767516710169,24.24,29.08,20.89,89.07,7.38,6.78,9.87,85.88,25.23,25.14,synthetic_jabodetabek,jakarta_seasonality_population_weather_poisson,0.8888888888888888
KABUPATEN TANGERANG,kabupaten,BANTEN,2015,1,2015-01-01,170,0,3600000,0.34285714285714286,0.75,0.10434500385411173,1.25880522695115,26.43,29.36,24.28,85.04,13.1,13.1,13.1,85.04,26.43,26.43,synthetic_jabodetabek,jakarta_seasonality_population_weather_poisson,4.722222222222222
KABUPATEN TANGERANG,kabupaten,BANTEN,2015,2,2015-02-01,234,0,3600000,0.34285714285714286,0.75,0.13298713943770538,1.25880522695115,26.42,29.69,24.23,84.88,19.72,13.1,19.72,85.04,26.43,26.42,synthetic_jabodetabek,jakarta_seasonality_population_weather_poisson,6.499999999999999
KABUPATEN TANGERANG,kabupaten,BANTEN,2015,3,2015-03-01,346,0,3600000,0.34285714285714286,0.75,0.19465292709643392,1.4538236528772024,26.95,30.71,24.47,83.36,9.76,19.72,13.1,84.88,26.42,26.43,synthetic_jabodetabek,jakarta_seasonality_population_weather_poisson,9.611111111111112
KABUPATEN TANGERANG,kabupaten,BANTEN,2015,4,2015-04-01,227,0,3600000,0.34285714285714286,0.75,0.16191326220130633,1.1409621319661445,27.31,30.98,25.0,83.08,6.42,9.76,19.72,83.36,26.95,26.42,synthetic_jabodetabek,jakarta_seasonality_population_weather_poisson,6.305555555555555
KABUPATEN TANGERANG,kabupaten,BANTEN,2015,5,2015-05-01,199,0,3600000,0.34285714285714286,0.75,0.14970181346099234,1.0473522513294082,27.48,30.61,24.27,82.22,2.79,6.42,9.76,83.08,27.31,26.95,synthetic_jabodetabek,jakarta_seasonality_population_weather_poisson,5.527777777777778
KABUPATEN TANGERANG,kabupaten,BANTEN,2015,6,2015-06-01,103,0,3600000,0.34285714285714286,0.75,0.08896912653657349,0.9259869017159013,27.25,30.46,23.9,80.28,2.39,2.79,6.42,82.22,27.48,27.31,synthetic_jabodetabek,jakarta_seasonality_population_weather_poisson,2.861111111111111
KABUPATEN TANGERANG,kabupaten,BANTEN,2015,7,2015-07-01,43,0,3600000,0.34285714285714286,0.75,0.048683516572680434,0.8645185808895974,26.6,30.11,23.14,80.76,0.8,2.39,2.79,80.28,27.25,27.48,synthetic_jabodetabek,jakarta_seasonality_population_weather_poisson,1.1944444444444444
KABUPATEN TANGERANG,kabupaten,BANTEN,2015,8,2015-08-01,31,0,3600000,0.34285714285714286,0.75,0.027506186863564444,0.8041650869636405,26.84,31.46,22.89,77.82,0.83,0.8,2.39,80.76,26.6,27.25,synthetic_jabodetabek,jakarta_seasonality_population_weather_poisson,0.8611111111111112
KABUPATEN TANGERANG,kabupaten,BANTEN,2015,9,2015-09-01,12,0,3600000,0.34285714285714286,0.75,0.01789119234046006,0.7508019221432178,27.64,32.82,23.27,72.24,0.44,0.83,0.8,77.82,26.84,26.6,synthetic_jabodetabek,jakarta_seasonality_population_weather_poisson,0.3333333333333333
KABUPATEN TANGERANG,kabupaten,BANTEN,2015,10,2015-10-01,18,0,3600000,0.34285714285714286,0.75,0.021826443263418396,0.6482085961859251,28.5,33.48,24.46,71.74,0.83,0.44,0.83,72.24,27.64,26.84,synthetic_jabodetabek,jakarta_seasonality_population_weather_poisson,0.5
KABUPATEN TANGERANG,kabupaten,BANTEN,2015,11,2015-11-01,20,0,3600000,0.34285714285714286,0.75,0.023286948760598808,0.6794836975774735,28.65,33.15,25.58,75.36,5.05,0.83,0.44,71.74,28.5,27.64,synthetic_jabodetabek,jakarta_seasonality_population_weather_poisson,0.5555555555555556
KABUPATEN TANGERANG,kabupaten,BANTEN,2015,12,2015-12-01,35,0,3600000,0.34285714285714286,0.75,0.028236439612154652,0.8886735862668934,27.71,31.05,24.91,81.15,8.01,5.05,0.83,75.36,28.65,28.5,synthetic_jabodetabek,jakarta_seasonality_population_weather_poisson,0.9722222222222223
KABUPATEN TANGERANG,kabupaten,BANTEN,2017,1,2017-01-01,80,0,3600000,0.34285714285714286,0.75,0.10434500385411173,1.0203813011292655,26.76,30.18,24.93,85.25,10.77,5.07,9.39,84.26,26.98,27.15,synthetic_jabodetabek,jakarta_seasonality_population_weather_poisson,2.2222222222222223
KABUPATEN TANGERANG,kabupaten,BANTEN,2017,2,2017-02-01,136,0,3600000,0.34285714285714286,0.75,0.13298713943770538,1.2049186155098708,26.58,29.16,24.74,86.62,23.89,10.77,5.07,85.25,26.76,26.98,synthetic_jabodetabek,jakarta_seasonality_population_weather_poisson,3.7777777777777777
KABUPATEN TANGERANG,kabupaten,BANTEN,2017,3,2017-03-01,263,0,3600000,0.34285714285714286,0.75,0.19465292709643392,1.6,27.06,29.84,24.79,83.59,7.16,23.89,10.77,86.62,26.58,26.76,synthetic_jabodetabek,jakarta_seasonality_population_weather_poisson,7.305555555555555
KABUPATEN TANGERANG,kabupaten,BANTEN,2017,4,2017-04-01,144,0,3600000,0.34285714285714286,0.75,0.16191326220130633,1.0716619865402544,27.1,30.44,25.0,85.27,7.59,7.16,23.89,83.59,27.06,26.58,synthetic_jabodetabek,jakarta_seasonality_population_weather_poisson,4.0
KABUPATEN TANGERANG,kabupaten,BANTEN,2017,5,2017-05-01,152,0,3600000,0.34285714285714286,0.75,0.14970181346099234,1.121808087554463,27.7,30.89,24.68,82.48,6.7,7.59,7.16,85.27,27.1,27.06,synthetic_jabodetabek,jakarta_seasonality_population_weather_poisson,4.222222222222222
KABUPATEN TANGERANG,kabupaten,BANTEN,2017,6,2017-06-01,81,0,3600000,0.34285714285714286,0.75,0.08896912653657349,1.0566719702725849,27.1,30.4,24.38,83.63,5.47,6.7,7.59,82.48,27.7,27.1,synthetic_jabodetabek,jakarta_seasonality_population_weather_poisson,2.25
KABUPATEN TANGERANG,kabupaten,BANTEN,2017,7,2017-07-01,44,0,3600000,0.34285714285714286,0.75,0.048683516572680434,1.023174479649361,26.94,30.03,23.41,81.21,3.9,5.47,6.7,83.63,27.1,27.7,synthetic_jabodetabek,jakarta_seasonality_population_weather_poisson,1.2222222222222223
KABUPATEN TANGERANG,kabupaten,BANTEN,2017,8,2017-08-01,24,0,3600000,0.34285714285714286,0.75,0.027506186863564444,0.9187976849199739,26.8,30.05,23.39,79.07,1.12,3.9,5.47,81.21,26.94,27.1,synthetic_jabodetabek,jakarta_seasonality_population_weather_poisson,0.6666666666666666
KABUPATEN TANGERANG,kabupaten,BANTEN,2017,9,2017-09-01,12,0,3600000,0.34285714285714286,0.75,0.01789119234046006,0.7847619564620899,27.3,31.37,23.88,78.76,3.11,1.12,3.9,79.07,26.8,26.94,synthetic_jabodetabek,jakarta_seasonality_population_weather_poisson,0.3333333333333333
KABUPATEN TANGERANG,kabupaten,BANTEN,2017,10,2017-10-01,13,0,3600000,0.34285714285714286,0.75,0.021826443263418396,0.8554796917573281,27.71,31.49,24.95,81.3,6.18,3.11,1.12,78.76,27.3,26.8,synthetic_jabodetabek,jakarta_seasonality_population_weather_poisson,0.3611111111111111
KABUPATEN TANGERANG,kabupaten,BANTEN,2017,11,2017-11-01,16,0,3600000,0.34285714285714286,0.75,0.023286948760598808,1.0162440054796271,27.61,31.23,24.96,82.15,10.52,6.18,3.11,81.3,27.71,27.3,synthetic_jabodetabek,jakarta_seasonality_population_weather_poisson,0.4444444444444444
KABUPATEN TANGERANG,kabupaten,BANTEN,2017,12,2017-12-01,35,0,3600000,0.34285714285714286,0.75,0.028236439612154652,1.1611760083380802,26.97,30.43,24.64,84.15,9.32,10.52,6.18,82.15,27.61,27.71,synthetic_jabodetabek,jakarta_seasonality_population_weather_poisson,0.9722222222222223
KABUPATEN TANGERANG,kabupaten,BANTEN,2018,1,2018-01-01,90,0,3600000,0.34285714285714286,0.75,0.10434500385411173,1.145300842309258,26.89,29.84,24.91,84.24,6.66,9.32,10.52,84.15,26.97,27.61,synthetic_jabodetabek,jakarta_seasonality_population_weather_poisson,2.5
KABUPATEN TANGERANG,kabupaten,BANTEN,2018,2,2018-02-01,110,0,3600000,0.34285714285714286,0.75,0.13298713943770538,1.0645351679109645,26.61,29.2,24.6,85.65,17.62,6.66,9.32,84.24,26.89,26.97,synthetic_jabodetabek,jakarta_seasonality_population_weather_poisson,3.0555555555555554
KABUPATEN TANGERANG,kabupaten,BANTEN,2018,3,2018-03-01,227,0,3600000,0.34285714285714286,0.75,0.19465292709643392,1.4138653816387456,27.23,30.51,24.89,82.61,10.94,17.62,6.66,85.65,26.61,26.89,synthetic_jabodetabek,jakarta_seasonality_population_weather_poisson,6.305555555555555
KABUPATEN TANGERANG,kabupaten,BANTEN,2018,4,2018-04-01,141,0,3600000,0.34285714285714286,0.75,0.16191326220130633,1.1702413366131936,27.7,30.7,25.31,82.66,9.03,10.94,17.62,82.61,27.23,26.61,synthetic_jabodetabek,jakarta_seasonality_population_weather_poisson,3.9166666666666665
KABUPATEN TANGERANG,kabupaten,BANTEN,2018,5,2018-05-01,114,0,3600000,0.34285714285714286,0.75,0.14970181346099234,1.1304748245166762,27.73,30.8,24.94,82.7,2.61,9.03,10.94,82.66,27.7,27.23,synthetic_jabodetabek,jakarta_seasonality_population_weather_poisson,3.1666666666666665
KABUPATEN TANGERANG,kabupaten,BANTEN,2018,6,2018-06-01,48,0,3600000,0.34285714285714286,0.75,0.08896912653657349,0.9396057007904777,27.34,30.58,24.11,81.58,3.21,2.61,9.03,82.7,27.73,27.7,synthetic_jabodetabek,jakarta_seasonality_population_weather_poisson,1.3333333333333333
KABUPATEN TANGERANG,kabupaten,BANTEN,2018,7,2018-07-01,26,0,3600000,0.34285714285714286,0.75,0.048683516572680434,0.9200287997412633,26.66,30.1,22.54,76.07,0.18,3.21,2.61,81.58,27.34,27.73,synthetic_jabodetabek,jakarta_seasonality_population_weather_poisson,0.7222222222222222
KABUPATEN TANGERANG,kabupaten,BANTEN,2018,8,2018-08-01,14,0,3600000,0.34285714285714286,0.75,0.027506186863564444,0.6876361542649294,26.73,30.57,22.78,75.8,0.9,0.18,3.21,76.07,26.66,27.34,synthetic_jabodetabek,jakarta_seasonality_population_weather_poisson,0.3888888888888889
KABUPATEN TANGERANG,kabupaten,BANTEN,2018,9,2018-09-01,9,0,3600000,0.34285714285714286,0.75,0.01789119234046006,0.7059582209026554,27.33,31.44,23.45,75.02,2.46,0.9,0.18,75.8,26.73,26.66,synthetic_jabodetabek,jakarta_seasonality_population_weather_poisson,0.25
KABUPATEN TANGERANG,kabupaten,BANTEN,2018,10,2018-10-01,11,0,3600000,0.34285714285714286,0.75,0.021826443263418396,0.7572555553778568,28.2,32.58,25.2,75.84,3.62,2.46,0.9,75.02,27.33,26.73,synthetic_jabodetabek,jakarta_seasonality_population_weather_poisson,0.3055555555555556
KABUPATEN TANGERANG,kabupaten,BANTEN,2018,11,2018-11-01,16,0,3600000,0.34285714285714286,0.75,0.023286948760598808,0.8401541611114546,27.82,32.6,25.26,80.05,7.26,3.62,2.46,75.84,28.2,27.33,synthetic_jabodetabek,jakarta_seasonality_population_weather_poisson,0.4444444444444444
KABUPATEN TANGERANG,kabupaten,BANTEN,2018,12,2018-12-01,28,0,3600000,0.34285714285714286,0.75,0.028236439612154652,1.0258820464806202,27.38,31.44,24.78,81.65,6.5,7.26,3.62,80.05,27.82,28.2,synthetic_jabodetabek,jakarta_seasonality_population_weather_poisson,0.7777777777777778
KABUPATEN TANGERANG,kabupaten,BANTEN,2019,1,2019-01-01,228,0,3600000,0.34285714285714286,0.75,0.10434500385411173,1.0217180961760044,27.23,30.51,24.95,83.93,12.85,6.5,7.26,81.65,27.38,27.82,synthetic_jabodetabek,jakarta_seasonality_population_weather_poisson,6.333333333333333
KABUPATEN TANGERANG,kabupaten,BANTEN,2019,2,2019-02-01,363,0,3600000,0.34285714285714286,0.75,0.13298713943770538,1.2557447217139857,27.48,30.43,25.21,82.62,8.25,12.85,6.5,83.93,27.23,27.38,synthetic_jabodetabek,jakarta_seasonality_population_weather_poisson,10.083333333333334
KABUPATEN TANGERANG,kabupaten,BANTEN,2019,3,2019-03-01,475,0,3600000,0.34285714285714286,0.75,0.19465292709643392,1.0984676757485572,27.38,30.66,24.85,82.73,9.81,8.25,12.85,82.62,27.48,27.23,synthetic_jabodetabek,jakarta_seasonality_population_weather_poisson,13.194444444444443
KABUPATEN TANGERANG,kabupaten,BANTEN,2019,4,2019-04-01,429,0,3600000,0.34285714285714286,0.75,0.16191326220130633,1.1441416646851024,28.08,31.25,25.47,82.81,7.82,9.81,8.25,82.73,27.38,27.48,synthetic_jabodetabek,jakarta_seasonality_population_weather_poisson,11.916666666666668
KABUPATEN TANGERANG,kabupaten,BANTEN,2019,5,2019-05-01,410,0,3600000,0.34285714285714286,0.75,0.14970181346099234,1.110696860147983,28.08,30.9,25.54,81.44,4.96,7.82,9.81,82.81,28.08,27.38,synthetic_jabodetabek,jakarta_seasonality_population_weather_poisson,11.38888888888889
KABUPATEN TANGERANG,kabupaten,BANTEN,2019,6,2019-06-01,197,0,3600000,0.34285714285714286,0.75,0.08896912653657349,0.9956010187349474,27.41,30.72,23.69,78.69,1.71,4.96,7.82,81.44,28.08,28.08,synthetic_jabodetabek,jakarta_seasonality_population_weather_poisson,5.472222222222222
KABUPATEN TANGERANG,kabupaten,BANTEN,2019,7,2019-07-01,110,0,3600000,0.34285714285714286,0.75,0.048683516572680434,0.8158146437899926,26.76,30.17,23.01,77.96,1.18,1.71,4.96,78.69,27.41,28.08,synthetic_jabodetabek,jakarta_seasonality_population_weather_poisson,3.0555555555555554
KABUPATEN TANGERANG,kabupaten,BANTEN,2019,8,2019-08-01,55,0,3600000,0.34285714285714286,0.75,0.027506186863564444,0.7614853795331028,26.57,30.44,22.18,75.81,0.38,1.18,1.71,77.96,26.76,27.41,synthetic_jabodetabek,jakarta_seasonality_population_weather_poisson,1.5277777777777777
KABUPATEN TANGERANG,kabupaten,BANTEN,2019,9,2019-09-01,20,0,3600000,0.34285714285714286,0.75,0.01789119234046006,0.6849334449511196,27.5,32.4,22.41,72.92,0.24,0.38,1.18,75.81,26.57,26.76,synthetic_jabodetabek,jakarta_seasonality_population_weather_poisson,0.5555555555555556
KABUPATEN TANGERANG,kabupaten,BANTEN,2019,10,2019-10-01,35,0,3600000,0.34285714285714286,0.75,0.021826443263418396,0.6517842730236734,28.4,34.2,23.93,72.32,2.57,0.24,0.38,72.92,27.5,26.57,synthetic_jabodetabek,jakarta_seasonality_population_weather_poisson,0.9722222222222223
KABUPATEN TANGERANG,kabupaten,BANTEN,2019,11,2019-11-01,38,0,3600000,0.34285714285714286,0.75,0.023286948760598808,0.7405860426382174,28.67,34.38,24.44,73.16,3.61,2.57,0.24,72.32,28.4,27.5,synthetic_jabodetabek,jakarta_seasonality_population_weather_poisson,1.0555555555555556
KABUPATEN TANGERANG,kabupaten,BANTEN,2019,12,2019-12-01,46,0,3600000,0.34285714285714286,0.75,0.028236439612154652,0.7992188743378188,28.22,32.49,25.67,78.99,9.23,3.61,2.57,73.16,28.67,28.4,synthetic_jabodetabek,jakarta_seasonality_population_weather_poisson,1.2777777777777777
KABUPATEN TANGERANG,kabupaten,BANTEN,2020,1,2020-01-01,135,0,3600000,0.34285714285714286,0.75,0.10434500385411173,1.0764896046781276,27.44,30.24,25.18,84.33,15.38,9.23,3.61,78.99,28.22,28.67,synthetic_jabodetabek,jakarta_seasonality_population_weather_poisson,3.7499999999999996
KABUPATEN TANGERANG,kabupaten,BANTEN,2020,2,2020-02-01,243,0,3600000,0.34285714285714286,0.75,0.13298713943770538,1.347626034642847,27.28,30.49,25.36,85.99,19.29,15.38,9.23,84.33,27.44,28.22,synthetic_jabodetabek,jakarta_seasonality_population_weather_poisson,6.75
KABUPATEN TANGERANG,kabupaten,BANTEN,2020,3,2020-03-01,379,0,3600000,0.34285714285714286,0.75,0.19465292709643392,1.4948116840768142,27.61,30.26,25.47,84.68,12.12,19.29,15.38,85.99,27.28,27.44,synthetic_jabodetabek,jakarta_seasonality_population_weather_poisson,10.527777777777777
KABUPATEN TANGERANG,kabupaten,BANTEN,2020,4,2020-04-01,266,0,3600000,0.34285714285714286,0.75,0.16191326220130633,1.2631757980450238,27.9,31.4,25.44,83.39,7.38,12.12,19.29,84.68,27.61,27.28,synthetic_jabodetabek,jakarta_seasonality_population_weather_poisson,7.388888888888889
KABUPATEN TANGERANG,kabupaten,BANTEN,2020,5,2020-05-01,207,0,3600000,0.34285714285714286,0.75,0.14970181346099234,1.1035273615320347,27.9,30.54,25.77,84.77,6.55,7.38,12.12,83.39,27.9,27.61,synthetic_jabodetabek,jakarta_seasonality_population_weather_poisson,5.75
KABUPATEN TANGERANG,kabupaten,BANTEN,2020,6,2020-06-01,136,0,3600000,0.34285714285714286,0.75,0.08896912653657349,1.1080349462237187,27.4,30.61,25.17,83.49,2.83,6.55,7.38,84.77,27.9,27.9,synthetic_jabodetabek,jakarta_seasonality_population_weather_poisson,3.7777777777777777
KABUPATEN TANGERANG,kabupaten,BANTEN,2020,7,2020-07-01,50,0,3600000,0.34285714285714286,0.75,0.048683516572680434,0.9514606524101256,27.08,30.19,23.9,81.62,3.47,2.83,6.55,83.49,27.4,27.9,synthetic_jabodetabek,jakarta_seasonality_population_weather_poisson,1.388888888888889
KABUPATEN TANGERANG,kabupaten,BANTEN,2020,8,2020-08-01,36,0,3600000,0.34285714285714286,0.75,0.027506186863564444,0.9195504417782325,27.13,30.49,23.28,81.88,3.91,3.47,2.83,81.62,27.08,27.4,synthetic_jabodetabek,jakarta_seasonality_population_weather_poisson,1.0
KABUPATEN TANGERANG,kabupaten,BANTEN,2020,9,2020-09-01,28,0,3600000,0.34285714285714286,0.75,0.01789119234046006,0.9400648256485349,27.43,30.75,24.36,80.29,4.66,3.91,3.47,81.88,27.13,27.08,synthetic_jabodetabek,jakarta_seasonality_population_weather_poisson,0.7777777777777778
KABUPATEN TANGERANG,kabupaten,BANTEN,2020,10,2020-10-01,11,0,3600000,0.34285714285714286,0.75,0.021826443263418396,0.9392209979879448,27.35,30.96,25.01,82.36,6.81,4.66,3.91,80.29,27.43,27.13,synthetic_jabodetabek,jakarta_seasonality_population_weather_poisson,0.3055555555555556
KABUPATEN TANGERANG,kabupaten,BANTEN,2020,11,2020-11-01,18,0,3600000,0.34285714285714286,0.75,0.023286948760598808,1.0451139127945737,27.61,31.12,24.82,82.17,5.14,6.81,4.66,82.36,27.35,27.43,synthetic_jabodetabek,jakarta_seasonality_population_weather_poisson,0.5
KABUPATEN TANGERANG,kabupaten,BANTEN,2020,12,2020-12-01,40,0,3600000,0.34285714285714286,0.75,0.028236439612154652,1.000054519629295,26.75,29.74,24.79,85.47,8.48,5.14,6.81,82.17,27.61,27.35,synthetic_jabodetabek,jakarta_seasonality_population_weather_poisson,1.1111111111111112
KOTA BEKASI,kota,JAWA BARAT,2015,1,2015-01-01,169,0,2500000,0.23809523809523808,1.0,0.10434500385411173,1.2330362518676508,26.46,30.33,24.09,85.5,11.88,11.88,11.88,85.5,26.46,26.46,synthetic_jabodetabek,jakarta_seasonality_population_weather_poisson,6.760000000000001
KOTA BEKASI,kota,JAWA BARAT,2015,2,2015-02-01,208,0,2500000,0.23809523809523808,1.0,0.13298713943770538,1.2330362518676508,26.4,29.97,24.26,85.8,19.1,11.88,19.1,85.5,26.46,26.4,synthetic_jabodetabek,jakarta_seasonality_population_weather_poisson,8.32
KOTA BEKASI,kota,JAWA BARAT,2015,3,2015-03-01,360,0,2500000,0.23809523809523808,1.0,0.19465292709643392,1.4541239085013473,27.01,31.32,24.36,83.57,9.22,19.1,11.88,85.8,26.4,26.46,synthetic_jabodetabek,jakarta_seasonality_population_weather_poisson,14.4
KOTA BEKASI,kota,JAWA BARAT,2015,4,2015-04-01,205,0,2500000,0.23809523809523808,1.0,0.16191326220130633,1.1313347174927852,27.54,31.16,24.84,82.29,6.37,9.22,19.1,83.57,27.01,26.4,synthetic_jabodetabek,jakarta_seasonality_population_weather_poisson,8.2
KOTA BEKASI,kota,JAWA BARAT,2015,5,2015-05-01,186,0,2500000,0.23809523809523808,1.0,0.14970181346099234,1.0370871434162408,27.5,30.73,24.01,82.94,3.17,6.37,9.22,82.29,27.54,27.01,synthetic_jabodetabek,jakarta_seasonality_population_weather_poisson,7.44
KOTA BEKASI,kota,JAWA BARAT,2015,6,2015-06-01,105,0,2500000,0.23809523809523808,1.0,0.08896912653657349,0.9534553248108355,27.19,30.56,23.39,81.07,1.51,3.17,6.37,82.94,27.5,27.54,synthetic_jabodetabek,jakarta_seasonality_population_weather_poisson,4.2
KOTA BEKASI,kota,JAWA BARAT,2015,7,2015-07-01,41,0,2500000,0.23809523809523808,1.0,0.048683516572680434,0.8528333190745272,26.72,30.26,23.28,80.57,0.47,1.51,3.17,81.07,27.19,27.5,synthetic_jabodetabek,jakarta_seasonality_population_weather_poisson,1.64
KOTA BEKASI,kota,JAWA BARAT,2015,8,2015-08-01,21,0,2500000,0.23809523809523808,1.0,0.027506186863564444,0.7944217936158228,26.76,31.16,22.66,78.55,0.56,0.47,1.51,80.57,26.72,27.19,synthetic_jabodetabek,jakarta_seasonality_population_weather_poisson,0.84
KOTA BEKASI,kota,JAWA BARAT,2015,9,2015-09-01,17,0,2500000,0.23809523809523808,1.0,0.01789119234046006,0.755450892716453,27.61,32.62,23.3,73.1,0.25,0.56,0.47,78.55,26.76,26.72,synthetic_jabodetabek,jakarta_seasonality_population_weather_poisson,0.68
KOTA BEKASI,kota,JAWA BARAT,2015,10,2015-10-01,19,0,2500000,0.23809523809523808,1.0,0.021826443263418396,0.6597896153119127,28.53,33.11,24.7,72.06,0.56,0.25,0.56,73.1,27.61,26.76,synthetic_jabodetabek,jakarta_seasonality_population_weather_poisson,0.76
KOTA BEKASI,kota,JAWA BARAT,2015,11,2015-11-01,25,0,2500000,0.23809523809523808,1.0,0.023286948760598808,0.679255164464414,28.75,33.27,25.7,75.69,4.34,0.56,0.25,72.06,28.53,27.61,synthetic_jabodetabek,jakarta_seasonality_population_weather_poisson,1.0
KOTA BEKASI,kota,JAWA BARAT,2015,12,2015-12-01,24,0,2500000,0.23809523809523808,1.0,0.028236439612154652,0.8779065950022301,27.89,31.15,24.58,80.88,7.46,4.34,0.56,75.69,28.75,28.53,synthetic_jabodetabek,jakarta_seasonality_population_weather_poisson,0.96
KOTA BEKASI,kota,JAWA BARAT,2017,1,2017-01-01,85,0,2500000,0.23809523809523808,1.0,0.10434500385411173,1.0373182014041034,26.75,30.7,24.66,86.06,11.0,5.25,9.59,84.57,27.12,27.4,synthetic_jabodetabek,jakarta_seasonality_population_weather_poisson,3.4
KOTA BEKASI,kota,JAWA BARAT,2017,2,2017-02-01,135,0,2500000,0.23809523809523808,1.0,0.13298713943770538,1.2287478369455291,26.6,29.79,24.49,87.06,19.52,11.0,5.25,86.06,26.75,27.12,synthetic_jabodetabek,jakarta_seasonality_population_weather_poisson,5.3999999999999995
KOTA BEKASI,kota,JAWA BARAT,2017,3,2017-03-01,225,0,2500000,0.23809523809523808,1.0,0.19465292709643392,1.5006363834908163,27.15,30.37,24.74,83.89,7.38,19.52,11.0,87.06,26.6,26.75,synthetic_jabodetabek,jakarta_seasonality_population_weather_poisson,9.0
KOTA BEKASI,kota,JAWA BARAT,2017,4,2017-04-01,148,0,2500000,0.23809523809523808,1.0,0.16191326220130633,1.087829306699093,27.41,30.65,24.99,84.46,8.42,7.38,19.52,83.89,27.15,26.6,synthetic_jabodetabek,jakarta_seasonality_population_weather_poisson,5.92
KOTA BEKASI,kota,JAWA BARAT,2017,5,2017-05-01,160,0,2500000,0.23809523809523808,1.0,0.14970181346099234,1.140352529415488,27.79,30.93,24.56,82.47,4.54,8.42,7.38,84.46,27.41,27.15,synthetic_jabodetabek,jakarta_seasonality_population_weather_poisson,6.3999999999999995
KOTA BEKASI,kota,JAWA BARAT,2017,6,2017-06-01,71,0,2500000,0.23809523809523808,1.0,0.08896912653657349,0.9947626297035395,27.23,30.45,24.93,83.74,4.39,4.54,8.42,82.47,27.79,27.41,synthetic_jabodetabek,jakarta_seasonality_population_weather_poisson,2.84
KOTA BEKASI,kota,JAWA BARAT,2017,7,2017-07-01,38,0,2500000,0.23809523809523808,1.0,0.048683516572680434,0.9976599527477102,27.05,30.34,22.96,80.87,2.26,4.39,4.54,83.74,27.23,27.79,synthetic_jabodetabek,jakarta_seasonality_population_weather_poisson,1.52
KOTA BEKASI,kota,JAWA BARAT,2017,8,2017-08-01,13,0,2500000,0.23809523809523808,1.0,0.027506186863564444,0.8661679083409527,26.89,30.18,22.75,78.86,0.58,2.26,4.39,80.87,27.05,27.23,synthetic_jabodetabek,jakarta_seasonality_population_weather_poisson,0.52
KOTA BEKASI,kota,JAWA BARAT,2017,9,2017-09-01,9,0,2500000,0.23809523809523808,1.0,0.01789119234046006,0.7672319076729875,27.52,31.77,23.87,77.46,1.98,0.58,2.26,78.86,26.89,27.05,synthetic_jabodetabek,jakarta_seasonality_population_weather_poisson,0.36
KOTA BEKASI,kota,JAWA BARAT,2017,10,2017-10-01,15,0,2500000,0.23809523809523808,1.0,0.021826443263418396,0.8015569275992019,28.07,31.68,25.64,79.79,6.99,1.98,0.58,77.46,27.52,26.89,synthetic_jabodetabek,jakarta_seasonality_population_weather_poisson,0.6
KOTA BEKASI,kota,JAWA BARAT,2017,11,2017-11-01,18,0,2500000,0.23809523809523808,1.0,0.023286948760598808,1.021016839900408,27.95,31.69,25.34,80.72,11.01,6.99,1.98,79.79,28.07,27.52,synthetic_jabodetabek,jakarta_seasonality_population_weather_poisson,0.72
KOTA BEKASI,kota,JAWA BARAT,2017,12,2017-12-01,21,0,2500000,0.23809523809523808,1.0,0.028236439612154652,1.1573431834240657,27.14,31.45,24.44,84.11,7.79,11.01,6.99,80.72,27.95,28.07,synthetic_jabodetabek,jakarta_seasonality_population_weather_poisson,0.84
KOTA BEKASI,kota,JAWA BARAT,2018,1,2018-01-01,73,0,2500000,0.23809523809523808,1.0,0.10434500385411173,1.1044809095099395,26.98,30.56,24.87,84.63,6.49,7.79,11.01,84.11,27.14,27.95,synthetic_jabodetabek,jakarta_seasonality_population_weather_poisson,2.9200000000000004
KOTA BEKASI,kota,JAWA BARAT,2018,2,2018-02-01,93,0,2500000,0.23809523809523808,1.0,0.13298713943770538,1.070911133461228,26.6,29.32,24.28,86.64,16.07,6.49,7.79,84.63,26.98,27.14,synthetic_jabodetabek,jakarta_seasonality_population_weather_poisson,3.72
KOTA BEKASI,kota,JAWA BARAT,2018,3,2018-03-01,170,0,2500000,0.23809523809523808,1.0,0.19465292709643392,1.3880843814902946,27.38,31.25,24.66,82.83,10.07,16.07,6.49,86.64,26.6,26.98,synthetic_jabodetabek,jakarta_seasonality_population_weather_poisson,6.8
KOTA BEKASI,kota,JAWA BARAT,2018,4,2018-04-01,128,0,2500000,0.23809523809523808,1.0,0.16191326220130633,1.1540814570277764,27.85,30.69,25.38,82.7,5.66,10.07,16.07,82.83,27.38,26.6,synthetic_jabodetabek,jakarta_seasonality_population_weather_poisson,5.12
KOTA BEKASI,kota,JAWA BARAT,2018,5,2018-05-01,109,0,2500000,0.23809523809523808,1.0,0.14970181346099234,1.0354074135847848,27.84,31.1,25.15,82.52,2.17,5.66,10.07,82.7,27.85,27.38,synthetic_jabodetabek,jakarta_seasonality_population_weather_poisson,4.36
KOTA BEKASI,kota,JAWA BARAT,2018,6,2018-06-01,51,0,2500000,0.23809523809523808,1.0,0.08896912653657349,0.926421161655431,27.45,30.55,24.08,81.44,1.97,2.17,5.66,82.52,27.84,27.85,synthetic_jabodetabek,jakarta_seasonality_population_weather_poisson,2.04
KOTA BEKASI,kota,JAWA BARAT,2018,7,2018-07-01,30,0,2500000,0.23809523809523808,1.0,0.048683516572680434,0.8836753063635557,26.71,30.13,22.31,76.08,0.1,1.97,2.17,81.44,27.45,27.84,synthetic_jabodetabek,jakarta_seasonality_population_weather_poisson,1.2
KOTA BEKASI,kota,JAWA BARAT,2018,8,2018-08-01,14,0,2500000,0.23809523809523808,1.0,0.027506186863564444,0.6872046338862505,26.81,30.57,22.23,75.65,0.54,0.1,1.97,76.08,26.71,27.45,synthetic_jabodetabek,jakarta_seasonality_population_weather_poisson,0.5599999999999999
KOTA BEKASI,kota,JAWA BARAT,2018,9,2018-09-01,11,0,2500000,0.23809523809523808,1.0,0.01789119234046006,0.6947612244763745,27.67,31.77,23.67,73.72,1.85,0.54,0.1,75.65,26.81,26.71,synthetic_jabodetabek,jakarta_seasonality_population_weather_poisson,0.44
KOTA BEKASI,kota,JAWA BARAT,2018,10,2018-10-01,14,0,2500000,0.23809523809523808,1.0,0.021826443263418396,0.7231648977256325,28.52,32.95,25.26,74.55,3.29,1.85,0.54,73.72,27.67,26.81,synthetic_jabodetabek,jakarta_seasonality_population_weather_poisson,0.5599999999999999
KOTA BEKASI,kota,JAWA BARAT,2018,11,2018-11-01,10,0,2500000,0.23809523809523808,1.0,0.023286948760598808,0.8139815041555246,28.12,33.64,25.73,78.78,5.94,3.29,1.85,74.55,28.52,27.67,synthetic_jabodetabek,jakarta_seasonality_population_weather_poisson,0.39999999999999997
KOTA BEKASI,kota,JAWA BARAT,2018,12,2018-12-01,14,0,2500000,0.23809523809523808,1.0,0.028236439612154652,0.969705713427674,27.75,32.03,24.86,80.52,6.65,5.94,3.29,78.78,28.12,28.52,synthetic_jabodetabek,jakarta_seasonality_population_weather_poisson,0.5599999999999999
KOTA BEKASI,kota,JAWA BARAT,2019,1,2019-01-01,230,0,2500000,0.23809523809523808,1.0,0.10434500385411173,1.01512828445779,27.32,31.21,25.05,83.93,13.54,6.65,5.94,80.52,27.75,28.12,synthetic_jabodetabek,jakarta_seasonality_population_weather_poisson,9.2
KOTA BEKASI,kota,JAWA BARAT,2019,2,2019-02-01,373,0,2500000,0.23809523809523808,1.0,0.13298713943770538,1.2796270553034994,27.66,30.85,25.13,82.3,8.96,13.54,6.65,83.93,27.32,27.75,synthetic_jabodetabek,jakarta_seasonality_population_weather_poisson,14.92
KOTA BEKASI,kota,JAWA BARAT,2019,3,2019-03-01,444,0,2500000,0.23809523809523808,1.0,0.19465292709643392,1.1192894644344735,27.65,31.26,24.6,81.75,8.07,8.96,13.54,82.3,27.66,27.32,synthetic_jabodetabek,jakarta_seasonality_population_weather_poisson,17.76
KOTA BEKASI,kota,JAWA BARAT,2019,4,2019-04-01,368,0,2500000,0.23809523809523808,1.0,0.16191326220130633,1.0804839798883312,28.18,31.05,25.56,82.84,8.43,8.07,8.96,81.75,27.65,27.66,synthetic_jabodetabek,jakarta_seasonality_population_weather_poisson,14.72
KOTA BEKASI,kota,JAWA BARAT,2019,5,2019-05-01,344,0,2500000,0.23809523809523808,1.0,0.14970181346099234,1.13316826782591,28.08,31.25,25.3,81.97,5.41,8.43,8.07,82.84,28.18,27.65,synthetic_jabodetabek,jakarta_seasonality_population_weather_poisson,13.760000000000002
KOTA BEKASI,kota,JAWA BARAT,2019,6,2019-06-01,180,0,2500000,0.23809523809523808,1.0,0.08896912653657349,1.0204163866745846,27.39,30.74,23.63,79.4,1.21,5.41,8.43,81.97,28.08,28.18,synthetic_jabodetabek,jakarta_seasonality_population_weather_poisson,7.2
KOTA BEKASI,kota,JAWA BARAT,2019,7,2019-07-01,88,0,2500000,0.23809523809523808,1.0,0.048683516572680434,0.8152396587309158,26.62,30.25,22.15,79.25,0.63,1.21,5.41,79.4,27.39,28.08,synthetic_jabodetabek,jakarta_seasonality_population_weather_poisson,3.52
KOTA BEKASI,kota,JAWA BARAT,2019,8,2019-08-01,46,0,2500000,0.23809523809523808,1.0,0.027506186863564444,0.7675605257187333,26.57,30.27,22.22,76.2,0.24,0.63,1.21,79.25,26.62,27.39,synthetic_jabodetabek,jakarta_seasonality_population_weather_poisson,1.84
KOTA BEKASI,kota,JAWA BARAT,2019,9,2019-09-01,21,0,2500000,0.23809523809523808,1.0,0.01789119234046006,0.6890468858160798,27.51,32.52,22.73,73.31,0.13,0.24,0.63,76.2,26.57,26.62,synthetic_jabodetabek,jakarta_seasonality_population_weather_poisson,0.84
KOTA BEKASI,kota,JAWA BARAT,2019,10,2019-10-01,23,0,2500000,0.23809523809523808,1.0,0.021826443263418396,0.6571500225992326,28.68,34.16,24.46,71.5,2.06,0.13,0.24,73.31,27.51,26.57,synthetic_jabodetabek,jakarta_seasonality_population_weather_poisson,0.92
KOTA BEKASI,kota,JAWA BARAT,2019,11,2019-11-01,36,0,2500000,0.23809523809523808,1.0,0.023286948760598808,0.7176259039960207,28.7,33.25,24.92,74.45,4.98,2.06,0.13,71.5,28.68,27.51,synthetic_jabodetabek,jakarta_seasonality_population_weather_poisson,1.44
KOTA BEKASI,kota,JAWA BARAT,2019,12,2019-12-01,50,0,2500000,0.23809523809523808,1.0,0.028236439612154652,0.8689220610410442,28.23,32.16,25.76,79.68,8.45,4.98,2.06,74.45,28.7,28.68,synthetic_jabodetabek,jakarta_seasonality_population_weather_poisson,2.0
KOTA BEKASI,kota,JAWA BARAT,2020,1,2020-01-01,106,0,2500000,0.23809523809523808,1.0,0.10434500385411173,1.06813483834962,27.49,30.71,25.01,84.41,12.47,8.45,4.98,79.68,28.23,28.7,synthetic_jabodetabek,jakarta_seasonality_population_weather_poisson,4.24
KOTA BEKASI,kota,JAWA BARAT,2020,2,2020-02-01,186,0,2500000,0.23809523809523808,1.0,0.13298713943770538,1.2637095016547601,27.38,30.84,25.45,85.87,20.58,12.47,8.45,84.41,27.49,28.23,synthetic_jabodetabek,jakarta_seasonality_population_weather_poisson,7.44
KOTA BEKASI,kota,JAWA BARAT,2020,3,2020-03-01,314,0,2500000,0.23809523809523808,1.0,0.19465292709643392,1.5345028414733757,27.72,30.3,25.83,84.45,10.8,20.58,12.47,85.87,27.38,27.49,synthetic_jabodetabek,jakarta_seasonality_population_weather_poisson,12.559999999999999
KOTA BEKASI,kota,JAWA BARAT,2020,4,2020-04-01,246,0,2500000,0.23809523809523808,1.0,0.16191326220130633,1.2225007284634208,27.98,31.33,25.64,83.46,6.87,10.8,20.58,84.45,27.72,27.38,synthetic_jabodetabek,jakarta_seasonality_population_weather_poisson,9.84
KOTA BEKASI,kota,JAWA BARAT,2020,5,2020-05-01,173,0,2500000,0.23809523809523808,1.0,0.14970181346099234,1.0925180443306934,28.1,31.22,26.03,84.29,5.62,6.87,10.8,83.46,27.98,27.72,synthetic_jabodetabek,jakarta_seasonality_population_weather_poisson,6.92
KOTA BEKASI,kota,JAWA BARAT,2020,6,2020-06-01,107,0,2500000,0.23809523809523808,1.0,0.08896912653657349,1.0769023587033795,27.63,30.46,25.19,83.37,2.08,5.62,6.87,84.29,28.1,27.98,synthetic_jabodetabek,jakarta_seasonality_population_weather_poisson,4.279999999999999
KOTA BEKASI,kota,JAWA BARAT,2020,7,2020-07-01,51,0,2500000,0.23809523809523808,1.0,0.048683516572680434,0.934464967992764,27.16,30.0,23.89,81.58,2.79,2.08,5.62,83.37,27.63,28.1,synthetic_jabodetabek,jakarta_seasonality_population_weather_poisson,2.04
KOTA BEKASI,kota,JAWA BARAT,2020,8,2020-08-01,24,0,2500000,0.23809523809523808,1.0,0.027506186863564444,0.9010905444345163,27.19,30.56,23.8,82.07,1.8,2.79,2.08,81.58,27.16,27.63,synthetic_jabodetabek,jakarta_seasonality_population_weather_poisson,0.96
KOTA BEKASI,kota,JAWA BARAT,2020,9,2020-09-01,19,0,2500000,0.23809523809523808,1.0,0.01789119234046006,0.8828676889335972,27.67,31.15,24.78,79.39,3.87,1.8,2.79,82.07,27.19,27.16,synthetic_jabodetabek,jakarta_seasonality_population_weather_poisson,0.76
KOTA BEKASI,kota,JAWA BARAT,2020,10,2020-10-01,25,0,2500000,0.23809523809523808,1.0,0.021826443263418396,0.9047411112228263,27.69,31.38,25.34,81.25,6.64,3.87,1.8,79.39,27.67,27.19,synthetic_jabodetabek,jakarta_seasonality_population_weather_poisson,1.0
KOTA BEKASI,kota,JAWA BARAT,2020,11,2020-11-01,16,0,2500000,0.23809523809523808,1.0,0.023286948760598808,1.0282873749256152,27.85,31.59,24.93,81.3,7.96,6.64,3.87,81.25,27.69,27.67,synthetic_jabodetabek,jakarta_seasonality_population_weather_poisson,0.64
KOTA BEKASI,kota,JAWA BARAT,2020,12,2020-12-01,35,0,2500000,0.23809523809523808,1.0,0.028236439612154652,1.0746137442470771,26.95,30.34,24.6,85.2,7.41,7.96,6.64,81.3,27.85,27.69,synthetic_jabodetabek,jakarta_seasonality_population_weather_poisson,1.4
KOTA BOGOR,kota,JAWA BARAT,2015,1,2015-01-01,65,0,1100000,0.10476190476190476,0.85,0.10434500385411173,1.2015231740192958,23.86,28.61,20.12,89.11,11.31,11.31,11.31,89.11,23.86,23.86,synthetic_jabodetabek,jakarta_seasonality_population_weather_poisson,5.909090909090909
KOTA BOGOR,kota,JAWA BARAT,2015,2,2015-02-01,72,0,1100000,0.10476190476190476,0.85,0.13298713943770538,1.2015231740192958,24.01,29.2,19.21,89.4,17.33,11.31,17.33,89.11,23.86,24.01,synthetic_jabodetabek,jakarta_seasonality_population_weather_poisson,6.545454545454545
KOTA BOGOR,kota,JAWA BARAT,2015,3,2015-03-01,124,0,1100000,0.10476190476190476,0.85,0.19465292709643392,1.3937457020313104,24.3,30.54,20.59,88.64,10.25,17.33,11.31,89.4,24.01,23.86,synthetic_jabodetabek,jakarta_seasonality_population_weather_poisson,11.272727272727272
KOTA BOGOR,kota,JAWA BARAT,2015,4,2015-04-01,81,0,1100000,0.10476190476190476,0.85,0.16191326220130633,1.1751358739541435,24.69,29.99,20.75,88.38,7.11,10.25,17.33,88.64,24.3,24.01,synthetic_jabodetabek,jakarta_seasonality_population_weather_poisson,7.363636363636364
KOTA BOGOR,kota,JAWA BARAT,2015,5,2015-05-01,74,0,1100000,0.10476190476190476,0.85,0.14970181346099234,1.0890124736350228,24.78,29.95,18.89,86.63,3.96,7.11,10.25,88.38,24.69,24.3,synthetic_jabodetabek,jakarta_seasonality_population_weather_poisson,6.7272727272727275
KOTA BOGOR,kota,JAWA BARAT,2015,6,2015-06-01,36,0,1100000,0.10476190476190476,0.85,0.08896912653657349,0.9602679750082737,24.48,29.95,18.2,84.27,1.13,3.96,7.11,86.63,24.78,24.69,synthetic_jabodetabek,jakarta_seasonality_population_weather_poisson,3.2727272727272725
KOTA BOGOR,kota,JAWA BARAT,2015,7,2015-07-01,19,0,1100000,0.10476190476190476,0.85,0.048683516572680434,0.8144153314186144,23.88,29.61,18.06,83.93,0.3,1.13,3.96,84.27,24.48,24.78,synthetic_jabodetabek,jakarta_seasonality_population_weather_poisson,1.7272727272727273
KOTA BOGOR,kota,JAWA BARAT,2015,8,2015-08-01,7,0,1100000,0.10476190476190476,0.85,0.027506186863564444,0.7611525227459228,24.28,30.74,17.09,80.53,0.53,0.3,1.13,83.93,23.88,24.48,synthetic_jabodetabek,jakarta_seasonality_population_weather_poisson,0.6363636363636364
KOTA BOGOR,kota,JAWA BARAT,2015,9,2015-09-01,12,0,1100000,0.10476190476190476,0.85,0.01789119234046006,0.7096084538469161,25.19,32.72,17.85,74.79,0.31,0.53,0.3,80.53,24.28,23.88,synthetic_jabodetabek,jakarta_seasonality_population_weather_poisson,1.0909090909090908
KOTA BOGOR,kota,JAWA BARAT,2015,10,2015-10-01,10,0,1100000,0.10476190476190476,0.85,0.021826443263418396,0.6125738991238746,26.7,35.17,19.81,70.0,0.59,0.31,0.53,74.79,25.19,24.28,synthetic_jabodetabek,jakarta_seasonality_population_weather_poisson,0.9090909090909091
KOTA BOGOR,kota,JAWA BARAT,2015,11,2015-11-01,8,0,1100000,0.10476190476190476,0.85,0.023286948760598808,0.6,26.38,35.33,21.3,79.21,8.41,0.59,0.31,70.0,26.7,25.19,synthetic_jabodetabek,jakarta_seasonality_population_weather_poisson,0.7272727272727272
KOTA BOGOR,kota,JAWA BARAT,2015,12,2015-12-01,13,0,1100000,0.10476190476190476,0.85,0.028236439612154652,0.9918859161326008,25.32,31.26,20.32,84.53,8.89,8.41,0.59,79.21,26.38,26.7,synthetic_jabodetabek,jakarta_seasonality_population_weather_poisson,1.1818181818181819
KOTA BOGOR,kota,JAWA BARAT,2017,1,2017-01-01,18,0,1100000,0.10476190476190476,0.85,0.10434500385411173,0.9901612691998862,24.12,29.97,20.49,89.29,8.71,4.31,9.93,88.33,24.3,24.76,synthetic_jabodetabek,jakarta_seasonality_population_weather_poisson,1.6363636363636362
KOTA BOGOR,kota,JAWA BARAT,2017,2,2017-02-01,49,0,1100000,0.10476190476190476,0.85,0.13298713943770538,1.1364289591236267,24.09,29.21,20.59,90.55,16.48,8.71,4.31,89.29,24.12,24.3,synthetic_jabodetabek,jakarta_seasonality_population_weather_poisson,4.454545454545455
KOTA BOGOR,kota,JAWA BARAT,2017,3,2017-03-01,88,0,1100000,0.10476190476190476,0.85,0.19465292709643392,1.395559533199667,24.5,29.8,20.66,88.12,8.86,16.48,8.71,90.55,24.09,24.12,synthetic_jabodetabek,jakarta_seasonality_population_weather_poisson,8.0
KOTA BOGOR,kota,JAWA BARAT,2017,4,2017-04-01,38,0,1100000,0.10476190476190476,0.85,0.16191326220130633,1.1293375750940968,24.83,29.62,20.8,88.92,8.93,8.86,16.48,88.12,24.5,24.09,synthetic_jabodetabek,jakarta_seasonality_population_weather_poisson,3.4545454545454546
KOTA BOGOR,kota,JAWA BARAT,2017,5,2017-05-01,55,0,1100000,0.10476190476190476,0.85,0.14970181346099234,1.1600995641843832,25.29,30.43,19.49,86.61,5.74,8.93,8.86,88.92,24.83,24.5,synthetic_jabodetabek,jakarta_seasonality_population_weather_poisson,5.0
KOTA BOGOR,kota,JAWA BARAT,2017,6,2017-06-01,30,0,1100000,0.10476190476190476,0.85,0.08896912653657349,1.0312160695151094,24.54,30.02,20.18,87.51,4.55,5.74,8.93,86.61,25.29,24.83,synthetic_jabodetabek,jakarta_seasonality_population_weather_poisson,2.7272727272727275
KOTA BOGOR,kota,JAWA BARAT,2017,7,2017-07-01,13,0,1100000,0.10476190476190476,0.85,0.048683516572680434,0.9883158314745477,24.45,30.01,17.87,84.76,2.51,4.55,5.74,87.51,24.54,25.29,synthetic_jabodetabek,jakarta_seasonality_population_weather_poisson,1.1818181818181819
KOTA BOGOR,kota,JAWA BARAT,2017,8,2017-08-01,8,0,1100000,0.10476190476190476,0.85,0.027506186863564444,0.8652487801898464,24.31,30.52,17.66,81.86,0.77,2.51,4.55,84.76,24.45,24.54,synthetic_jabodetabek,jakarta_seasonality_population_weather_poisson,0.7272727272727272
KOTA BOGOR,kota,JAWA BARAT,2017,9,2017-09-01,2,0,1100000,0.10476190476190476,0.85,0.01789119234046006,0.746233607226384,25.22,31.73,18.94,79.77,2.83,0.77,2.51,81.86,24.31,24.45,synthetic_jabodetabek,jakarta_seasonality_population_weather_poisson,0.1818181818181818
KOTA BOGOR,kota,JAWA BARAT,2017,10,2017-10-01,6,0,1100000,0.10476190476190476,0.85,0.021826443263418396,0.7955031088451882,25.51,31.59,21.34,84.52,9.49,2.83,0.77,79.77,25.22,24.31,synthetic_jabodetabek,jakarta_seasonality_population_weather_poisson,0.5454545454545454
KOTA BOGOR,kota,JAWA BARAT,2017,11,2017-11-01,9,0,1100000,0.10476190476190476,0.85,0.023286948760598808,1.1069797166023474,25.16,31.39,20.73,85.54,12.4,9.49,2.83,84.52,25.51,25.22,synthetic_jabodetabek,jakarta_seasonality_population_weather_poisson,0.8181818181818181
KOTA BOGOR,kota,JAWA BARAT,2017,12,2017-12-01,7,0,1100000,0.10476190476190476,0.85,0.028236439612154652,1.2038107798026445,24.44,30.7,20.37,87.89,7.52,12.4,9.49,85.54,25.16,25.51,synthetic_jabodetabek,jakarta_seasonality_population_weather_poisson,0.6363636363636364
KOTA BOGOR,kota,JAWA BARAT,2018,1,2018-01-01,28,0,1100000,0.10476190476190476,0.85,0.10434500385411173,1.0820867384921204,24.16,29.76,20.38,88.89,6.6,7.52,12.4,87.89,24.44,25.16,synthetic_jabodetabek,jakarta_seasonality_population_weather_poisson,2.5454545454545454
KOTA BOGOR,kota,JAWA BARAT,2018,2,2018-02-01,33,0,1100000,0.10476190476190476,0.85,0.13298713943770538,1.0659462848786436,24.11,28.81,19.72,89.71,15.15,6.6,7.52,88.89,24.16,24.44,synthetic_jabodetabek,jakarta_seasonality_population_weather_poisson,3.0
KOTA BOGOR,kota,JAWA BARAT,2018,3,2018-03-01,66,0,1100000,0.10476190476190476,0.85,0.19465292709643392,1.3384117397617645,24.73,30.31,20.54,87.23,10.21,15.15,6.6,89.71,24.11,24.16,synthetic_jabodetabek,jakarta_seasonality_population_weather_poisson,6.0
KOTA BOGOR,kota,JAWA BARAT,2018,4,2018-04-01,57,0,1100000,0.10476190476190476,0.85,0.16191326220130633,1.1589783453674063,25.22,30.64,20.45,87.19,7.16,10.21,15.15,87.23,24.73,24.11,synthetic_jabodetabek,jakarta_seasonality_population_weather_poisson,5.181818181818182
KOTA BOGOR,kota,JAWA BARAT,2018,5,2018-05-01,37,0,1100000,0.10476190476190476,0.85,0.14970181346099234,1.0837640606371974,25.13,30.41,19.8,85.64,2.64,7.16,10.21,87.19,25.22,24.73,synthetic_jabodetabek,jakarta_seasonality_population_weather_poisson,3.3636363636363638
KOTA BOGOR,kota,JAWA BARAT,2018,6,2018-06-01,21,0,1100000,0.10476190476190476,0.85,0.08896912653657349,0.911820448209621,24.87,30.09,19.53,84.77,2.33,2.64,7.16,85.64,25.13,25.22,synthetic_jabodetabek,jakarta_seasonality_population_weather_poisson,1.909090909090909
KOTA BOGOR,kota,JAWA BARAT,2018,7,2018-07-01,12,0,1100000,0.10476190476190476,0.85,0.048683516572680434,0.8748193921393104,23.94,29.86,16.16,79.46,0.13,2.33,2.64,84.77,24.87,25.13,synthetic_jabodetabek,jakarta_seasonality_population_weather_poisson,1.0909090909090908
KOTA BOGOR,kota,JAWA BARAT,2018,8,2018-08-01,3,0,1100000,0.10476190476190476,0.85,0.027506186863564444,0.6628277766923267,24.19,30.59,16.84,78.76,0.87,0.13,2.33,79.46,23.94,24.87,synthetic_jabodetabek,jakarta_seasonality_population_weather_poisson,0.2727272727272727
KOTA BOGOR,kota,JAWA BARAT,2018,9,2018-09-01,5,0,1100000,0.10476190476190476,0.85,0.01789119234046006,0.6789067454427761,25.12,31.72,18.56,77.04,2.48,0.87,0.13,78.76,24.19,23.94,synthetic_jabodetabek,jakarta_seasonality_population_weather_poisson,0.45454545454545453
KOTA BOGOR,kota,JAWA BARAT,2018,10,2018-10-01,8,0,1100000,0.10476190476190476,0.85,0.021826443263418396,0.7232575979465106,26.23,32.99,21.25,77.16,4.64,2.48,0.87,77.04,25.12,24.19,synthetic_jabodetabek,jakarta_seasonality_population_weather_poisson,0.7272727272727272
KOTA BOGOR,kota,JAWA BARAT,2018,11,2018-11-01,4,0,1100000,0.10476190476190476,0.85,0.023286948760598808,0.829690842306376,25.47,32.86,21.49,84.0,8.45,4.64,2.48,77.16,26.23,25.12,synthetic_jabodetabek,jakarta_seasonality_population_weather_poisson,0.3636363636363636
KOTA BOGOR,kota,JAWA BARAT,2018,12,2018-12-01,4,0,1100000,0.10476190476190476,0.85,0.028236439612154652,1.0632554469205706,25.06,30.5,20.36,85.14,8.68,8.45,4.64,84.0,25.47,26.23,synthetic_jabodetabek,jakarta_seasonality_population_weather_poisson,0.3636363636363636
KOTA BOGOR,kota,JAWA BARAT,2019,1,2019-01-01,86,0,1100000,0.10476190476190476,0.85,0.10434500385411173,1.0800630438925944,24.69,30.84,20.76,87.78,12.62,8.68,8.45,85.14,25.06,25.47,synthetic_jabodetabek,jakarta_seasonality_population_weather_poisson,7.818181818181818
KOTA BOGOR,kota,JAWA BARAT,2019,2,2019-02-01,122,0,1100000,0.10476190476190476,0.85,0.13298713943770538,1.2416682320133743,25.15,30.34,21.39,87.14,11.46,12.62,8.68,87.78,24.69,25.06,synthetic_jabodetabek,jakarta_seasonality_population_weather_poisson,11.090909090909092
KOTA BOGOR,kota,JAWA BARAT,2019,3,2019-03-01,163,0,1100000,0.10476190476190476,0.85,0.19465292709643392,1.209355660874356,24.82,30.33,20.33,86.76,8.1,11.46,12.62,87.14,25.15,24.69,synthetic_jabodetabek,jakarta_seasonality_population_weather_poisson,14.818181818181818
KOTA BOGOR,kota,JAWA BARAT,2019,4,2019-04-01,113,0,1100000,0.10476190476190476,0.85,0.16191326220130633,1.0887602404312888,25.59,30.73,21.23,87.9,10.32,8.1,11.46,86.76,24.82,25.15,synthetic_jabodetabek,jakarta_seasonality_population_weather_poisson,10.272727272727273
KOTA BOGOR,kota,JAWA BARAT,2019,5,2019-05-01,129,0,1100000,0.10476190476190476,0.85,0.14970181346099234,1.2067976210852092,25.45,30.24,20.52,85.84,6.44,10.32,8.1,87.9,25.59,24.82,synthetic_jabodetabek,jakarta_seasonality_population_weather_poisson,11.727272727272727
KOTA BOGOR,kota,JAWA BARAT,2019,6,2019-06-01,69,0,1100000,0.10476190476190476,0.85,0.08896912653657349,1.0414377403254826,24.58,30.26,18.3,82.47,1.29,6.44,10.32,85.84,25.45,25.59,synthetic_jabodetabek,jakarta_seasonality_population_weather_poisson,6.2727272727272725
KOTA BOGOR,kota,JAWA BARAT,2019,7,2019-07-01,36,0,1100000,0.10476190476190476,0.85,0.048683516572680434,0.7843470625024567,23.92,30.2,16.78,81.69,0.68,1.29,6.44,82.47,24.58,25.45,synthetic_jabodetabek,jakarta_seasonality_population_weather_poisson,3.2727272727272725
KOTA BOGOR,kota,JAWA BARAT,2019,8,2019-08-01,16,0,1100000,0.10476190476190476,0.85,0.027506186863564444,0.7261977943529876,23.98,30.4,16.97,78.64,0.47,0.68,1.29,81.69,23.92,24.58,synthetic_jabodetabek,jakarta_seasonality_population_weather_poisson,1.4545454545454544
KOTA BOGOR,kota,JAWA BARAT,2019,9,2019-09-01,10,0,1100000,0.10476190476190476,0.85,0.01789119234046006,0.6569554234118792,25.17,32.81,17.06,74.04,0.25,0.47,0.68,78.64,23.98,23.92,synthetic_jabodetabek,jakarta_seasonality_population_weather_poisson,0.9090909090909091
KOTA BOGOR,kota,JAWA BARAT,2019,10,2019-10-01,16,0,1100000,0.10476190476190476,0.85,0.021826443263418396,0.6,26.7,35.04,19.47,71.72,2.06,0.25,0.47,74.04,25.17,23.98,synthetic_jabodetabek,jakarta_seasonality_population_weather_poisson,1.4545454545454544
KOTA BOGOR,kota,JAWA BARAT,2019,11,2019-11-01,11,0,1100000,0.10476190476190476,0.85,0.023286948760598808,0.6527240088371368,26.43,34.07,20.48,76.56,5.44,2.06,0.25,71.72,26.7,25.17,synthetic_jabodetabek,jakarta_seasonality_population_weather_poisson,1.0
KOTA BOGOR,kota,JAWA BARAT,2019,12,2019-12-01,13,0,1100000,0.10476190476190476,0.85,0.028236439612154652,0.8479466842281567,25.98,32.39,21.75,82.58,10.71,5.44,2.06,76.56,26.43,26.7,synthetic_jabodetabek,jakarta_seasonality_population_weather_poisson,1.1818181818181819
KOTA BOGOR,kota,JAWA BARAT,2020,1,2020-01-01,28,0,1100000,0.10476190476190476,0.85,0.10434500385411173,1.1187597995818335,25.24,31.22,20.83,86.82,12.47,10.71,5.44,82.58,25.98,26.43,synthetic_jabodetabek,jakarta_seasonality_population_weather_poisson,2.5454545454545454
KOTA BOGOR,kota,JAWA BARAT,2020,2,2020-02-01,72,0,1100000,0.10476190476190476,0.85,0.13298713943770538,1.2360223532140477,24.94,30.44,21.4,89.33,20.87,12.47,10.71,86.82,25.24,25.98,synthetic_jabodetabek,jakarta_seasonality_population_weather_poisson,6.545454545454545
KOTA BOGOR,kota,JAWA BARAT,2020,3,2020-03-01,128,0,1100000,0.10476190476190476,0.85,0.19465292709643392,1.5312381990031512,25.19,29.83,21.68,89.12,14.66,20.87,12.47,89.33,24.94,25.24,synthetic_jabodetabek,jakarta_seasonality_population_weather_poisson,11.636363636363635
KOTA BOGOR,kota,JAWA BARAT,2020,4,2020-04-01,103,0,1100000,0.10476190476190476,0.85,0.16191326220130633,1.3490758885268364,25.34,30.62,20.97,88.37,8.59,14.66,20.87,89.12,25.19,24.94,synthetic_jabodetabek,jakarta_seasonality_population_weather_poisson,9.363636363636363
KOTA BOGOR,kota,JAWA BARAT,2020,5,2020-05-01,83,0,1100000,0.10476190476190476,0.85,0.14970181346099234,1.1560863450987608,25.44,30.29,21.88,89.1,7.52,8.59,14.66,88.37,25.34,25.19,synthetic_jabodetabek,jakarta_seasonality_population_weather_poisson,7.545454545454545
KOTA BOGOR,kota,JAWA BARAT,2020,6,2020-06-01,35,0,1100000,0.10476190476190476,0.85,0.08896912653657349,1.1430400058910533,24.92,29.71,20.36,87.83,2.35,7.52,8.59,89.1,25.44,25.34,synthetic_jabodetabek,jakarta_seasonality_population_weather_poisson,3.181818181818182
KOTA BOGOR,kota,JAWA BARAT,2020,7,2020-07-01,25,0,1100000,0.10476190476190476,0.85,0.048683516572680434,0.9424361163789159,24.54,29.63,18.69,84.78,2.88,2.35,7.52,87.83,24.92,25.44,synthetic_jabodetabek,jakarta_seasonality_population_weather_poisson,2.2727272727272725
KOTA BOGOR,kota,JAWA BARAT,2020,8,2020-08-01,16,0,1100000,0.10476190476190476,0.85,0.027506186863564444,0.8799488376473865,24.92,30.95,18.3,83.91,1.84,2.88,2.35,84.78,24.54,24.92,synthetic_jabodetabek,jakarta_seasonality_population_weather_poisson,1.4545454545454544
KOTA BOGOR,kota,JAWA BARAT,2020,9,2020-09-01,9,0,1100000,0.10476190476190476,0.85,0.01789119234046006,0.843522631282971,25.18,30.68,19.76,82.75,4.99,1.84,2.88,83.91,24.92,24.54,synthetic_jabodetabek,jakarta_seasonality_population_weather_poisson,0.8181818181818181
KOTA BOGOR,kota,JAWA BARAT,2020,10,2020-10-01,3,0,1100000,0.10476190476190476,0.85,0.021826443263418396,0.9225092481919611,25.14,31.29,21.45,86.05,9.87,4.99,1.84,82.75,25.18,24.92,synthetic_jabodetabek,jakarta_seasonality_population_weather_poisson,0.2727272727272727
KOTA BOGOR,kota,JAWA BARAT,2020,11,2020-11-01,7,0,1100000,0.10476190476190476,0.85,0.023286948760598808,1.1380146663841104,25.23,31.36,21.17,85.88,6.78,9.87,4.99,86.05,25.14,25.18,synthetic_jabodetabek,jakarta_seasonality_population_weather_poisson,0.6363636363636364
KOTA BOGOR,kota,JAWA BARAT,2020,12,2020-12-01,13,0,1100000,0.10476190476190476,0.85,0.028236439612154652,1.044767516710169,24.24,29.08,20.89,89.07,7.38,6.78,9.87,85.88,25.23,25.14,synthetic_jabodetabek,jakarta_seasonality_population_weather_poisson,1.1818181818181819
KOTA DEPOK,kota,JAWA BARAT,2015,1,2015-01-01,100,0,2100000,0.2,0.9,0.10434500385411173,1.2015231740192958,23.86,28.61,20.12,89.11,11.31,11.31,11.31,89.11,23.86,23.86,synthetic_jabodetabek,jakarta_seasonality_population_weather_poisson,4.761904761904762
KOTA DEPOK,kota,JAWA BARAT,2015,2,2015-02-01,132,0,2100000,0.2,0.9,0.13298713943770538,1.2015231740192958,24.01,29.2,19.21,89.4,17.33,11.31,17.33,89.11,23.86,24.01,synthetic_jabodetabek,jakarta_seasonality_population_weather_poisson,6.2857142857142865
KOTA DEPOK,kota,JAWA BARAT,2015,3,2015-03-01,249,0,2100000,0.2,0.9,0.19465292709643392,1.3937457020313104,24.3,30.54,20.59,88.64,10.25,17.33,11.31,89.4,24.01,23.86,synthetic_jabodetabek,jakarta_seasonality_population_weather_poisson,11.857142857142858
KOTA DEPOK,kota,JAWA BARAT,2015,4,2015-04-01,192,0,2100000,0.2,0.9,0.16191326220130633,1.1751358739541435,24.69,29.99,20.75,88.38,7.11,10.25,17.33,88.64,24.3,24.01,synthetic_jabodetabek,jakarta_seasonality_population_weather_poisson,9.142857142857142
KOTA DEPOK,kota,JAWA BARAT,2015,5,2015-05-01,149,0,2100000,0.2,0.9,0.14970181346099234,1.0890124736350228,24.78,29.95,18.89,86.63,3.96,7.11,10.25,88.38,24.69,24.3,synthetic_jabodetabek,jakarta_seasonality_population_weather_poisson,7.095238095238095
KOTA DEPOK,kota,JAWA BARAT,2015,6,2015-06-01,71,0,2100000,0.2,0.9,0.08896912653657349,0.9602679750082737,24.48,29.95,18.2,84.27,1.13,3.96,7.11,86.63,24.78,24.69,synthetic_jabodetabek,jakarta_seasonality_population_weather_poisson,3.3809523809523814
KOTA DEPOK,kota,JAWA BARAT,2015,7,2015-07-01,38,0,2100000,0.2,0.9,0.048683516572680434,0.8144153314186144,23.88,29.61,18.06,83.93,0.3,1.13,3.96,84.27,24.48,24.78,synthetic_jabodetabek,jakarta_seasonality_population_weather_poisson,1.8095238095238093
KOTA DEPOK,kota,JAWA BARAT,2015,8,2015-08-01,21,0,2100000,0.2,0.9,0.027506186863564444,0.7611525227459228,24.28,30.74,17.09,80.53,0.53,0.3,1.13,83.93,23.88,24.48,synthetic_jabodetabek,jakarta_seasonality_population_weather_poisson,1.0
KOTA DEPOK,kota,JAWA BARAT,2015,9,2015-09-01,9,0,2100000,0.2,0.9,0.01789119234046006,0.7096084538469161,25.19,32.72,17.85,74.79,0.31,0.53,0.3,80.53,24.28,23.88,synthetic_jabodetabek,jakarta_seasonality_population_weather_poisson,0.42857142857142855
KOTA DEPOK,kota,JAWA BARAT,2015,10,2015-10-01,13,0,2100000,0.2,0.9,0.021826443263418396,0.6125738991238746,26.7,35.17,19.81,70.0,0.59,0.31,0.53,74.79,25.19,24.28,synthetic_jabodetabek,jakarta_seasonality_population_weather_poisson,0.6190476190476191
KOTA DEPOK,kota,JAWA BARAT,2015,11,2015-11-01,15,0,2100000,0.2,0.9,0.023286948760598808,0.6,26.38,35.33,21.3,79.21,8.41,0.59,0.31,70.0,26.7,25.19,synthetic_jabodetabek,jakarta_seasonality_population_weather_poisson,0.7142857142857143
KOTA DEPOK,kota,JAWA BARAT,2015,12,2015-12-01,26,0,2100000,0.2,0.9,0.028236439612154652,0.9918859161326008,25.32,31.26,20.32,84.53,8.89,8.41,0.59,79.21,26.38,26.7,synthetic_jabodetabek,jakarta_seasonality_population_weather_poisson,1.2380952380952381
KOTA DEPOK,kota,JAWA BARAT,2017,1,2017-01-01,63,0,2100000,0.2,0.9,0.10434500385411173,0.9901612691998862,24.12,29.97,20.49,89.29,8.71,4.31,9.93,88.33,24.3,24.76,synthetic_jabodetabek,jakarta_seasonality_population_weather_poisson,3.0
KOTA DEPOK,kota,JAWA BARAT,2017,2,2017-02-01,100,0,2100000,0.2,0.9,0.13298713943770538,1.1364289591236267,24.09,29.21,20.59,90.55,16.48,8.71,4.31,89.29,24.12,24.3,synthetic_jabodetabek,jakarta_seasonality_population_weather_poisson,4.761904761904762
KOTA DEPOK,kota,JAWA BARAT,2017,3,2017-03-01,161,0,2100000,0.2,0.9,0.19465292709643392,1.395559533199667,24.5,29.8,20.66,88.12,8.86,16.48,8.71,90.55,24.09,24.12,synthetic_jabodetabek,jakarta_seasonality_population_weather_poisson,7.666666666666667
KOTA DEPOK,kota,JAWA BARAT,2017,4,2017-04-01,126,0,2100000,0.2,0.9,0.16191326220130633,1.1293375750940968,24.83,29.62,20.8,88.92,8.93,8.86,16.48,88.12,24.5,24.09,synthetic_jabodetabek,jakarta_seasonality_population_weather_poisson,6.0
KOTA DEPOK,kota,JAWA BARAT,2017,5,2017-05-01,111,0,2100000,0.2,0.9,0.14970181346099234,1.1600995641843832,25.29,30.43,19.49,86.61,5.74,8.93,8.86,88.92,24.83,24.5,synthetic_jabodetabek,jakarta_seasonality_population_weather_poisson,5.285714285714286
KOTA DEPOK,kota,JAWA BARAT,2017,6,2017-06-01,75,0,2100000,0.2,0.9,0.08896912653657349,1.0312160695151094,24.54,30.02,20.18,87.51,4.55,5.74,8.93,86.61,25.29,24.83,synthetic_jabodetabek,jakarta_seasonality_population_weather_poisson,3.5714285714285716
KOTA DEPOK,kota,JAWA BARAT,2017,7,2017-07-01,24,0,2100000,0.2,0.9,0.048683516572680434,0.9883158314745477,24.45,30.01,17.87,84.76,2.51,4.55,5.74,87.51,24.54,25.29,synthetic_jabodetabek,jakarta_seasonality_population_weather_poisson,1.1428571428571428
KOTA DEPOK,kota,JAWA BARAT,2017,8,2017-08-01,21,0,2100000,0.2,0.9,0.027506186863564444,0.8652487801898464,24.31,30.52,17.66,81.86,0.77,2.51,4.55,84.76,24.45,24.54,synthetic_jabodetabek,jakarta_seasonality_population_weather_poisson,1.0
KOTA DEPOK,kota,JAWA BARAT,2017,9,2017-09-01,13,0,2100000,0.2,0.9,0.01789119234046006,0.746233607226384,25.22,31.73,18.94,79.77,2.83,0.77,2.51,81.86,24.31,24.45,synthetic_jabodetabek,jakarta_seasonality_population_weather_poisson,0.6190476190476191
KOTA DEPOK,kota,JAWA BARAT,2017,10,2017-10-01,7,0,2100000,0.2,0.9,0.021826443263418396,0.7955031088451882,25.51,31.59,21.34,84.52,9.49,2.83,0.77,79.77,25.22,24.31,synthetic_jabodetabek,jakarta_seasonality_population_weather_poisson,0.3333333333333333
KOTA DEPOK,kota,JAWA BARAT,2017,11,2017-11-01,14,0,2100000,0.2,0.9,0.023286948760598808,1.1069797166023474,25.16,31.39,20.73,85.54,12.4,9.49,2.83,84.52,25.51,25.22,synthetic_jabodetabek,jakarta_seasonality_population_weather_poisson,0.6666666666666666
KOTA DEPOK,kota,JAWA BARAT,2017,12,2017-12-01,27,0,2100000,0.2,0.9,0.028236439612154652,1.2038107798026445,24.44,30.7,20.37,87.89,7.52,12.4,9.49,85.54,25.16,25.51,synthetic_jabodetabek,jakarta_seasonality_population_weather_poisson,1.2857142857142858
KOTA DEPOK,kota,JAWA BARAT,2018,1,2018-01-01,53,0,2100000,0.2,0.9,0.10434500385411173,1.0820867384921204,24.16,29.76,20.38,88.89,6.6,7.52,12.4,87.89,24.44,25.16,synthetic_jabodetabek,jakarta_seasonality_population_weather_poisson,2.5238095238095237
KOTA DEPOK,kota,JAWA BARAT,2018,2,2018-02-01,74,0,2100000,0.2,0.9,0.13298713943770538,1.0659462848786436,24.11,28.81,19.72,89.71,15.15,6.6,7.52,88.89,24.16,24.44,synthetic_jabodetabek,jakarta_seasonality_population_weather_poisson,3.5238095238095237
KOTA DEPOK,kota,JAWA BARAT,2018,3,2018-03-01,136,0,2100000,0.2,0.9,0.19465292709643392,1.3384117397617645,24.73,30.31,20.54,87.23,10.21,15.15,6.6,89.71,24.11,24.16,synthetic_jabodetabek,jakarta_seasonality_population_weather_poisson,6.476190476190476
KOTA DEPOK,kota,JAWA BARAT,2018,4,2018-04-01,94,0,2100000,0.2,0.9,0.16191326220130633,1.1589783453674063,25.22,30.64,20.45,87.19,7.16,10.21,15.15,87.23,24.73,24.11,synthetic_jabodetabek,jakarta_seasonality_population_weather_poisson,4.476190476190476
KOTA DEPOK,kota,JAWA BARAT,2018,5,2018-05-01,79,0,2100000,0.2,0.9,0.14970181346099234,1.0837640606371974,25.13,30.41,19.8,85.64,2.64,7.16,10.21,87.19,25.22,24.73,synthetic_jabodetabek,jakarta_seasonality_population_weather_poisson,3.7619047619047623
KOTA DEPOK,kota,JAWA BARAT,2018,6,2018-06-01,33,0,2100000,0.2,0.9,0.08896912653657349,0.911820448209621,24.87,30.09,19.53,84.77,2.33,2.64,7.16,85.64,25.13,25.22,synthetic_jabodetabek,jakarta_seasonality_population_weather_poisson,1.5714285714285716
KOTA DEPOK,kota,JAWA BARAT,2018,7,2018-07-01,24,0,2100000,0.2,0.9,0.048683516572680434,0.8748193921393104,23.94,29.86,16.16,79.46,0.13,2.33,2.64,84.77,24.87,25.13,synthetic_jabodetabek,jakarta_seasonality_population_weather_poisson,1.1428571428571428
KOTA DEPOK,kota,JAWA BARAT,2018,8,2018-08-01,8,0,2100000,0.2,0.9,0.027506186863564444,0.6628277766923267,24.19,30.59,16.84,78.76,0.87,0.13,2.33,79.46,23.94,24.87,synthetic_jabodetabek,jakarta_seasonality_population_weather_poisson,0.38095238095238093
KOTA DEPOK,kota,JAWA BARAT,2018,9,2018-09-01,5,0,2100000,0.2,0.9,0.01789119234046006,0.6789067454427761,25.12,31.72,18.56,77.04,2.48,0.87,0.13,78.76,24.19,23.94,synthetic_jabodetabek,jakarta_seasonality_population_weather_poisson,0.23809523809523808
KOTA DEPOK,kota,JAWA BARAT,2018,10,2018-10-01,10,0,2100000,0.2,0.9,0.021826443263418396,0.7232575979465106,26.23,32.99,21.25,77.16,4.64,2.48,0.87,77.04,25.12,24.19,synthetic_jabodetabek,jakarta_seasonality_population_weather_poisson,0.47619047619047616
KOTA DEPOK,kota,JAWA BARAT,2018,11,2018-11-01,8,0,2100000,0.2,0.9,0.023286948760598808,0.829690842306376,25.47,32.86,21.49,84.0,8.45,4.64,2.48,77.16,26.23,25.12,synthetic_jabodetabek,jakarta_seasonality_population_weather_poisson,0.38095238095238093
KOTA DEPOK,kota,JAWA BARAT,2018,12,2018-12-01,11,0,2100000,0.2,0.9,0.028236439612154652,1.0632554469205706,25.06,30.5,20.36,85.14,8.68,8.45,4.64,84.0,25.47,26.23,synthetic_jabodetabek,jakarta_seasonality_population_weather_poisson,0.5238095238095238
KOTA DEPOK,kota,JAWA BARAT,2019,1,2019-01-01,180,0,2100000,0.2,0.9,0.10434500385411173,1.0800630438925944,24.69,30.84,20.76,87.78,12.62,8.68,8.45,85.14,25.06,25.47,synthetic_jabodetabek,jakarta_seasonality_population_weather_poisson,8.571428571428571
KOTA DEPOK,kota,JAWA BARAT,2019,2,2019-02-01,249,0,2100000,0.2,0.9,0.13298713943770538,1.2416682320133743,25.15,30.34,21.39,87.14,11.46,12.62,8.68,87.78,24.69,25.06,synthetic_jabodetabek,jakarta_seasonality_population_weather_poisson,11.857142857142858
KOTA DEPOK,kota,JAWA BARAT,2019,3,2019-03-01,364,0,2100000,0.2,0.9,0.19465292709643392,1.209355660874356,24.82,30.33,20.33,86.76,8.1,11.46,12.62,87.14,25.15,24.69,synthetic_jabodetabek,jakarta_seasonality_population_weather_poisson,17.333333333333332
KOTA DEPOK,kota,JAWA BARAT,2019,4,2019-04-01,290,0,2100000,0.2,0.9,0.16191326220130633,1.0887602404312888,25.59,30.73,21.23,87.9,10.32,8.1,11.46,86.76,24.82,25.15,synthetic_jabodetabek,jakarta_seasonality_population_weather_poisson,13.80952380952381
KOTA DEPOK,kota,JAWA BARAT,2019,5,2019-05-01,318,0,2100000,0.2,0.9,0.14970181346099234,1.2067976210852092,25.45,30.24,20.52,85.84,6.44,10.32,8.1,87.9,25.59,24.82,synthetic_jabodetabek,jakarta_seasonality_population_weather_poisson,15.142857142857142
KOTA DEPOK,kota,JAWA BARAT,2019,6,2019-06-01,163,0,2100000,0.2,0.9,0.08896912653657349,1.0414377403254826,24.58,30.26,18.3,82.47,1.29,6.44,10.32,85.84,25.45,25.59,synthetic_jabodetabek,jakarta_seasonality_population_weather_poisson,7.761904761904763
KOTA DEPOK,kota,JAWA BARAT,2019,7,2019-07-01,54,0,2100000,0.2,0.9,0.048683516572680434,0.7843470625024567,23.92,30.2,16.78,81.69,0.68,1.29,6.44,82.47,24.58,25.45,synthetic_jabodetabek,jakarta_seasonality_population_weather_poisson,2.5714285714285716
KOTA DEPOK,kota,JAWA BARAT,2019,8,2019-08-01,25,0,2100000,0.2,0.9,0.027506186863564444,0.7261977943529876,23.98,30.4,16.97,78.64,0.47,0.68,1.29,81.69,23.92,24.58,synthetic_jabodetabek,jakarta_seasonality_population_weather_poisson,1.1904761904761905
KOTA DEPOK,kota,JAWA BARAT,2019,9,2019-09-01,18,0,2100000,0.2,0.9,0.01789119234046006,0.6569554234118792,25.17,32.81,17.06,74.04,0.25,0.47,0.68,78.64,23.98,23.92,synthetic_jabodetabek,jakarta_seasonality_population_weather_poisson,0.8571428571428571
KOTA DEPOK,kota,JAWA BARAT,2019,10,2019-10-01,23,0,2100000,0.2,0.9,0.021826443263418396,0.6,26.7,35.04,19.47,71.72,2.06,0.25,0.47,74.04,25.17,23.98,synthetic_jabodetabek,jakarta_seasonality_population_weather_poisson,1.0952380952380953
KOTA DEPOK,kota,JAWA BARAT,2019,11,2019-11-01,30,0,2100000,0.2,0.9,0.023286948760598808,0.6527240088371368,26.43,34.07,20.48,76.56,5.44,2.06,0.25,71.72,26.7,25.17,synthetic_jabodetabek,jakarta_seasonality_population_weather_poisson,1.4285714285714286
KOTA DEPOK,kota,JAWA BARAT,2019,12,2019-12-01,38,0,2100000,0.2,0.9,0.028236439612154652,0.8479466842281567,25.98,32.39,21.75,82.58,10.71,5.44,2.06,76.56,26.43,26.7,synthetic_jabodetabek,jakarta_seasonality_population_weather_poisson,1.8095238095238093
KOTA DEPOK,kota,JAWA BARAT,2020,1,2020-01-01,91,0,2100000,0.2,0.9,0.10434500385411173,1.1187597995818335,25.24,31.22,20.83,86.82,12.47,10.71,5.44,82.58,25.98,26.43,synthetic_jabodetabek,jakarta_seasonality_population_weather_poisson,4.333333333333333
KOTA DEPOK,kota,JAWA BARAT,2020,2,2020-02-01,150,0,2100000,0.2,0.9,0.13298713943770538,1.2360223532140477,24.94,30.44,21.4,89.33,20.87,12.47,10.71,86.82,25.24,25.98,synthetic_jabodetabek,jakarta_seasonality_population_weather_poisson,7.142857142857143
KOTA DEPOK,kota,JAWA BARAT,2020,3,2020-03-01,253,0,2100000,0.2,0.9,0.19465292709643392,1.5312381990031512,25.19,29.83,21.68,89.12,14.66,20.87,12.47,89.33,24.94,25.24,synthetic_jabodetabek,jakarta_seasonality_population_weather_poisson,12.047619047619047
KOTA DEPOK,kota,JAWA BARAT,2020,4,2020-04-01,187,0,2100000,0.2,0.9,0.16191326220130633,1.3490758885268364,25.34,30.62,20.97,88.37,8.59,14.66,20.87,89.12,25.19,24.94,synthetic_jabodetabek,jakarta_seasonality_population_weather_poisson,8.904761904761905
KOTA DEPOK,kota,JAWA BARAT,2020,5,2020-05-01,132,0,2100000,0.2,0.9,0.14970181346099234,1.1560863450987608,25.44,30.29,21.88,89.1,7.52,8.59,14.66,88.37,25.34,25.19,synthetic_jabodetabek,jakarta_seasonality_population_weather_poisson,6.2857142857142865
KOTA DEPOK,kota,JAWA BARAT,2020,6,2020-06-01,108,0,2100000,0.2,0.9,0.08896912653657349,1.1430400058910533,24.92,29.71,20.36,87.83,2.35,7.52,8.59,89.1,25.44,25.34,synthetic_jabodetabek,jakarta_seasonality_population_weather_poisson,5.142857142857143
KOTA DEPOK,kota,JAWA BARAT,2020,7,2020-07-01,53,0,2100000,0.2,0.9,0.048683516572680434,0.9424361163789159,24.54,29.63,18.69,84.78,2.88,2.35,7.52,87.83,24.92,25.44,synthetic_jabodetabek,jakarta_seasonality_population_weather_poisson,2.5238095238095237
KOTA DEPOK,kota,JAWA BARAT,2020,8,2020-08-01,21,0,2100000,0.2,0.9,0.027506186863564444,0.8799488376473865,24.92,30.95,18.3,83.91,1.84,2.88,2.35,84.78,24.54,24.92,synthetic_jabodetabek,jakarta_seasonality_population_weather_poisson,1.0
KOTA DEPOK,kota,JAWA BARAT,2020,9,2020-09-01,10,0,2100000,0.2,0.9,0.01789119234046006,0.843522631282971,25.18,30.68,19.76,82.75,4.99,1.84,2.88,83.91,24.92,24.54,synthetic_jabodetabek,jakarta_seasonality_population_weather_poisson,0.47619047619047616
KOTA DEPOK,kota,JAWA BARAT,2020,10,2020-10-01,15,0,2100000,0.2,0.9,0.021826443263418396,0.9225092481919611,25.14,31.29,21.45,86.05,9.87,4.99,1.84,82.75,25.18,24.92,synthetic_jabodetabek,jakarta_seasonality_population_weather_poisson,0.7142857142857143
KOTA DEPOK,kota,JAWA BARAT,2020,11,2020-11-01,22,0,2100000,0.2,0.9,0.023286948760598808,1.1380146663841104,25.23,31.36,21.17,85.88,6.78,9.87,4.99,86.05,25.14,25.18,synthetic_jabodetabek,jakarta_seasonality_population_weather_poisson,1.0476190476190477
KOTA DEPOK,kota,JAWA BARAT,2020,12,2020-12-01,26,0,2100000,0.2,0.9,0.028236439612154652,1.044767516710169,24.24,29.08,20.89,89.07,7.38,6.78,9.87,85.88,25.23,25.14,synthetic_jabodetabek,jakarta_seasonality_population_weather_poisson,1.2380952380952381
KOTA TANGERANG,kota,BANTEN,2015,1,2015-01-01,113,0,1900000,0.18095238095238095,0.9,0.10434500385411173,1.2330362518676508,26.46,30.33,24.09,85.5,11.88,11.88,11.88,85.5,26.46,26.46,synthetic_jabodetabek,jakarta_seasonality_population_weather_poisson,5.947368421052632
KOTA TANGERANG,kota,BANTEN,2015,2,2015-02-01,121,0,1900000,0.18095238095238095,0.9,0.13298713943770538,1.2330362518676508,26.4,29.97,24.26,85.8,19.1,11.88,19.1,85.5,26.46,26.4,synthetic_jabodetabek,jakarta_seasonality_population_weather_poisson,6.368421052631579
KOTA TANGERANG,kota,BANTEN,2015,3,2015-03-01,225,0,1900000,0.18095238095238095,0.9,0.19465292709643392,1.4541239085013473,27.01,31.32,24.36,83.57,9.22,19.1,11.88,85.8,26.4,26.46,synthetic_jabodetabek,jakarta_seasonality_population_weather_poisson,11.842105263157894
KOTA TANGERANG,kota,BANTEN,2015,4,2015-04-01,144,0,1900000,0.18095238095238095,0.9,0.16191326220130633,1.1313347174927852,27.54,31.16,24.84,82.29,6.37,9.22,19.1,83.57,27.01,26.4,synthetic_jabodetabek,jakarta_seasonality_population_weather_poisson,7.578947368421052
KOTA TANGERANG,kota,BANTEN,2015,5,2015-05-01,131,0,1900000,0.18095238095238095,0.9,0.14970181346099234,1.0370871434162408,27.5,30.73,24.01,82.94,3.17,6.37,9.22,82.29,27.54,27.01,synthetic_jabodetabek,jakarta_seasonality_population_weather_poisson,6.894736842105264
KOTA TANGERANG,kota,BANTEN,2015,6,2015-06-01,77,0,1900000,0.18095238095238095,0.9,0.08896912653657349,0.9534553248108355,27.19,30.56,23.39,81.07,1.51,3.17,6.37,82.94,27.5,27.54,synthetic_jabodetabek,jakarta_seasonality_population_weather_poisson,4.052631578947368
KOTA TANGERANG,kota,BANTEN,2015,7,2015-07-01,44,0,1900000,0.18095238095238095,0.9,0.048683516572680434,0.8528333190745272,26.72,30.26,23.28,80.57,0.47,1.51,3.17,81.07,27.19,27.5,synthetic_jabodetabek,jakarta_seasonality_population_weather_poisson,2.3157894736842106
KOTA TANGERANG,kota,BANTEN,2015,8,2015-08-01,20,0,1900000,0.18095238095238095,0.9,0.027506186863564444,0.7944217936158228,26.76,31.16,22.66,78.55,0.56,0.47,1.51,80.57,26.72,27.19,synthetic_jabodetabek,jakarta_seasonality_population_weather_poisson,1.0526315789473684
KOTA TANGERANG,kota,BANTEN,2015,9,2015-09-01,7,0,1900000,0.18095238095238095,0.9,0.01789119234046006,0.755450892716453,27.61,32.62,23.3,73.1,0.25,0.56,0.47,78.55,26.76,26.72,synthetic_jabodetabek,jakarta_seasonality_population_weather_poisson,0.368421052631579
KOTA TANGERANG,kota,BANTEN,2015,10,2015-10-01,13,0,1900000,0.18095238095238095,0.9,0.021826443263418396,0.6597896153119127,28.53,33.11,24.7,72.06,0.56,0.25,0.56,73.1,27.61,26.76,synthetic_jabodetabek,jakarta_seasonality_population_weather_poisson,0.6842105263157895
KOTA TANGERANG,kota,BANTEN,2015,11,2015-11-01,19,0,1900000,0.18095238095238095,0.9,0.023286948760598808,0.679255164464414,28.75,33.27,25.7,75.69,4.34,0.56,0.25,72.06,28.53,27.61,synthetic_jabodetabek,jakarta_seasonality_population_weather_poisson,1.0
KOTA TANGERANG,kota,BANTEN,2015,12,2015-12-01,23,0,1900000,0.18095238095238095,0.9,0.028236439612154652,0.8779065950022301,27.89,31.15,24.58,80.88,7.46,4.34,0.56,75.69,28.75,28.53,synthetic_jabodetabek,jakarta_seasonality_population_weather_poisson,1.2105263157894737
KOTA TANGERANG,kota,BANTEN,2017,1,2017-01-01,63,0,1900000,0.18095238095238095,0.9,0.10434500385411173,1.0373182014041034,26.75,30.7,24.66,86.06,11.0,5.25,9.59,84.57,27.12,27.4,synthetic_jabodetabek,jakarta_seasonality_population_weather_poisson,3.3157894736842106
KOTA TANGERANG,kota,BANTEN,2017,2,2017-02-01,89,0,1900000,0.18095238095238095,0.9,0.13298713943770538,1.2287478369455291,26.6,29.79,24.49,87.06,19.52,11.0,5.25,86.06,26.75,27.12,synthetic_jabodetabek,jakarta_seasonality_population_weather_poisson,4.684210526315789
KOTA TANGERANG,kota,BANTEN,2017,3,2017-03-01,154,0,1900000,0.18095238095238095,0.9,0.19465292709643392,1.5006363834908163,27.15,30.37,24.74,83.89,7.38,19.52,11.0,87.06,26.6,26.75,synthetic_jabodetabek,jakarta_seasonality_population_weather_poisson,8.105263157894736
KOTA TANGERANG,kota,BANTEN,2017,4,2017-04-01,102,0,1900000,0.18095238095238095,0.9,0.16191326220130633,1.087829306699093,27.41,30.65,24.99,84.46,8.42,7.38,19.52,83.89,27.15,26.6,synthetic_jabodetabek,jakarta_seasonality_population_weather_poisson,5.368421052631579
KOTA TANGERANG,kota,BANTEN,2017,5,2017-05-01,69,0,1900000,0.18095238095238095,0.9,0.14970181346099234,1.140352529415488,27.79,30.93,24.56,82.47,4.54,8.42,7.38,84.46,27.41,27.15,synthetic_jabodetabek,jakarta_seasonality_population_weather_poisson,3.631578947368421
KOTA TANGERANG,kota,BANTEN,2017,6,2017-06-01,59,0,1900000,0.18095238095238095,0.9,0.08896912653657349,0.9947626297035395,27.23,30.45,24.93,83.74,4.39,4.54,8.42,82.47,27.79,27.41,synthetic_jabodetabek,jakarta_seasonality_population_weather_poisson,3.105263157894737
KOTA TANGERANG,kota,BANTEN,2017,7,2017-07-01,29,0,1900000,0.18095238095238095,0.9,0.048683516572680434,0.9976599527477102,27.05,30.34,22.96,80.87,2.26,4.39,4.54,83.74,27.23,27.79,synthetic_jabodetabek,jakarta_seasonality_population_weather_poisson,1.5263157894736843
KOTA TANGERANG,kota,BANTEN,2017,8,2017-08-01,21,0,1900000,0.18095238095238095,0.9,0.027506186863564444,0.8661679083409527,26.89,30.18,22.75,78.86,0.58,2.26,4.39,80.87,27.05,27.23,synthetic_jabodetabek,jakarta_seasonality_population_weather_poisson,1.1052631578947367
KOTA TANGERANG,kota,BANTEN,2017,9,2017-09-01,11,0,1900000,0.18095238095238095,0.9,0.01789119234046006,0.7672319076729875,27.52,31.77,23.87,77.46,1.98,0.58,2.26,78.86,26.89,27.05,synthetic_jabodetabek,jakarta_seasonality_population_weather_poisson,0.5789473684210527
KOTA TANGERANG,kota,BANTEN,2017,10,2017-10-01,6,0,1900000,0.18095238095238095,0.9,0.021826443263418396,0.8015569275992019,28.07,31.68,25.64,79.79,6.99,1.98,0.58,77.46,27.52,26.89,synthetic_jabodetabek,jakarta_seasonality_population_weather_poisson,0.3157894736842105
KOTA TANGERANG,kota,BANTEN,2017,11,2017-11-01,10,0,1900000,0.18095238095238095,0.9,0.023286948760598808,1.021016839900408,27.95,31.69,25.34,80.72,11.01,6.99,1.98,79.79,28.07,27.52,synthetic_jabodetabek,jakarta_seasonality_population_weather_poisson,0.5263157894736842
KOTA TANGERANG,kota,BANTEN,2017,12,2017-12-01,12,0,1900000,0.18095238095238095,0.9,0.028236439612154652,1.1573431834240657,27.14,31.45,24.44,84.11,7.79,11.01,6.99,80.72,27.95,28.07,synthetic_jabodetabek,jakarta_seasonality_population_weather_poisson,0.631578947368421
KOTA TANGERANG,kota,BANTEN,2018,1,2018-01-01,44,0,1900000,0.18095238095238095,0.9,0.10434500385411173,1.1044809095099395,26.98,30.56,24.87,84.63,6.49,7.79,11.01,84.11,27.14,27.95,synthetic_jabodetabek,jakarta_seasonality_population_weather_poisson,2.3157894736842106
KOTA TANGERANG,kota,BANTEN,2018,2,2018-02-01,58,0,1900000,0.18095238095238095,0.9,0.13298713943770538,1.070911133461228,26.6,29.32,24.28,86.64,16.07,6.49,7.79,84.63,26.98,27.14,synthetic_jabodetabek,jakarta_seasonality_population_weather_poisson,3.0526315789473686
KOTA TANGERANG,kota,BANTEN,2018,3,2018-03-01,128,0,1900000,0.18095238095238095,0.9,0.19465292709643392,1.3880843814902946,27.38,31.25,24.66,82.83,10.07,16.07,6.49,86.64,26.6,26.98,synthetic_jabodetabek,jakarta_seasonality_population_weather_poisson,6.7368421052631575
KOTA TANGERANG,kota,BANTEN,2018,4,2018-04-01,89,0,1900000,0.18095238095238095,0.9,0.16191326220130633,1.1540814570277764,27.85,30.69,25.38,82.7,5.66,10.07,16.07,82.83,27.38,26.6,synthetic_jabodetabek,jakarta_seasonality_population_weather_poisson,4.684210526315789
KOTA TANGERANG,kota,BANTEN,2018,5,2018-05-01,76,0,1900000,0.18095238095238095,0.9,0.14970181346099234,1.0354074135847848,27.84,31.1,25.15,82.52,2.17,5.66,10.07,82.7,27.85,27.38,synthetic_jabodetabek,jakarta_seasonality_population_weather_poisson,4.0
KOTA TANGERANG,kota,BANTEN,2018,6,2018-06-01,36,0,1900000,0.18095238095238095,0.9,0.08896912653657349,0.926421161655431,27.45,30.55,24.08,81.44,1.97,2.17,5.66,82.52,27.84,27.85,synthetic_jabodetabek,jakarta_seasonality_population_weather_poisson,1.894736842105263
KOTA TANGERANG,kota,BANTEN,2018,7,2018-07-01,21,0,1900000,0.18095238095238095,0.9,0.048683516572680434,0.8836753063635557,26.71,30.13,22.31,76.08,0.1,1.97,2.17,81.44,27.45,27.84,synthetic_jabodetabek,jakarta_seasonality_population_weather_poisson,1.1052631578947367
KOTA TANGERANG,kota,BANTEN,2018,8,2018-08-01,17,0,1900000,0.18095238095238095,0.9,0.027506186863564444,0.6872046338862505,26.81,30.57,22.23,75.65,0.54,0.1,1.97,76.08,26.71,27.45,synthetic_jabodetabek,jakarta_seasonality_population_weather_poisson,0.8947368421052632
KOTA TANGERANG,kota,BANTEN,2018,9,2018-09-01,5,0,1900000,0.18095238095238095,0.9,0.01789119234046006,0.6947612244763745,27.67,31.77,23.67,73.72,1.85,0.54,0.1,75.65,26.81,26.71,synthetic_jabodetabek,jakarta_seasonality_population_weather_poisson,0.2631578947368421
KOTA TANGERANG,kota,BANTEN,2018,10,2018-10-01,4,0,1900000,0.18095238095238095,0.9,0.021826443263418396,0.7231648977256325,28.52,32.95,25.26,74.55,3.29,1.85,0.54,73.72,27.67,26.81,synthetic_jabodetabek,jakarta_seasonality_population_weather_poisson,0.21052631578947367
KOTA TANGERANG,kota,BANTEN,2018,11,2018-11-01,8,0,1900000,0.18095238095238095,0.9,0.023286948760598808,0.8139815041555246,28.12,33.64,25.73,78.78,5.94,3.29,1.85,74.55,28.52,27.67,synthetic_jabodetabek,jakarta_seasonality_population_weather_poisson,0.42105263157894735
KOTA TANGERANG,kota,BANTEN,2018,12,2018-12-01,12,0,1900000,0.18095238095238095,0.9,0.028236439612154652,0.969705713427674,27.75,32.03,24.86,80.52,6.65,5.94,3.29,78.78,28.12,28.52,synthetic_jabodetabek,jakarta_seasonality_population_weather_poisson,0.631578947368421
KOTA TANGERANG,kota,BANTEN,2019,1,2019-01-01,127,0,1900000,0.18095238095238095,0.9,0.10434500385411173,1.01512828445779,27.32,31.21,25.05,83.93,13.54,6.65,5.94,80.52,27.75,28.12,synthetic_jabodetabek,jakarta_seasonality_population_weather_poisson,6.68421052631579
KOTA TANGERANG,kota,BANTEN,2019,2,2019-02-01,255,0,1900000,0.18095238095238095,0.9,0.13298713943770538,1.2796270553034994,27.66,30.85,25.13,82.3,8.96,13.54,6.65,83.93,27.32,27.75,synthetic_jabodetabek,jakarta_seasonality_population_weather_poisson,13.421052631578949
KOTA TANGERANG,kota,BANTEN,2019,3,2019-03-01,333,0,1900000,0.18095238095238095,0.9,0.19465292709643392,1.1192894644344735,27.65,31.26,24.6,81.75,8.07,8.96,13.54,82.3,27.66,27.32,synthetic_jabodetabek,jakarta_seasonality_population_weather_poisson,17.526315789473685
KOTA TANGERANG,kota,BANTEN,2019,4,2019-04-01,225,0,1900000,0.18095238095238095,0.9,0.16191326220130633,1.0804839798883312,28.18,31.05,25.56,82.84,8.43,8.07,8.96,81.75,27.65,27.66,synthetic_jabodetabek,jakarta_seasonality_population_weather_poisson,11.842105263157894
KOTA TANGERANG,kota,BANTEN,2019,5,2019-05-01,224,0,1900000,0.18095238095238095,0.9,0.14970181346099234,1.13316826782591,28.08,31.25,25.3,81.97,5.41,8.43,8.07,82.84,28.18,27.65,synthetic_jabodetabek,jakarta_seasonality_population_weather_poisson,11.789473684210527
KOTA TANGERANG,kota,BANTEN,2019,6,2019-06-01,130,0,1900000,0.18095238095238095,0.9,0.08896912653657349,1.0204163866745846,27.39,30.74,23.63,79.4,1.21,5.41,8.43,81.97,28.08,28.18,synthetic_jabodetabek,jakarta_seasonality_population_weather_poisson,6.842105263157895
KOTA TANGERANG,kota,BANTEN,2019,7,2019-07-01,60,0,1900000,0.18095238095238095,0.9,0.048683516572680434,0.8152396587309158,26.62,30.25,22.15,79.25,0.63,1.21,5.41,79.4,27.39,28.08,synthetic_jabodetabek,jakarta_seasonality_population_weather_poisson,3.1578947368421053
KOTA TANGERANG,kota,BANTEN,2019,8,2019-08-01,30,0,1900000,0.18095238095238095,0.9,0.027506186863564444,0.7675605257187333,26.57,30.27,22.22,76.2,0.24,0.63,1.21,79.25,26.62,27.39,synthetic_jabodetabek,jakarta_seasonality_population_weather_poisson,1.5789473684210527
KOTA TANGERANG,kota,BANTEN,2019,9,2019-09-01,15,0,1900000,0.18095238095238095,0.9,0.01789119234046006,0.6890468858160798,27.51,32.52,22.73,73.31,0.13,0.24,0.63,76.2,26.57,26.62,synthetic_jabodetabek,jakarta_seasonality_population_weather_poisson,0.7894736842105263
KOTA TANGERANG,kota,BANTEN,2019,10,2019-10-01,19,0,1900000,0.18095238095238095,0.9,0.021826443263418396,0.6571500225992326,28.68,34.16,24.46,71.5,2.06,0.13,0.24,73.31,27.51,26.57,synthetic_jabodetabek,jakarta_seasonality_population_weather_poisson,1.0
KOTA TANGERANG,kota,BANTEN,2019,11,2019-11-01,26,0,1900000,0.18095238095238095,0.9,0.023286948760598808,0.7176259039960207,28.7,33.25,24.92,74.45,4.98,2.06,0.13,71.5,28.68,27.51,synthetic_jabodetabek,jakarta_seasonality_population_weather_poisson,1.368421052631579
KOTA TANGERANG,kota,BANTEN,2019,12,2019-12-01,41,0,1900000,0.18095238095238095,0.9,0.028236439612154652,0.8689220610410442,28.23,32.16,25.76,79.68,8.45,4.98,2.06,74.45,28.7,28.68,synthetic_jabodetabek,jakarta_seasonality_population_weather_poisson,2.1578947368421053
KOTA TANGERANG,kota,BANTEN,2020,1,2020-01-01,81,0,1900000,0.18095238095238095,0.9,0.10434500385411173,1.06813483834962,27.49,30.71,25.01,84.41,12.47,8.45,4.98,79.68,28.23,28.7,synthetic_jabodetabek,jakarta_seasonality_population_weather_poisson,4.263157894736842
KOTA TANGERANG,kota,BANTEN,2020,2,2020-02-01,140,0,1900000,0.18095238095238095,0.9,0.13298713943770538,1.2637095016547601,27.38,30.84,25.45,85.87,20.58,12.47,8.45,84.41,27.49,28.23,synthetic_jabodetabek,jakarta_seasonality_population_weather_poisson,7.368421052631579
KOTA TANGERANG,kota,BANTEN,2020,3,2020-03-01,252,0,1900000,0.18095238095238095,0.9,0.19465292709643392,1.5345028414733757,27.72,30.3,25.83,84.45,10.8,20.58,12.47,85.87,27.38,27.49,synthetic_jabodetabek,jakarta_seasonality_population_weather_poisson,13.263157894736842
KOTA TANGERANG,kota,BANTEN,2020,4,2020-04-01,169,0,1900000,0.18095238095238095,0.9,0.16191326220130633,1.2225007284634208,27.98,31.33,25.64,83.46,6.87,10.8,20.58,84.45,27.72,27.38,synthetic_jabodetabek,jakarta_seasonality_population_weather_poisson,8.894736842105264
KOTA TANGERANG,kota,BANTEN,2020,5,2020-05-01,113,0,1900000,0.18095238095238095,0.9,0.14970181346099234,1.0925180443306934,28.1,31.22,26.03,84.29,5.62,6.87,10.8,83.46,27.98,27.72,synthetic_jabodetabek,jakarta_seasonality_population_weather_poisson,5.947368421052632
KOTA TANGERANG,kota,BANTEN,2020,6,2020-06-01,57,0,1900000,0.18095238095238095,0.9,0.08896912653657349,1.0769023587033795,27.63,30.46,25.19,83.37,2.08,5.62,6.87,84.29,28.1,27.98,synthetic_jabodetabek,jakarta_seasonality_population_weather_poisson,3.0
KOTA TANGERANG,kota,BANTEN,2020,7,2020-07-01,40,0,1900000,0.18095238095238095,0.9,0.048683516572680434,0.934464967992764,27.16,30.0,23.89,81.58,2.79,2.08,5.62,83.37,27.63,28.1,synthetic_jabodetabek,jakarta_seasonality_population_weather_poisson,2.1052631578947367
KOTA TANGERANG,kota,BANTEN,2020,8,2020-08-01,21,0,1900000,0.18095238095238095,0.9,0.027506186863564444,0.9010905444345163,27.19,30.56,23.8,82.07,1.8,2.79,2.08,81.58,27.16,27.63,synthetic_jabodetabek,jakarta_seasonality_population_weather_poisson,1.1052631578947367
KOTA TANGERANG,kota,BANTEN,2020,9,2020-09-01,8,0,1900000,0.18095238095238095,0.9,0.01789119234046006,0.8828676889335972,27.67,31.15,24.78,79.39,3.87,1.8,2.79,82.07,27.19,27.16,synthetic_jabodetabek,jakarta_seasonality_population_weather_poisson,0.42105263157894735
KOTA TANGERANG,kota,BANTEN,2020,10,2020-10-01,16,0,1900000,0.18095238095238095,0.9,0.021826443263418396,0.9047411112228263,27.69,31.38,25.34,81.25,6.64,3.87,1.8,79.39,27.67,27.19,synthetic_jabodetabek,jakarta_seasonality_population_weather_poisson,0.8421052631578947
KOTA TANGERANG,kota,BANTEN,2020,11,2020-11-01,12,0,1900000,0.18095238095238095,0.9,0.023286948760598808,1.0282873749256152,27.85,31.59,24.93,81.3,7.96,6.64,3.87,81.25,27.69,27.67,synthetic_jabodetabek,jakarta_seasonality_population_weather_poisson,0.631578947368421
KOTA TANGERANG,kota,BANTEN,2020,12,2020-12-01,27,0,1900000,0.18095238095238095,0.9,0.028236439612154652,1.0746137442470771,26.95,30.34,24.6,85.2,7.41,7.96,6.64,81.3,27.85,27.69,synthetic_jabodetabek,jakarta_seasonality_population_weather_poisson,1.4210526315789473
KOTA TANGERANG SELATAN,kota,BANTEN,2015,1,2015-01-01,78,0,1400000,0.13333333333333333,0.85,0.10434500385411173,1.2015231740192958,23.86,28.61,20.12,89.11,11.31,11.31,11.31,89.11,23.86,23.86,synthetic_jabodetabek,jakarta_seasonality_population_weather_poisson,5.571428571428571
KOTA TANGERANG SELATAN,kota,BANTEN,2015,2,2015-02-01,98,0,1400000,0.13333333333333333,0.85,0.13298713943770538,1.2015231740192958,24.01,29.2,19.21,89.4,17.33,11.31,17.33,89.11,23.86,24.01,synthetic_jabodetabek,jakarta_seasonality_population_weather_poisson,6.999999999999999
KOTA TANGERANG SELATAN,kota,BANTEN,2015,3,2015-03-01,150,0,1400000,0.13333333333333333,0.85,0.19465292709643392,1.3937457020313104,24.3,30.54,20.59,88.64,10.25,17.33,11.31,89.4,24.01,23.86,synthetic_jabodetabek,jakarta_seasonality_population_weather_poisson,10.714285714285714
KOTA TANGERANG SELATAN,kota,BANTEN,2015,4,2015-04-01,99,0,1400000,0.13333333333333333,0.85,0.16191326220130633,1.1751358739541435,24.69,29.99,20.75,88.38,7.11,10.25,17.33,88.64,24.3,24.01,synthetic_jabodetabek,jakarta_seasonality_population_weather_poisson,7.071428571428571
KOTA TANGERANG SELATAN,kota,BANTEN,2015,5,2015-05-01,80,0,1400000,0.13333333333333333,0.85,0.14970181346099234,1.0890124736350228,24.78,29.95,18.89,86.63,3.96,7.11,10.25,88.38,24.69,24.3,synthetic_jabodetabek,jakarta_seasonality_population_weather_poisson,5.714285714285714
KOTA TANGERANG SELATAN,kota,BANTEN,2015,6,2015-06-01,41,0,1400000,0.13333333333333333,0.85,0.08896912653657349,0.9602679750082737,24.48,29.95,18.2,84.27,1.13,3.96,7.11,86.63,24.78,24.69,synthetic_jabodetabek,jakarta_seasonality_population_weather_poisson,2.9285714285714284
KOTA TANGERANG SELATAN,kota,BANTEN,2015,7,2015-07-01,28,0,1400000,0.13333333333333333,0.85,0.048683516572680434,0.8144153314186144,23.88,29.61,18.06,83.93,0.3,1.13,3.96,84.27,24.48,24.78,synthetic_jabodetabek,jakarta_seasonality_population_weather_poisson,2.0
KOTA TANGERANG SELATAN,kota,BANTEN,2015,8,2015-08-01,14,0,1400000,0.13333333333333333,0.85,0.027506186863564444,0.7611525227459228,24.28,30.74,17.09,80.53,0.53,0.3,1.13,83.93,23.88,24.48,synthetic_jabodetabek,jakarta_seasonality_population_weather_poisson,1.0
KOTA TANGERANG SELATAN,kota,BANTEN,2015,9,2015-09-01,10,0,1400000,0.13333333333333333,0.85,0.01789119234046006,0.7096084538469161,25.19,32.72,17.85,74.79,0.31,0.53,0.3,80.53,24.28,23.88,synthetic_jabodetabek,jakarta_seasonality_population_weather_poisson,0.7142857142857143
KOTA TANGERANG SELATAN,kota,BANTEN,2015,10,2015-10-01,4,0,1400000,0.13333333333333333,0.85,0.021826443263418396,0.6125738991238746,26.7,35.17,19.81,70.0,0.59,0.31,0.53,74.79,25.19,24.28,synthetic_jabodetabek,jakarta_seasonality_population_weather_poisson,0.2857142857142857
KOTA TANGERANG SELATAN,kota,BANTEN,2015,11,2015-11-01,9,0,1400000,0.13333333333333333,0.85,0.023286948760598808,0.6,26.38,35.33,21.3,79.21,8.41,0.59,0.31,70.0,26.7,25.19,synthetic_jabodetabek,jakarta_seasonality_population_weather_poisson,0.6428571428571429
KOTA TANGERANG SELATAN,kota,BANTEN,2015,12,2015-12-01,17,0,1400000,0.13333333333333333,0.85,0.028236439612154652,0.9918859161326008,25.32,31.26,20.32,84.53,8.89,8.41,0.59,79.21,26.38,26.7,synthetic_jabodetabek,jakarta_seasonality_population_weather_poisson,1.2142857142857142
KOTA TANGERANG SELATAN,kota,BANTEN,2017,1,2017-01-01,27,0,1400000,0.13333333333333333,0.85,0.10434500385411173,0.9901612691998862,24.12,29.97,20.49,89.29,8.71,4.31,9.93,88.33,24.3,24.76,synthetic_jabodetabek,jakarta_seasonality_population_weather_poisson,1.9285714285714286
KOTA TANGERANG SELATAN,kota,BANTEN,2017,2,2017-02-01,51,0,1400000,0.13333333333333333,0.85,0.13298713943770538,1.1364289591236267,24.09,29.21,20.59,90.55,16.48,8.71,4.31,89.29,24.12,24.3,synthetic_jabodetabek,jakarta_seasonality_population_weather_poisson,3.6428571428571432
KOTA TANGERANG SELATAN,kota,BANTEN,2017,3,2017-03-01,108,0,1400000,0.13333333333333333,0.85,0.19465292709643392,1.395559533199667,24.5,29.8,20.66,88.12,8.86,16.48,8.71,90.55,24.09,24.12,synthetic_jabodetabek,jakarta_seasonality_population_weather_poisson,7.714285714285714
KOTA TANGERANG SELATAN,kota,BANTEN,2017,4,2017-04-01,82,0,1400000,0.13333333333333333,0.85,0.16191326220130633,1.1293375750940968,24.83,29.62,20.8,88.92,8.93,8.86,16.48,88.12,24.5,24.09,synthetic_jabodetabek,jakarta_seasonality_population_weather_poisson,5.857142857142857
KOTA TANGERANG SELATAN,kota,BANTEN,2017,5,2017-05-01,66,0,1400000,0.13333333333333333,0.85,0.14970181346099234,1.1600995641843832,25.29,30.43,19.49,86.61,5.74,8.93,8.86,88.92,24.83,24.5,synthetic_jabodetabek,jakarta_seasonality_population_weather_poisson,4.714285714285714
KOTA TANGERANG SELATAN,kota,BANTEN,2017,6,2017-06-01,23,0,1400000,0.13333333333333333,0.85,0.08896912653657349,1.0312160695151094,24.54,30.02,20.18,87.51,4.55,5.74,8.93,86.61,25.29,24.83,synthetic_jabodetabek,jakarta_seasonality_population_weather_poisson,1.6428571428571428
KOTA TANGERANG SELATAN,kota,BANTEN,2017,7,2017-07-01,19,0,1400000,0.13333333333333333,0.85,0.048683516572680434,0.9883158314745477,24.45,30.01,17.87,84.76,2.51,4.55,5.74,87.51,24.54,25.29,synthetic_jabodetabek,jakarta_seasonality_population_weather_poisson,1.3571428571428572
KOTA TANGERANG SELATAN,kota,BANTEN,2017,8,2017-08-01,6,0,1400000,0.13333333333333333,0.85,0.027506186863564444,0.8652487801898464,24.31,30.52,17.66,81.86,0.77,2.51,4.55,84.76,24.45,24.54,synthetic_jabodetabek,jakarta_seasonality_population_weather_poisson,0.42857142857142855
KOTA TANGERANG SELATAN,kota,BANTEN,2017,9,2017-09-01,3,0,1400000,0.13333333333333333,0.85,0.01789119234046006,0.746233607226384,25.22,31.73,18.94,79.77,2.83,0.77,2.51,81.86,24.31,24.45,synthetic_jabodetabek,jakarta_seasonality_population_weather_poisson,0.21428571428571427
KOTA TANGERANG SELATAN,kota,BANTEN,2017,10,2017-10-01,6,0,1400000,0.13333333333333333,0.85,0.021826443263418396,0.7955031088451882,25.51,31.59,21.34,84.52,9.49,2.83,0.77,79.77,25.22,24.31,synthetic_jabodetabek,jakarta_seasonality_population_weather_poisson,0.42857142857142855
KOTA TANGERANG SELATAN,kota,BANTEN,2017,11,2017-11-01,9,0,1400000,0.13333333333333333,0.85,0.023286948760598808,1.1069797166023474,25.16,31.39,20.73,85.54,12.4,9.49,2.83,84.52,25.51,25.22,synthetic_jabodetabek,jakarta_seasonality_population_weather_poisson,0.6428571428571429
KOTA TANGERANG SELATAN,kota,BANTEN,2017,12,2017-12-01,12,0,1400000,0.13333333333333333,0.85,0.028236439612154652,1.2038107798026445,24.44,30.7,20.37,87.89,7.52,12.4,9.49,85.54,25.16,25.51,synthetic_jabodetabek,jakarta_seasonality_population_weather_poisson,0.8571428571428571
KOTA TANGERANG SELATAN,kota,BANTEN,2018,1,2018-01-01,49,0,1400000,0.13333333333333333,0.85,0.10434500385411173,1.0820867384921204,24.16,29.76,20.38,88.89,6.6,7.52,12.4,87.89,24.44,25.16,synthetic_jabodetabek,jakarta_seasonality_population_weather_poisson,3.4999999999999996
KOTA TANGERANG SELATAN,kota,BANTEN,2018,2,2018-02-01,52,0,1400000,0.13333333333333333,0.85,0.13298713943770538,1.0659462848786436,24.11,28.81,19.72,89.71,15.15,6.6,7.52,88.89,24.16,24.44,synthetic_jabodetabek,jakarta_seasonality_population_weather_poisson,3.7142857142857144
KOTA TANGERANG SELATAN,kota,BANTEN,2018,3,2018-03-01,83,0,1400000,0.13333333333333333,0.85,0.19465292709643392,1.3384117397617645,24.73,30.31,20.54,87.23,10.21,15.15,6.6,89.71,24.11,24.16,synthetic_jabodetabek,jakarta_seasonality_population_weather_poisson,5.928571428571429
KOTA TANGERANG SELATAN,kota,BANTEN,2018,4,2018-04-01,57,0,1400000,0.13333333333333333,0.85,0.16191326220130633,1.1589783453674063,25.22,30.64,20.45,87.19,7.16,10.21,15.15,87.23,24.73,24.11,synthetic_jabodetabek,jakarta_seasonality_population_weather_poisson,4.071428571428572
KOTA TANGERANG SELATAN,kota,BANTEN,2018,5,2018-05-01,54,0,1400000,0.13333333333333333,0.85,0.14970181346099234,1.0837640606371974,25.13,30.41,19.8,85.64,2.64,7.16,10.21,87.19,25.22,24.73,synthetic_jabodetabek,jakarta_seasonality_population_weather_poisson,3.857142857142857
KOTA TANGERANG SELATAN,kota,BANTEN,2018,6,2018-06-01,23,0,1400000,0.13333333333333333,0.85,0.08896912653657349,0.911820448209621,24.87,30.09,19.53,84.77,2.33,2.64,7.16,85.64,25.13,25.22,synthetic_jabodetabek,jakarta_seasonality_population_weather_poisson,1.6428571428571428
KOTA TANGERANG SELATAN,kota,BANTEN,2018,7,2018-07-01,15,0,1400000,0.13333333333333333,0.85,0.048683516572680434,0.8748193921393104,23.94,29.86,16.16,79.46,0.13,2.33,2.64,84.77,24.87,25.13,synthetic_jabodetabek,jakarta_seasonality_population_weather_poisson,1.0714285714285714
KOTA TANGERANG SELATAN,kota,BANTEN,2018,8,2018-08-01,9,0,1400000,0.13333333333333333,0.85,0.027506186863564444,0.6628277766923267,24.19,30.59,16.84,78.76,0.87,0.13,2.33,79.46,23.94,24.87,synthetic_jabodetabek,jakarta_seasonality_population_weather_poisson,0.6428571428571429
KOTA TANGERANG SELATAN,kota,BANTEN,2018,9,2018-09-01,4,0,1400000,0.13333333333333333,0.85,0.01789119234046006,0.6789067454427761,25.12,31.72,18.56,77.04,2.48,0.87,0.13,78.76,24.19,23.94,synthetic_jabodetabek,jakarta_seasonality_population_weather_poisson,0.2857142857142857
KOTA TANGERANG SELATAN,kota,BANTEN,2018,10,2018-10-01,3,0,1400000,0.13333333333333333,0.85,0.021826443263418396,0.7232575979465106,26.23,32.99,21.25,77.16,4.64,2.48,0.87,77.04,25.12,24.19,synthetic_jabodetabek,jakarta_seasonality_population_weather_poisson,0.21428571428571427
KOTA TANGERANG SELATAN,kota,BANTEN,2018,11,2018-11-01,8,0,1400000,0.13333333333333333,0.85,0.023286948760598808,0.829690842306376,25.47,32.86,21.49,84.0,8.45,4.64,2.48,77.16,26.23,25.12,synthetic_jabodetabek,jakarta_seasonality_population_weather_poisson,0.5714285714285714
KOTA TANGERANG SELATAN,kota,BANTEN,2018,12,2018-12-01,5,0,1400000,0.13333333333333333,0.85,0.028236439612154652,1.0632554469205706,25.06,30.5,20.36,85.14,8.68,8.45,4.64,84.0,25.47,26.23,synthetic_jabodetabek,jakarta_seasonality_population_weather_poisson,0.35714285714285715
KOTA TANGERANG SELATAN,kota,BANTEN,2019,1,2019-01-01,117,0,1400000,0.13333333333333333,0.85,0.10434500385411173,1.0800630438925944,24.69,30.84,20.76,87.78,12.62,8.68,8.45,85.14,25.06,25.47,synthetic_jabodetabek,jakarta_seasonality_population_weather_poisson,8.357142857142856
KOTA TANGERANG SELATAN,kota,BANTEN,2019,2,2019-02-01,178,0,1400000,0.13333333333333333,0.85,0.13298713943770538,1.2416682320133743,25.15,30.34,21.39,87.14,11.46,12.62,8.68,87.78,24.69,25.06,synthetic_jabodetabek,jakarta_seasonality_population_weather_poisson,12.714285714285714
KOTA TANGERANG SELATAN,kota,BANTEN,2019,3,2019-03-01,231,0,1400000,0.13333333333333333,0.85,0.19465292709643392,1.209355660874356,24.82,30.33,20.33,86.76,8.1,11.46,12.62,87.14,25.15,24.69,synthetic_jabodetabek,jakarta_seasonality_population_weather_poisson,16.5
KOTA TANGERANG SELATAN,kota,BANTEN,2019,4,2019-04-01,186,0,1400000,0.13333333333333333,0.85,0.16191326220130633,1.0887602404312888,25.59,30.73,21.23,87.9,10.32,8.1,11.46,86.76,24.82,25.15,synthetic_jabodetabek,jakarta_seasonality_population_weather_poisson,13.285714285714286
KOTA TANGERANG SELATAN,kota,BANTEN,2019,5,2019-05-01,196,0,1400000,0.13333333333333333,0.85,0.14970181346099234,1.2067976210852092,25.45,30.24,20.52,85.84,6.44,10.32,8.1,87.9,25.59,24.82,synthetic_jabodetabek,jakarta_seasonality_population_weather_poisson,13.999999999999998
KOTA TANGERANG SELATAN,kota,BANTEN,2019,6,2019-06-01,93,0,1400000,0.13333333333333333,0.85,0.08896912653657349,1.0414377403254826,24.58,30.26,18.3,82.47,1.29,6.44,10.32,85.84,25.45,25.59,synthetic_jabodetabek,jakarta_seasonality_population_weather_poisson,6.642857142857143
KOTA TANGERANG SELATAN,kota,BANTEN,2019,7,2019-07-01,31,0,1400000,0.13333333333333333,0.85,0.048683516572680434,0.7843470625024567,23.92,30.2,16.78,81.69,0.68,1.29,6.44,82.47,24.58,25.45,synthetic_jabodetabek,jakarta_seasonality_population_weather_poisson,2.214285714285714
KOTA TANGERANG SELATAN,kota,BANTEN,2019,8,2019-08-01,20,0,1400000,0.13333333333333333,0.85,0.027506186863564444,0.7261977943529876,23.98,30.4,16.97,78.64,0.47,0.68,1.29,81.69,23.92,24.58,synthetic_jabodetabek,jakarta_seasonality_population_weather_poisson,1.4285714285714286
KOTA TANGERANG SELATAN,kota,BANTEN,2019,9,2019-09-01,16,0,1400000,0.13333333333333333,0.85,0.01789119234046006,0.6569554234118792,25.17,32.81,17.06,74.04,0.25,0.47,0.68,78.64,23.98,23.92,synthetic_jabodetabek,jakarta_seasonality_population_weather_poisson,1.1428571428571428
KOTA TANGERANG SELATAN,kota,BANTEN,2019,10,2019-10-01,11,0,1400000,0.13333333333333333,0.85,0.021826443263418396,0.6,26.7,35.04,19.47,71.72,2.06,0.25,0.47,74.04,25.17,23.98,synthetic_jabodetabek,jakarta_seasonality_population_weather_poisson,0.7857142857142858
KOTA TANGERANG SELATAN,kota,BANTEN,2019,11,2019-11-01,19,0,1400000,0.13333333333333333,0.85,0.023286948760598808,0.6527240088371368,26.43,34.07,20.48,76.56,5.44,2.06,0.25,71.72,26.7,25.17,synthetic_jabodetabek,jakarta_seasonality_population_weather_poisson,1.3571428571428572
KOTA TANGERANG SELATAN,kota,BANTEN,2019,12,2019-12-01,25,0,1400000,0.13333333333333333,0.85,0.028236439612154652,0.8479466842281567,25.98,32.39,21.75,82.58,10.71,5.44,2.06,76.56,26.43,26.7,synthetic_jabodetabek,jakarta_seasonality_population_weather_poisson,1.7857142857142858
KOTA TANGERANG SELATAN,kota,BANTEN,2020,1,2020-01-01,59,0,1400000,0.13333333333333333,0.85,0.10434500385411173,1.1187597995818335,25.24,31.22,20.83,86.82,12.47,10.71,5.44,82.58,25.98,26.43,synthetic_jabodetabek,jakarta_seasonality_population_weather_poisson,4.214285714285714
KOTA TANGERANG SELATAN,kota,BANTEN,2020,2,2020-02-01,75,0,1400000,0.13333333333333333,0.85,0.13298713943770538,1.2360223532140477,24.94,30.44,21.4,89.33,20.87,12.47,10.71,86.82,25.24,25.98,synthetic_jabodetabek,jakarta_seasonality_population_weather_poisson,5.357142857142857
KOTA TANGERANG SELATAN,kota,BANTEN,2020,3,2020-03-01,174,0,1400000,0.13333333333333333,0.85,0.19465292709643392,1.5312381990031512,25.19,29.83,21.68,89.12,14.66,20.87,12.47,89.33,24.94,25.24,synthetic_jabodetabek,jakarta_seasonality_population_weather_poisson,12.428571428571429
KOTA TANGERANG SELATAN,kota,BANTEN,2020,4,2020-04-01,111,0,1400000,0.13333333333333333,0.85,0.16191326220130633,1.3490758885268364,25.34,30.62,20.97,88.37,8.59,14.66,20.87,89.12,25.19,24.94,synthetic_jabodetabek,jakarta_seasonality_population_weather_poisson,7.928571428571429
KOTA TANGERANG SELATAN,kota,BANTEN,2020,5,2020-05-01,92,0,1400000,0.13333333333333333,0.85,0.14970181346099234,1.1560863450987608,25.44,30.29,21.88,89.1,7.52,8.59,14.66,88.37,25.34,25.19,synthetic_jabodetabek,jakarta_seasonality_population_weather_poisson,6.571428571428571
KOTA TANGERANG SELATAN,kota,BANTEN,2020,6,2020-06-01,46,0,1400000,0.13333333333333333,0.85,0.08896912653657349,1.1430400058910533,24.92,29.71,20.36,87.83,2.35,7.52,8.59,89.1,25.44,25.34,synthetic_jabodetabek,jakarta_seasonality_population_weather_poisson,3.2857142857142856
KOTA TANGERANG SELATAN,kota,BANTEN,2020,7,2020-07-01,23,0,1400000,0.13333333333333333,0.85,0.048683516572680434,0.9424361163789159,24.54,29.63,18.69,84.78,2.88,2.35,7.52,87.83,24.92,25.44,synthetic_jabodetabek,jakarta_seasonality_population_weather_poisson,1.6428571428571428
KOTA TANGERANG SELATAN,kota,BANTEN,2020,8,2020-08-01,13,0,1400000,0.13333333333333333,0.85,0.027506186863564444,0.8799488376473865,24.92,30.95,18.3,83.91,1.84,2.88,2.35,84.78,24.54,24.92,synthetic_jabodetabek,jakarta_seasonality_population_weather_poisson,0.9285714285714286
KOTA TANGERANG SELATAN,kota,BANTEN,2020,9,2020-09-01,6,0,1400000,0.13333333333333333,0.85,0.01789119234046006,0.843522631282971,25.18,30.68,19.76,82.75,4.99,1.84,2.88,83.91,24.92,24.54,synthetic_jabodetabek,jakarta_seasonality_population_weather_poisson,0.42857142857142855
KOTA TANGERANG SELATAN,kota,BANTEN,2020,10,2020-10-01,21,0,1400000,0.13333333333333333,0.85,0.021826443263418396,0.9225092481919611,25.14,31.29,21.45,86.05,9.87,4.99,1.84,82.75,25.18,24.92,synthetic_jabodetabek,jakarta_seasonality_population_weather_poisson,1.5
KOTA TANGERANG SELATAN,kota,BANTEN,2020,11,2020-11-01,16,0,1400000,0.13333333333333333,0.85,0.023286948760598808,1.1380146663841104,25.23,31.36,21.17,85.88,6.78,9.87,4.99,86.05,25.14,25.18,synthetic_jabodetabek,jakarta_seasonality_population_weather_poisson,1.1428571428571428
KOTA TANGERANG SELATAN,kota,BANTEN,2020,12,2020-12-01,15,0,1400000,0.13333333333333333,0.85,0.028236439612154652,1.044767516710169,24.24,29.08,20.89,89.07,7.38,6.78,9.87,85.88,25.23,25.14,synthetic_jabodetabek,jakarta_seasonality_population_weather_poisson,1.0714285714285714
