region,year,month,date_month,data_origin,penderita_dbd,meninggal,is_complete_year,region_type,province,risk_multiplier,population_placeholder,monthly_share,latitude,longitude,T2M,T2M_MAX,T2M_MIN,RH2M,PRECTOTCORR,weather_source,rainfall_lag_1,rainfall_lag_2,humidity_lag_1,temperature_lag_1,temperature_lag_2,rainfall_z_lag_1,humidity_z_lag_1,temperature_z_lag_1,weather_multiplier,population,population_scale,synthetic_method,incidence_rate_per_100k
JAKARTA BARAT,2015,1,2015-01-01,real_jakarta,128,0,True,kota,DKI JAKARTA,1.0,2400000,0.10434500385411173,-6.1683,106.7588,26.46,30.33,24.09,85.5,11.88,NASA_POWER,11.88,11.88,85.5,26.46,26.46,1.1254481129043334,0.9371436122199356,-0.5088239959653147,1.2370903783593779,2400000,0.22857142857142856,not_synthetic_real_observed,5.333333333333333
JAKARTA BARAT,2015,2,2015-02-01,real_jakarta,134,1,True,kota,DKI JAKARTA,1.0,2400000,0.13298713943770538,-6.1683,106.7588,26.4,29.97,24.26,85.8,19.1,NASA_POWER,11.88,19.1,85.5,26.46,26.4,1.1254481129043334,0.9371436122199356,-0.5088239959653147,1.2370903783593779,2400000,0.22857142857142856,not_synthetic_real_observed,5.583333333333333
JAKARTA BARAT,2015,3,2015-03-01,real_jakarta,205,0,True,kota,DKI JAKARTA,1.0,2400000,0.19465292709643392,-6.1683,106.7588,27.01,31.32,24.36,83.57,9.22,NASA_POWER,19.1,11.88,85.8,26.4,26.46,2.58210817418356,1.0088869099443667,-0.5622056720637693,1.460094633518782,2400000,0.22857142857142856,not_synthetic_real_observed,8.541666666666666
JAKARTA BARAT,2015,4,2015-04-01,real_jakarta,237,0,True,kota,DKI JAKARTA,1.0,2400000,0.16191326220130633,-6.1683,106.7588,27.54,31.16,24.84,82.29,6.37,NASA_POWER,9.22,19.1,83.57,27.01,26.4,0.5887838798014605,0.4755950635260903,-0.019491965062832257,1.1349024900696865,2400000,0.22857142857142856,not_synthetic_real_observed,9.875
JAKARTA BARAT,2015,5,2015-05-01,real_jakarta,187,0,True,kota,DKI JAKARTA,1.0,2400000,0.14970181346099234,-6.1683,106.7588,27.5,30.73,24.01,82.94,3.17,NASA_POWER,6.37,9.22,82.29,27.54,27.01,0.013786487191239401,0.16949032656851837,0.4520461738068299,1.0416193144258792,2400000,0.22857142857142856,not_synthetic_real_observed,7.791666666666667
JAKARTA BARAT,2015,6,2015-06-01,real_jakarta,119,0,True,kota,DKI JAKARTA,1.0,2400000,0.08896912653657349,-6.1683,106.7588,27.19,30.56,23.39,81.07,1.51,NASA_POWER,3.17,6.37,82.94,27.5,27.54,-0.6318246203009386,0.3249341383047849,0.4164583897411956,0.9585426402723974,2400000,0.22857142857142856,not_synthetic_real_observed,4.958333333333333
JAKARTA BARAT,2015,7,2015-07-01,real_jakarta,105,0,True,kota,DKI JAKARTA,1.0,2400000,0.048683516572680434,-6.1683,106.7588,26.72,30.26,23.28,80.57,0.47,NASA_POWER,1.51,3.17,81.07,27.19,27.5,-0.9667353823125059,-0.1222657508441735,0.14065306323252516,0.8497957707303331,2400000,0.22857142857142856,not_synthetic_real_observed,4.375
JAKARTA BARAT,2015,8,2015-08-01,real_jakarta,45,0,True,kota,DKI JAKARTA,1.0,2400000,0.027506186863564444,-6.1683,106.7588,26.76,31.16,22.66,78.55,0.56,NASA_POWER,0.47,1.51,80.57,26.72,27.19,-1.1765589922474637,-0.24183791371822627,-0.2775033995386887,0.7854571898141235,2400000,0.22857142857142856,not_synthetic_real_observed,1.8749999999999998
JAKARTA BARAT,2015,9,2015-09-01,real_jakarta,30,0,True,kota,DKI JAKARTA,1.0,2400000,0.01789119234046006,-6.1683,106.7588,27.61,32.62,23.3,73.1,0.25,NASA_POWER,0.56,0.47,78.55,26.76,26.72,-1.1584011798492462,-0.7249094517293985,-0.24191561547305127,0.7416530970760207,2400000,0.22857142857142856,not_synthetic_real_observed,1.25
JAKARTA BARAT,2015,10,2015-10-01,real_jakarta,37,0,True,kota,DKI JAKARTA,1.0,2400000,0.021826443263418396,-6.1683,106.7588,28.53,33.11,24.7,72.06,0.56,NASA_POWER,0.25,0.56,73.1,27.61,26.76,-1.220944755887551,-2.0282460270565745,0.5143247959216914,0.6397499237072944,2400000,0.22857142857142856,not_synthetic_real_observed,1.5416666666666667
JAKARTA BARAT,2015,11,2015-11-01,real_jakarta,22,0,True,kota,DKI JAKARTA,1.0,2400000,0.023286948760598808,-6.1683,106.7588,28.75,33.27,25.7,75.69,4.34,NASA_POWER,0.56,0.25,72.06,28.53,27.61,-1.1584011798492462,-2.276956125834602,1.332843829431299,0.6651864019107179,2400000,0.22857142857142856,not_synthetic_real_observed,0.9166666666666666
JAKARTA BARAT,2015,12,2015-12-01,real_jakarta,34,0,True,kota,DKI JAKARTA,1.0,2400000,0.028236439612154652,-6.1683,106.7588,27.89,31.15,24.58,80.88,7.46,NASA_POWER,4.34,0.56,75.69,28.75,28.53,-0.39577305912411104,-1.4088622233689803,1.5285766417922906,0.8761766508840998,2400000,0.22857142857142856,not_synthetic_real_observed,1.4166666666666665
JAKARTA BARAT,2016,1,2016-01-01,real_jakarta,185,0,False,kota,DKI JAKARTA,1.0,2400000,0.10434500385411173,-6.1683,106.7588,28.07,31.91,24.94,81.38,7.06,NASA_POWER,7.46,4.34,80.88,27.89,28.75,0.23369777068076247,-0.16770317273631302,0.7634392843811377,1.0564563125475401,2400000,0.22857142857142856,not_synthetic_real_observed,7.708333333333333
JAKARTA BARAT,2016,2,2016-02-01,real_jakarta,94,0,False,kota,DKI JAKARTA,1.0,2400000,0.13298713943770538,-6.1683,106.7588,27.35,31.29,25.13,85.23,17.96,NASA_POWER,7.06,7.46,81.38,28.07,27.89,0.15299638224424017,-0.048131009862260245,0.9235843126764952,1.0643155719842348,2400000,0.22857142857142856,not_synthetic_real_observed,3.9166666666666665
JAKARTA BARAT,2017,1,2017-01-01,real_jakarta,185,0,True,kota,DKI JAKARTA,1.0,2400000,0.10434500385411173,-6.1683,106.7588,26.75,30.7,24.66,86.06,11.0,NASA_POWER,5.25,9.59,84.57,27.12,27.4,-0.2121774004310229,0.7147393892741959,0.0783744411176636,1.0435660509186493,2400000,0.22857142857142856,not_synthetic_real_observed,7.708333333333333
JAKARTA BARAT,2017,2,2017-02-01,real_jakarta,79,0,True,kota,DKI JAKARTA,1.0,2400000,0.13298713943770538,-6.1683,106.7588,26.6,29.79,24.49,87.06,19.52,NASA_POWER,11.0,5.25,86.06,26.75,27.12,0.9479050583439843,1.0710644346388754,-0.2508125614894614,1.236751574141012,2400000,0.22857142857142856,not_synthetic_real_observed,3.291666666666667
JAKARTA BARAT,2017,3,2017-03-01,real_jakarta,112,0,True,kota,DKI JAKARTA,1.0,2400000,0.19465292709643392,-6.1683,106.7588,27.15,30.37,24.74,83.89,7.38,NASA_POWER,19.52,11.0,87.06,26.6,26.75,2.666844632041908,1.3102087603869808,-0.38426675173559155,1.5118342332582049,2400000,0.22857142857142856,not_synthetic_real_observed,4.666666666666666
JAKARTA BARAT,2017,4,2017-04-01,real_jakarta,79,0,True,kota,DKI JAKARTA,1.0,2400000,0.16191326220130633,-6.1683,106.7588,27.41,30.65,24.99,84.46,8.42,NASA_POWER,7.38,19.52,83.89,27.15,26.6,0.21755749299345803,0.5521212477654859,0.10506527916688774,1.093099012683912,2400000,0.22857142857142856,not_synthetic_real_observed,3.291666666666667
JAKARTA BARAT,2017,5,2017-05-01,real_jakarta,81,0,True,kota,DKI JAKARTA,1.0,2400000,0.14970181346099234,-6.1683,106.7588,27.79,30.93,24.56,82.47,4.54,NASA_POWER,8.42,7.38,84.46,27.41,27.15,0.42738110292841586,0.6884335134419044,0.3363858755935169,1.1497698105631287,2400000,0.22857142857142856,not_synthetic_real_observed,3.375
JAKARTA BARAT,2017,6,2017-06-01,real_jakarta,44,0,True,kota,DKI JAKARTA,1.0,2400000,0.08896912653657349,-6.1683,106.7588,27.23,30.45,24.93,83.74,4.39,NASA_POWER,4.54,8.42,82.47,27.79,27.41,-0.3554223649058499,0.2125363052031756,0.6744698242170489,1.0016637669952926,2400000,0.22857142857142856,not_synthetic_real_observed,1.8333333333333333
JAKARTA BARAT,2017,7,2017-07-01,real_jakarta,44,0,True,kota,DKI JAKARTA,1.0,2400000,0.048683516572680434,-6.1683,106.7588,27.05,30.34,22.96,80.87,2.26,NASA_POWER,4.39,4.54,83.74,27.23,27.79,-0.3856853855695458,0.5162495989032687,0.17624084729815945,1.002584194419803,2400000,0.22857142857142856,not_synthetic_real_observed,1.8333333333333333
JAKARTA BARAT,2017,8,2017-08-01,real_jakarta,34,0,True,kota,DKI JAKARTA,1.0,2400000,0.027506186863564444,-6.1683,106.7588,26.89,30.18,22.75,78.86,0.58,NASA_POWER,2.26,4.39,80.87,27.05,27.23,-0.8154202789940267,-0.1700946159937919,0.016095819002802023,0.8614822875016569,2400000,0.22857142857142856,not_synthetic_real_observed,1.4166666666666665
JAKARTA BARAT,2017,9,2017-09-01,real_jakarta,24,0,True,kota,DKI JAKARTA,1.0,2400000,0.01789119234046006,-6.1683,106.7588,27.52,31.77,23.87,77.46,1.98,NASA_POWER,0.58,2.26,78.86,26.89,27.05,-1.15436611042742,-0.6507747107474853,-0.12625531725973826,0.7554548464981516,2400000,0.22857142857142856,not_synthetic_real_observed,1.0
JAKARTA BARAT,2017,10,2017-10-01,real_jakarta,58,0,True,kota,DKI JAKARTA,1.0,2400000,0.021826443263418396,-6.1683,106.7588,28.07,31.68,25.64,79.79,6.99,NASA_POWER,1.98,0.58,77.46,27.52,26.89,-0.8719112508995922,-0.9855767667948343,0.43425228177401276,0.7923682497742783,2400000,0.22857142857142856,not_synthetic_real_observed,2.4166666666666665
JAKARTA BARAT,2017,11,2017-11-01,real_jakarta,39,0,True,kota,DKI JAKARTA,1.0,2400000,0.023286948760598808,-6.1683,106.7588,27.95,31.69,25.34,80.72,11.01,NASA_POWER,6.99,1.98,79.79,28.07,27.52,0.1388736392678489,-0.42837048780174547,0.9235843126764952,1.0241732127438274,2400000,0.22857142857142856,not_synthetic_real_observed,1.6249999999999998
JAKARTA BARAT,2017,12,2017-12-01,real_jakarta,43,0,True,kota,DKI JAKARTA,1.0,2400000,0.028236439612154652,-6.1683,106.7588,27.14,31.45,24.44,84.11,7.79,NASA_POWER,11.01,6.99,80.72,27.95,28.07,0.9499225930548973,-0.20596626485600908,0.8168209604795892,1.162732810496613,2400000,0.22857142857142856,not_synthetic_real_observed,1.7916666666666667
JAKARTA BARAT,2018,1,2018-01-01,real_jakarta,64,0,True,kota,DKI JAKARTA,1.0,2400000,0.10434500385411173,-6.1683,106.7588,26.98,30.56,24.87,84.63,6.49,NASA_POWER,7.79,11.01,84.11,27.14,27.95,0.30027641614089334,0.6047329994300688,0.09616833315048073,1.1103231790216648,2400000,0.22857142857142856,not_synthetic_real_observed,2.6666666666666665
JAKARTA BARAT,2018,2,2018-02-01,real_jakarta,59,0,True,kota,DKI JAKARTA,1.0,2400000,0.13298713943770538,-6.1683,106.7588,26.6,29.32,24.28,86.64,16.07,NASA_POWER,6.49,7.79,84.63,26.98,27.14,0.03799690372219609,0.7290880488190827,-0.04618280311205955,1.0762992002846345,2400000,0.22857142857142856,not_synthetic_real_observed,2.458333333333333
JAKARTA BARAT,2018,3,2018-03-01,real_jakarta,95,0,True,kota,DKI JAKARTA,1.0,2400000,0.19465292709643392,-6.1683,106.7588,27.38,31.25,24.66,82.83,10.07,NASA_POWER,16.07,6.49,86.64,26.6,26.98,1.9707951567769038,1.209768143572776,-0.38426675173559155,1.3973827502870335,2400000,0.22857142857142856,not_synthetic_real_observed,3.958333333333333
JAKARTA BARAT,2018,4,2018-04-01,real_jakarta,142,0,True,kota,DKI JAKARTA,1.0,2400000,0.16191326220130633,-6.1683,106.7588,27.85,30.69,25.38,82.7,5.66,NASA_POWER,10.07,16.07,82.83,27.38,26.6,0.7602743302290702,0.29862826247249347,0.3096950375442896,1.1593887276588244,2400000,0.22857142857142856,not_synthetic_real_observed,5.916666666666666
JAKARTA BARAT,2018,5,2018-05-01,real_jakarta,151,0,True,kota,DKI JAKARTA,1.0,2400000,0.14970181346099234,-6.1683,106.7588,27.84,31.1,25.15,82.52,2.17,NASA_POWER,5.66,10.07,82.7,27.85,27.38,-0.1294584772835876,0.2675395001252408,0.7278515003155035,1.0437277534357612,2400000,0.22857142857142856,not_synthetic_real_observed,6.291666666666666
JAKARTA BARAT,2018,6,2018-06-01,real_jakarta,98,0,True,kota,DKI JAKARTA,1.0,2400000,0.08896912653657349,-6.1683,106.7588,27.45,30.55,24.08,81.44,1.97,NASA_POWER,2.17,5.66,82.52,27.84,27.85,-0.8335780913922441,0.2244935214905802,0.7189545542990933,0.9333603661551761,2400000,0.22857142857142856,not_synthetic_real_observed,4.083333333333333
JAKARTA BARAT,2018,7,2018-07-01,real_jakarta,59,0,True,kota,DKI JAKARTA,1.0,2400000,0.048683516572680434,-6.1683,106.7588,26.71,30.13,22.31,76.08,0.1,NASA_POWER,1.97,2.17,81.44,27.45,27.84,-0.8739287856105054,-0.03378235031737337,0.3719736596591512,0.8841311301096445,2400000,0.22857142857142856,not_synthetic_real_observed,2.458333333333333
JAKARTA BARAT,2018,8,2018-08-01,real_jakarta,57,0,True,kota,DKI JAKARTA,1.0,2400000,0.027506186863564444,-6.1683,106.7588,26.81,30.57,22.23,75.65,0.54,NASA_POWER,0.1,1.97,76.08,26.71,27.45,-1.2512077765512468,-1.315595936327219,-0.2864003455550957,0.6664392226068364,2400000,0.22857142857142856,not_synthetic_real_observed,2.375
JAKARTA BARAT,2018,9,2018-09-01,real_jakarta,42,0,True,kota,DKI JAKARTA,1.0,2400000,0.01789119234046006,-6.1683,106.7588,27.67,31.77,23.67,73.72,1.85,NASA_POWER,0.54,0.1,75.65,26.81,26.71,-1.1624362492710723,-1.4184279963989024,-0.19743088539101,0.6739202186998985,2400000,0.22857142857142856,not_synthetic_real_observed,1.7499999999999998
JAKARTA BARAT,2018,10,2018-10-01,real_jakarta,45,0,True,kota,DKI JAKARTA,1.0,2400000,0.021826443263418396,-6.1683,106.7588,28.52,32.95,25.26,74.55,3.29,NASA_POWER,1.85,0.54,73.72,27.67,26.81,-0.898139202141462,-1.8799765450927477,0.567706472020146,0.7056667887705133,2400000,0.22857142857142856,not_synthetic_real_observed,1.8749999999999998
JAKARTA BARAT,2018,11,2018-11-01,real_jakarta,39,0,True,kota,DKI JAKARTA,1.0,2400000,0.023286948760598808,-6.1683,106.7588,28.12,33.64,25.73,78.78,5.94,NASA_POWER,3.29,1.85,74.55,28.52,27.67,-0.6076142037699819,-1.6814867547218206,1.3239468834148889,0.8069065381330651,2400000,0.22857142857142856,not_synthetic_real_observed,1.6249999999999998
JAKARTA BARAT,2018,12,2018-12-01,real_jakarta,58,0,True,kota,DKI JAKARTA,1.0,2400000,0.028236439612154652,-6.1683,106.7588,27.75,32.03,24.86,80.52,6.65,NASA_POWER,5.94,3.29,78.78,28.12,28.52,-0.07296750537802195,-0.6699062568073333,0.9680690427585397,0.9704677006504904,2400000,0.22857142857142856,not_synthetic_real_observed,2.4166666666666665
JAKARTA BARAT,2019,1,2019-01-01,real_jakarta,252,0,True,kota,DKI JAKARTA,1.0,2400000,0.10434500385411173,-6.1683,106.7588,27.32,31.21,25.05,83.93,13.54,NASA_POWER,6.65,5.94,80.52,27.75,28.12,0.07027745909680502,-0.25379513000563086,0.6388820401514146,1.0171062078715283,2400000,0.22857142857142856,not_synthetic_real_observed,10.5
JAKARTA BARAT,2019,2,2019-02-01,real_jakarta,460,0,True,kota,DKI JAKARTA,1.0,2400000,0.13298713943770538,-6.1683,106.7588,27.66,30.85,25.13,82.3,8.96,NASA_POWER,13.54,6.65,83.93,27.32,27.75,1.4603588749159004,0.5616870207954116,0.25631336144583816,1.2880382013892182,2400000,0.22857142857142856,not_synthetic_real_observed,19.166666666666668
JAKARTA BARAT,2019,3,2019-03-01,real_jakarta,539,0,True,kota,DKI JAKARTA,1.0,2400000,0.19465292709643392,-6.1683,106.7588,27.65,31.26,24.6,81.75,8.07,NASA_POWER,8.96,13.54,82.3,27.66,27.32,0.5363279773177211,0.17188176982599726,0.5588095260037359,1.1255778498804445,2400000,0.22857142857142856,not_synthetic_real_observed,22.458333333333332
JAKARTA BARAT,2019,4,2019-04-01,real_jakarta,333,0,True,kota,DKI JAKARTA,1.0,2400000,0.16191326220130633,-6.1683,106.7588,28.18,31.05,25.56,82.84,8.43,NASA_POWER,8.07,8.96,81.75,27.65,27.66,0.35676738804645897,0.04035239066453989,0.5499125799873258,1.085045976272789,2400000,0.22857142857142856,not_synthetic_real_observed,13.875000000000002
JAKARTA BARAT,2019,5,2019-05-01,real_jakarta,304,0,True,kota,DKI JAKARTA,1.0,2400000,0.14970181346099234,-6.1683,106.7588,28.08,31.25,25.3,81.97,5.41,NASA_POWER,8.43,8.07,82.84,28.18,27.65,0.4293986376393289,0.3010197057299757,1.021450718856991,1.1455843021617467,2400000,0.22857142857142856,not_synthetic_real_observed,12.666666666666666
JAKARTA BARAT,2019,6,2019-06-01,real_jakarta,176,0,True,kota,DKI JAKARTA,1.0,2400000,0.08896912653657349,-6.1683,106.7588,27.39,30.74,23.63,79.4,1.21,NASA_POWER,5.41,8.43,81.97,28.08,28.18,-0.17989684505641398,0.09296414232912283,0.9324812586929022,1.0289359504090954,2400000,0.22857142857142856,not_synthetic_real_observed,7.333333333333333
JAKARTA BARAT,2019,7,2019-07-01,real_jakarta,73,0,True,kota,DKI JAKARTA,1.0,2400000,0.048683516572680434,-6.1683,106.7588,26.62,30.25,22.15,79.25,0.63,NASA_POWER,1.21,5.41,79.4,27.39,28.08,-1.0272614236398976,-0.5216367748435068,0.31859198356069973,0.8096767081476997,2400000,0.22857142857142856,not_synthetic_real_observed,3.0416666666666665
JAKARTA BARAT,2019,8,2019-08-01,real_jakarta,31,0,True,kota,DKI JAKARTA,1.0,2400000,0.027506186863564444,-6.1683,106.7588,26.57,30.27,22.22,76.2,0.24,NASA_POWER,0.63,1.21,79.25,26.62,27.39,-1.144278436872855,-0.557508423705724,-0.36647285970277443,0.7542837491133607,2400000,0.22857142857142856,not_synthetic_real_observed,1.2916666666666665
JAKARTA BARAT,2019,9,2019-09-01,real_jakarta,25,0,True,kota,DKI JAKARTA,1.0,2400000,0.01789119234046006,-6.1683,106.7588,27.51,32.52,22.73,73.31,0.13,NASA_POWER,0.24,0.63,76.2,26.57,26.62,-1.222962290598464,-1.286898617237445,-0.41095758978481883,0.6673179151972449,2400000,0.22857142857142856,not_synthetic_real_observed,1.0416666666666667
JAKARTA BARAT,2019,10,2019-10-01,real_jakarta,23,0,True,kota,DKI JAKARTA,1.0,2400000,0.021826443263418396,-6.1683,106.7588,28.68,34.16,24.46,71.5,2.06,NASA_POWER,0.13,0.24,73.31,27.51,26.57,-1.2451551724185077,-1.9780257186494703,0.42535533575760576,0.6366919190601571,2400000,0.22857142857142856,not_synthetic_real_observed,0.9583333333333334
JAKARTA BARAT,2019,11,2019-11-01,real_jakarta,40,0,True,kota,DKI JAKARTA,1.0,2400000,0.023286948760598808,-6.1683,106.7588,28.7,33.25,24.92,74.45,4.98,NASA_POWER,2.06,0.13,71.5,28.68,27.51,-0.8557709732122877,-2.410876948253542,1.4662980196774291,0.7038615601766741,2400000,0.22857142857142856,not_synthetic_real_observed,1.6666666666666667
JAKARTA BARAT,2019,12,2019-12-01,real_jakarta,49,0,True,kota,DKI JAKARTA,1.0,2400000,0.028236439612154652,-6.1683,106.7588,28.23,32.16,25.76,79.68,8.45,NASA_POWER,4.98,2.06,74.45,28.7,28.68,-0.2666508376256753,-1.7054011872966297,1.4840919117102462,0.8636668512119979,2400000,0.22857142857142856,not_synthetic_real_observed,2.0416666666666665
JAKARTA BARAT,2020,1,2020-01-01,real_jakarta,69,0,True,kota,DKI JAKARTA,1.0,2400000,0.10434500385411173,-6.1683,106.7588,27.49,30.71,25.01,84.41,12.47,NASA_POWER,8.45,4.98,79.68,28.23,28.7,0.4334337070611549,-0.4546763636340369,1.0659354489390356,1.0728441921427212,2400000,0.22857142857142856,not_synthetic_real_observed,2.875
JAKARTA BARAT,2020,2,2020-02-01,real_jakarta,166,0,True,kota,DKI JAKARTA,1.0,2400000,0.13298713943770538,-6.1683,106.7588,27.38,30.84,25.45,85.87,20.58,NASA_POWER,12.47,8.45,84.41,27.49,28.23,1.2444826608482038,0.6764762971544998,0.4075614437247855,1.2746981010289198,2400000,0.22857142857142856,not_synthetic_real_observed,6.916666666666666
JAKARTA BARAT,2020,3,2020-03-01,real_jakarta,354,0,True,kota,DKI JAKARTA,1.0,2400000,0.19465292709643392,-6.1683,106.7588,27.72,30.3,25.83,84.45,10.8,NASA_POWER,20.58,12.47,85.87,27.38,27.49,2.8807033113986917,1.0256270127467357,0.3096950375442896,1.5501529498616917,2400000,0.22857142857142856,not_synthetic_real_observed,14.75
JAKARTA BARAT,2020,4,2020-04-01,real_jakarta,282,0,True,kota,DKI JAKARTA,1.0,2400000,0.16191326220130633,-6.1683,106.7588,27.98,31.33,25.64,83.46,6.87,NASA_POWER,10.8,20.58,84.45,27.72,27.38,0.9075543641257233,0.6860420701844255,0.6121912021021874,1.2353469217424102,2400000,0.22857142857142856,not_synthetic_real_observed,11.75
JAKARTA BARAT,2020,5,2020-05-01,real_jakarta,195,0,True,kota,DKI JAKARTA,1.0,2400000,0.14970181346099234,-6.1683,106.7588,28.1,31.22,26.03,84.29,5.62,NASA_POWER,6.87,10.8,83.46,27.98,27.72,0.11466322273689221,0.44928918769379883,0.8435117985288165,1.1043039921063547,2400000,0.22857142857142856,not_synthetic_real_observed,8.125
JAKARTA BARAT,2020,6,2020-06-01,real_jakarta,82,0,True,kota,DKI JAKARTA,1.0,2400000,0.08896912653657349,-6.1683,106.7588,27.63,30.46,25.19,83.37,2.08,NASA_POWER,5.62,6.87,84.29,28.1,27.98,-0.1375286161272398,0.6477789780647294,0.9502751507257224,1.091662362923673,2400000,0.22857142857142856,not_synthetic_real_observed,3.4166666666666665
JAKARTA BARAT,2020,7,2020-07-01,real_jakarta,22,0,True,kota,DKI JAKARTA,1.0,2400000,0.048683516572680434,-6.1683,106.7588,27.16,30.0,23.89,81.58,2.79,NASA_POWER,2.08,5.62,83.37,27.63,28.1,-0.8517359037904617,0.42776619837647195,0.5321186879545086,0.9416221686668034,2400000,0.22857142857142856,not_synthetic_real_observed,0.9166666666666666
JAKARTA BARAT,2020,8,2020-08-01,real_jakarta,25,0,True,kota,DKI JAKARTA,1.0,2400000,0.027506186863564444,-6.1683,106.7588,27.19,30.56,23.8,82.07,1.8,NASA_POWER,2.79,2.08,81.58,27.16,27.63,-0.7084909393156347,-0.0003021447126384607,0.11396222518329788,0.8993942558905558,2400000,0.22857142857142856,not_synthetic_real_observed,1.0416666666666667
JAKARTA BARAT,2020,9,2020-09-01,real_jakarta,19,0,True,kota,DKI JAKARTA,1.0,2400000,0.01789119234046006,-6.1683,106.7588,27.67,31.15,24.78,79.39,3.87,NASA_POWER,1.8,2.79,82.07,27.19,27.16,-0.9082268756960273,0.11687857490393203,0.14065306323252516,0.8824864792976154,2400000,0.22857142857142856,not_synthetic_real_observed,0.7916666666666666
JAKARTA BARAT,2020,10,2020-10-01,real_jakarta,11,0,True,kota,DKI JAKARTA,1.0,2400000,0.021826443263418396,-6.1683,106.7588,27.69,31.38,25.34,81.25,6.64,NASA_POWER,3.87,1.8,79.39,27.67,27.19,-0.4905971905370246,-0.524028218100989,0.567706472020146,0.9023929232103547,2400000,0.22857142857142856,not_synthetic_real_observed,0.4583333333333333
JAKARTA BARAT,2020,11,2020-11-01,real_jakarta,23,0,True,kota,DKI JAKARTA,1.0,2400000,0.023286948760598808,-6.1683,106.7588,27.85,31.59,24.93,81.3,7.96,NASA_POWER,6.64,3.87,81.25,27.69,27.67,0.06825992438589183,-0.07921977220951287,0.5855003640529631,1.0315920296395806,2400000,0.22857142857142856,not_synthetic_real_observed,0.9583333333333334
JAKARTA BARAT,2020,12,2020-12-01,real_jakarta,17,0,True,kota,DKI JAKARTA,1.0,2400000,0.028236439612154652,-6.1683,106.7588,26.95,30.34,24.6,85.2,7.41,NASA_POWER,7.96,6.64,81.3,27.85,27.69,0.33457450622641527,-0.06726255592210828,0.7278515003155035,1.0798524953575268,2400000,0.22857142857142856,not_synthetic_real_observed,0.7083333333333333
JAKARTA PUSAT,2015,1,2015-01-01,real_jakarta,33,0,True,kota,DKI JAKARTA,1.0,1100000,0.10434500385411173,-6.1865,106.8341,26.46,30.33,24.09,85.5,11.88,NASA_POWER,11.88,11.88,85.5,26.46,26.46,1.1254481129043334,0.9371436122199356,-0.5088239959653147,1.2370903783593779,1100000,0.10476190476190476,not_synthetic_real_observed,3.0
JAKARTA PUSAT,2015,2,2015-02-01,real_jakarta,39,1,True,kota,DKI JAKARTA,1.0,1100000,0.13298713943770538,-6.1865,106.8341,26.4,29.97,24.26,85.8,19.1,NASA_POWER,11.88,19.1,85.5,26.46,26.4,1.1254481129043334,0.9371436122199356,-0.5088239959653147,1.2370903783593779,1100000,0.10476190476190476,not_synthetic_real_observed,3.5454545454545454
JAKARTA PUSAT,2015,3,2015-03-01,real_jakarta,85,0,True,kota,DKI JAKARTA,1.0,1100000,0.19465292709643392,-6.1865,106.8341,27.01,31.32,24.36,83.57,9.22,NASA_POWER,19.1,11.88,85.8,26.4,26.46,2.58210817418356,1.0088869099443667,-0.5622056720637693,1.460094633518782,1100000,0.10476190476190476,not_synthetic_real_observed,7.7272727272727275
JAKARTA PUSAT,2015,4,2015-04-01,real_jakarta,100,0,True,kota,DKI JAKARTA,1.0,1100000,0.16191326220130633,-6.1865,106.8341,27.54,31.16,24.84,82.29,6.37,NASA_POWER,9.22,19.1,83.57,27.01,26.4,0.5887838798014605,0.4755950635260903,-0.019491965062832257,1.1349024900696865,1100000,0.10476190476190476,not_synthetic_real_observed,9.09090909090909
JAKARTA PUSAT,2015,5,2015-05-01,real_jakarta,61,0,True,kota,DKI JAKARTA,1.0,1100000,0.14970181346099234,-6.1865,106.8341,27.5,30.73,24.01,82.94,3.17,NASA_POWER,6.37,9.22,82.29,27.54,27.01,0.013786487191239401,0.16949032656851837,0.4520461738068299,1.0416193144258792,1100000,0.10476190476190476,not_synthetic_real_observed,5.545454545454546
JAKARTA PUSAT,2015,6,2015-06-01,real_jakarta,39,0,True,kota,DKI JAKARTA,1.0,1100000,0.08896912653657349,-6.1865,106.8341,27.19,30.56,23.39,81.07,1.51,NASA_POWER,3.17,6.37,82.94,27.5,27.54,-0.6318246203009386,0.3249341383047849,0.4164583897411956,0.9585426402723974,1100000,0.10476190476190476,not_synthetic_real_observed,3.5454545454545454
JAKARTA PUSAT,2015,7,2015-07-01,real_jakarta,11,0,True,kota,DKI JAKARTA,1.0,1100000,0.048683516572680434,-6.1865,106.8341,26.72,30.26,23.28,80.57,0.47,NASA_POWER,1.51,3.17,81.07,27.19,27.5,-0.9667353823125059,-0.1222657508441735,0.14065306323252516,0.8497957707303331,1100000,0.10476190476190476,not_synthetic_real_observed,1.0
JAKARTA PUSAT,2015,8,2015-08-01,real_jakarta,6,0,True,kota,DKI JAKARTA,1.0,1100000,0.027506186863564444,-6.1865,106.8341,26.76,31.16,22.66,78.55,0.56,NASA_POWER,0.47,1.51,80.57,26.72,27.19,-1.1765589922474637,-0.24183791371822627,-0.2775033995386887,0.7854571898141235,1100000,0.10476190476190476,not_synthetic_real_observed,0.5454545454545454
JAKARTA PUSAT,2015,9,2015-09-01,real_jakarta,9,0,True,kota,DKI JAKARTA,1.0,1100000,0.01789119234046006,-6.1865,106.8341,27.61,32.62,23.3,73.1,0.25,NASA_POWER,0.56,0.47,78.55,26.76,26.72,-1.1584011798492462,-0.7249094517293985,-0.24191561547305127,0.7416530970760207,1100000,0.10476190476190476,not_synthetic_real_observed,0.8181818181818181
JAKARTA PUSAT,2015,10,2015-10-01,real_jakarta,7,0,True,kota,DKI JAKARTA,1.0,1100000,0.021826443263418396,-6.1865,106.8341,28.53,33.11,24.7,72.06,0.56,NASA_POWER,0.25,0.56,73.1,27.61,26.76,-1.220944755887551,-2.0282460270565745,0.5143247959216914,0.6397499237072944,1100000,0.10476190476190476,not_synthetic_real_observed,0.6363636363636364
JAKARTA PUSAT,2015,11,2015-11-01,real_jakarta,6,0,True,kota,DKI JAKARTA,1.0,1100000,0.023286948760598808,-6.1865,106.8341,28.75,33.27,25.7,75.69,4.34,NASA_POWER,0.56,0.25,72.06,28.53,27.61,-1.1584011798492462,-2.276956125834602,1.332843829431299,0.6651864019107179,1100000,0.10476190476190476,not_synthetic_real_observed,0.5454545454545454
JAKARTA PUSAT,2015,12,2015-12-01,real_jakarta,9,0,True,kota,DKI JAKARTA,1.0,1100000,0.028236439612154652,-6.1865,106.8341,27.89,31.15,24.58,80.88,7.46,NASA_POWER,4.34,0.56,75.69,28.75,28.53,-0.39577305912411104,-1.4088622233689803,1.5285766417922906,0.8761766508840998,1100000,0.10476190476190476,not_synthetic_real_observed,0.8181818181818181
JAKARTA PUSAT,2016,1,2016-01-01,real_jakarta,86,1,False,kota,DKI JAKARTA,1.0,1100000,0.10434500385411173,-6.1865,106.8341,28.07,31.91,24.94,81.38,7.06,NASA_POWER,7.46,4.34,80.88,27.89,28.75,0.23369777068076247,-0.16770317273631302,0.7634392843811377,1.0564563125475401,1100000,0.10476190476190476,not_synthetic_real_observed,7.818181818181818
JAKARTA PUSAT,2016,2,2016-02-01,real_jakarta,31,0,False,kota,DKI JAKARTA,1.0,1100000,0.13298713943770538,-6.1865,106.8341,27.35,31.29,25.13,85.23,17.96,NASA_POWER,7.06,7.46,81.38,28.07,27.89,0.15299638224424017,-0.048131009862260245,0.9235843126764952,1.0643155719842348,1100000,0.10476190476190476,not_synthetic_real_observed,2.818181818181818
JAKARTA PUSAT,2017,1,2017-01-01,real_jakarta,31,0,True,kota,DKI JAKARTA,1.0,1100000,0.10434500385411173,-6.1865,106.8341,26.75,30.7,24.66,86.06,11.0,NASA_POWER,5.25,9.59,84.57,27.12,27.4,-0.2121774004310229,0.7147393892741959,0.0783744411176636,1.0435660509186493,1100000,0.10476190476190476,not_synthetic_real_observed,2.818181818181818
JAKARTA PUSAT,2017,2,2017-02-01,real_jakarta,12,0,True,kota,DKI JAKARTA,1.0,1100000,0.13298713943770538,-6.1865,106.8341,26.6,29.79,24.49,87.06,19.52,NASA_POWER,11.0,5.25,86.06,26.75,27.12,0.9479050583439843,1.0710644346388754,-0.2508125614894614,1.236751574141012,1100000,0.10476190476190476,not_synthetic_real_observed,1.0909090909090908
JAKARTA PUSAT,2017,3,2017-03-01,real_jakarta,13,0,True,kota,DKI JAKARTA,1.0,1100000,0.19465292709643392,-6.1865,106.8341,27.15,30.37,24.74,83.89,7.38,NASA_POWER,19.52,11.0,87.06,26.6,26.75,2.666844632041908,1.3102087603869808,-0.38426675173559155,1.5118342332582049,1100000,0.10476190476190476,not_synthetic_real_observed,1.1818181818181819
JAKARTA PUSAT,2017,4,2017-04-01,real_jakarta,13,0,True,kota,DKI JAKARTA,1.0,1100000,0.16191326220130633,-6.1865,106.8341,27.41,30.65,24.99,84.46,8.42,NASA_POWER,7.38,19.52,83.89,27.15,26.6,0.21755749299345803,0.5521212477654859,0.10506527916688774,1.093099012683912,1100000,0.10476190476190476,not_synthetic_real_observed,1.1818181818181819
JAKARTA PUSAT,2017,5,2017-05-01,real_jakarta,9,0,True,kota,DKI JAKARTA,1.0,1100000,0.14970181346099234,-6.1865,106.8341,27.79,30.93,24.56,82.47,4.54,NASA_POWER,8.42,7.38,84.46,27.41,27.15,0.42738110292841586,0.6884335134419044,0.3363858755935169,1.1497698105631287,1100000,0.10476190476190476,not_synthetic_real_observed,0.8181818181818181
JAKARTA PUSAT,2017,6,2017-06-01,real_jakarta,16,0,True,kota,DKI JAKARTA,1.0,1100000,0.08896912653657349,-6.1865,106.8341,27.23,30.45,24.93,83.74,4.39,NASA_POWER,4.54,8.42,82.47,27.79,27.41,-0.3554223649058499,0.2125363052031756,0.6744698242170489,1.0016637669952926,1100000,0.10476190476190476,not_synthetic_real_observed,1.4545454545454544
JAKARTA PUSAT,2017,7,2017-07-01,real_jakarta,3,0,True,kota,DKI JAKARTA,1.0,1100000,0.048683516572680434,-6.1865,106.8341,27.05,30.34,22.96,80.87,2.26,NASA_POWER,4.39,4.54,83.74,27.23,27.79,-0.3856853855695458,0.5162495989032687,0.17624084729815945,1.002584194419803,1100000,0.10476190476190476,not_synthetic_real_observed,0.2727272727272727
JAKARTA PUSAT,2017,8,2017-08-01,real_jakarta,7,0,True,kota,DKI JAKARTA,1.0,1100000,0.027506186863564444,-6.1865,106.8341,26.89,30.18,22.75,78.86,0.58,NASA_POWER,2.26,4.39,80.87,27.05,27.23,-0.8154202789940267,-0.1700946159937919,0.016095819002802023,0.8614822875016569,1100000,0.10476190476190476,not_synthetic_real_observed,0.6363636363636364
JAKARTA PUSAT,2017,9,2017-09-01,real_jakarta,4,0,True,kota,DKI JAKARTA,1.0,1100000,0.01789119234046006,-6.1865,106.8341,27.52,31.77,23.87,77.46,1.98,NASA_POWER,0.58,2.26,78.86,26.89,27.05,-1.15436611042742,-0.6507747107474853,-0.12625531725973826,0.7554548464981516,1100000,0.10476190476190476,not_synthetic_real_observed,0.3636363636363636
JAKARTA PUSAT,2017,10,2017-10-01,real_jakarta,5,0,True,kota,DKI JAKARTA,1.0,1100000,0.021826443263418396,-6.1865,106.8341,28.07,31.68,25.64,79.79,6.99,NASA_POWER,1.98,0.58,77.46,27.52,26.89,-0.8719112508995922,-0.9855767667948343,0.43425228177401276,0.7923682497742783,1100000,0.10476190476190476,not_synthetic_real_observed,0.45454545454545453
JAKARTA PUSAT,2017,11,2017-11-01,real_jakarta,8,0,True,kota,DKI JAKARTA,1.0,1100000,0.023286948760598808,-6.1865,106.8341,27.95,31.69,25.34,80.72,11.01,NASA_POWER,6.99,1.98,79.79,28.07,27.52,0.1388736392678489,-0.42837048780174547,0.9235843126764952,1.0241732127438274,1100000,0.10476190476190476,not_synthetic_real_observed,0.7272727272727272
JAKARTA PUSAT,2017,12,2017-12-01,real_jakarta,8,0,True,kota,DKI JAKARTA,1.0,1100000,0.028236439612154652,-6.1865,106.8341,27.14,31.45,24.44,84.11,7.79,NASA_POWER,11.01,6.99,80.72,27.95,28.07,0.9499225930548973,-0.20596626485600908,0.8168209604795892,1.162732810496613,1100000,0.10476190476190476,not_synthetic_real_observed,0.7272727272727272
JAKARTA PUSAT,2018,1,2018-01-01,real_jakarta,17,0,True,kota,DKI JAKARTA,1.0,1100000,0.10434500385411173,-6.1865,106.8341,26.98,30.56,24.87,84.63,6.49,NASA_POWER,7.79,11.01,84.11,27.14,27.95,0.30027641614089334,0.6047329994300688,0.09616833315048073,1.1103231790216648,1100000,0.10476190476190476,not_synthetic_real_observed,1.5454545454545454
JAKARTA PUSAT,2018,2,2018-02-01,real_jakarta,9,0,True,kota,DKI JAKARTA,1.0,1100000,0.13298713943770538,-6.1865,106.8341,26.6,29.32,24.28,86.64,16.07,NASA_POWER,6.49,7.79,84.63,26.98,27.14,0.03799690372219609,0.7290880488190827,-0.04618280311205955,1.0762992002846345,1100000,0.10476190476190476,not_synthetic_real_observed,0.8181818181818181
JAKARTA PUSAT,2018,3,2018-03-01,real_jakarta,11,0,True,kota,DKI JAKARTA,1.0,1100000,0.19465292709643392,-6.1865,106.8341,27.38,31.25,24.66,82.83,10.07,NASA_POWER,16.07,6.49,86.64,26.6,26.98,1.9707951567769038,1.209768143572776,-0.38426675173559155,1.3973827502870335,1100000,0.10476190476190476,not_synthetic_real_observed,1.0
JAKARTA PUSAT,2018,4,2018-04-01,real_jakarta,25,0,True,kota,DKI JAKARTA,1.0,1100000,0.16191326220130633,-6.1865,106.8341,27.85,30.69,25.38,82.7,5.66,NASA_POWER,10.07,16.07,82.83,27.38,26.6,0.7602743302290702,0.29862826247249347,0.3096950375442896,1.1593887276588244,1100000,0.10476190476190476,not_synthetic_real_observed,2.2727272727272725
JAKARTA PUSAT,2018,5,2018-05-01,real_jakarta,23,0,True,kota,DKI JAKARTA,1.0,1100000,0.14970181346099234,-6.1865,106.8341,27.84,31.1,25.15,82.52,2.17,NASA_POWER,5.66,10.07,82.7,27.85,27.38,-0.1294584772835876,0.2675395001252408,0.7278515003155035,1.0437277534357612,1100000,0.10476190476190476,not_synthetic_real_observed,2.090909090909091
JAKARTA PUSAT,2018,6,2018-06-01,real_jakarta,7,0,True,kota,DKI JAKARTA,1.0,1100000,0.08896912653657349,-6.1865,106.8341,27.45,30.55,24.08,81.44,1.97,NASA_POWER,2.17,5.66,82.52,27.84,27.85,-0.8335780913922441,0.2244935214905802,0.7189545542990933,0.9333603661551761,1100000,0.10476190476190476,not_synthetic_real_observed,0.6363636363636364
JAKARTA PUSAT,2018,7,2018-07-01,real_jakarta,7,0,True,kota,DKI JAKARTA,1.0,1100000,0.048683516572680434,-6.1865,106.8341,26.71,30.13,22.31,76.08,0.1,NASA_POWER,1.97,2.17,81.44,27.45,27.84,-0.8739287856105054,-0.03378235031737337,0.3719736596591512,0.8841311301096445,1100000,0.10476190476190476,not_synthetic_real_observed,0.6363636363636364
JAKARTA PUSAT,2018,8,2018-08-01,real_jakarta,6,0,True,kota,DKI JAKARTA,1.0,1100000,0.027506186863564444,-6.1865,106.8341,26.81,30.57,22.23,75.65,0.54,NASA_POWER,0.1,1.97,76.08,26.71,27.45,-1.2512077765512468,-1.315595936327219,-0.2864003455550957,0.6664392226068364,1100000,0.10476190476190476,not_synthetic_real_observed,0.5454545454545454
JAKARTA PUSAT,2018,9,2018-09-01,real_jakarta,3,0,True,kota,DKI JAKARTA,1.0,1100000,0.01789119234046006,-6.1865,106.8341,27.67,31.77,23.67,73.72,1.85,NASA_POWER,0.54,0.1,75.65,26.81,26.71,-1.1624362492710723,-1.4184279963989024,-0.19743088539101,0.6739202186998985,1100000,0.10476190476190476,not_synthetic_real_observed,0.2727272727272727
JAKARTA PUSAT,2018,10,2018-10-01,real_jakarta,3,0,True,kota,DKI JAKARTA,1.0,1100000,0.021826443263418396,-6.1865,106.8341,28.52,32.95,25.26,74.55,3.29,NASA_POWER,1.85,0.54,73.72,27.67,26.81,-0.898139202141462,-1.8799765450927477,0.567706472020146,0.7056667887705133,1100000,0.10476190476190476,not_synthetic_real_observed,0.2727272727272727
JAKARTA PUSAT,2018,11,2018-11-01,real_jakarta,2,0,True,kota,DKI JAKARTA,1.0,1100000,0.023286948760598808,-6.1865,106.8341,28.12,33.64,25.73,78.78,5.94,NASA_POWER,3.29,1.85,74.55,28.52,27.67,-0.6076142037699819,-1.6814867547218206,1.3239468834148889,0.8069065381330651,1100000,0.10476190476190476,not_synthetic_real_observed,0.1818181818181818
JAKARTA PUSAT,2018,12,2018-12-01,real_jakarta,2,0,True,kota,DKI JAKARTA,1.0,1100000,0.028236439612154652,-6.1865,106.8341,27.75,32.03,24.86,80.52,6.65,NASA_POWER,5.94,3.29,78.78,28.12,28.52,-0.07296750537802195,-0.6699062568073333,0.9680690427585397,0.9704677006504904,1100000,0.10476190476190476,not_synthetic_real_observed,0.1818181818181818
JAKARTA PUSAT,2019,1,2019-01-01,real_jakarta,55,0,True,kota,DKI JAKARTA,1.0,1100000,0.10434500385411173,-6.1865,106.8341,27.32,31.21,25.05,83.93,13.54,NASA_POWER,6.65,5.94,80.52,27.75,28.12,0.07027745909680502,-0.25379513000563086,0.6388820401514146,1.0171062078715283,1100000,0.10476190476190476,not_synthetic_real_observed,5.0
JAKARTA PUSAT,2019,2,2019-02-01,real_jakarta,104,0,True,kota,DKI JAKARTA,1.0,1100000,0.13298713943770538,-6.1865,106.8341,27.66,30.85,25.13,82.3,8.96,NASA_POWER,13.54,6.65,83.93,27.32,27.75,1.4603588749159004,0.5616870207954116,0.25631336144583816,1.2880382013892182,1100000,0.10476190476190476,not_synthetic_real_observed,9.454545454545455
JAKARTA PUSAT,2019,3,2019-03-01,real_jakarta,136,0,True,kota,DKI JAKARTA,1.0,1100000,0.19465292709643392,-6.1865,106.8341,27.65,31.26,24.6,81.75,8.07,NASA_POWER,8.96,13.54,82.3,27.66,27.32,0.5363279773177211,0.17188176982599726,0.5588095260037359,1.1255778498804445,1100000,0.10476190476190476,not_synthetic_real_observed,12.363636363636363
JAKARTA PUSAT,2019,4,2019-04-01,real_jakarta,65,0,True,kota,DKI JAKARTA,1.0,1100000,0.16191326220130633,-6.1865,106.8341,28.18,31.05,25.56,82.84,8.43,NASA_POWER,8.07,8.96,81.75,27.65,27.66,0.35676738804645897,0.04035239066453989,0.5499125799873258,1.085045976272789,1100000,0.10476190476190476,not_synthetic_real_observed,5.909090909090909
JAKARTA PUSAT,2019,5,2019-05-01,real_jakarta,68,0,True,kota,DKI JAKARTA,1.0,1100000,0.14970181346099234,-6.1865,106.8341,28.08,31.25,25.3,81.97,5.41,NASA_POWER,8.43,8.07,82.84,28.18,27.65,0.4293986376393289,0.3010197057299757,1.021450718856991,1.1455843021617467,1100000,0.10476190476190476,not_synthetic_real_observed,6.181818181818182
JAKARTA PUSAT,2019,6,2019-06-01,real_jakarta,33,0,True,kota,DKI JAKARTA,1.0,1100000,0.08896912653657349,-6.1865,106.8341,27.39,30.74,23.63,79.4,1.21,NASA_POWER,5.41,8.43,81.97,28.08,28.18,-0.17989684505641398,0.09296414232912283,0.9324812586929022,1.0289359504090954,1100000,0.10476190476190476,not_synthetic_real_observed,3.0
JAKARTA PUSAT,2019,7,2019-07-01,real_jakarta,16,0,True,kota,DKI JAKARTA,1.0,1100000,0.048683516572680434,-6.1865,106.8341,26.62,30.25,22.15,79.25,0.63,NASA_POWER,1.21,5.41,79.4,27.39,28.08,-1.0272614236398976,-0.5216367748435068,0.31859198356069973,0.8096767081476997,1100000,0.10476190476190476,not_synthetic_real_observed,1.4545454545454544
JAKARTA PUSAT,2019,8,2019-08-01,real_jakarta,4,0,True,kota,DKI JAKARTA,1.0,1100000,0.027506186863564444,-6.1865,106.8341,26.57,30.27,22.22,76.2,0.24,NASA_POWER,0.63,1.21,79.25,26.62,27.39,-1.144278436872855,-0.557508423705724,-0.36647285970277443,0.7542837491133607,1100000,0.10476190476190476,not_synthetic_real_observed,0.3636363636363636
JAKARTA PUSAT,2019,9,2019-09-01,real_jakarta,1,0,True,kota,DKI JAKARTA,1.0,1100000,0.01789119234046006,-6.1865,106.8341,27.51,32.52,22.73,73.31,0.13,NASA_POWER,0.24,0.63,76.2,26.57,26.62,-1.222962290598464,-1.286898617237445,-0.41095758978481883,0.6673179151972449,1100000,0.10476190476190476,not_synthetic_real_observed,0.0909090909090909
JAKARTA PUSAT,2019,10,2019-10-01,real_jakarta,2,0,True,kota,DKI JAKARTA,1.0,1100000,0.021826443263418396,-6.1865,106.8341,28.68,34.16,24.46,71.5,2.06,NASA_POWER,0.13,0.24,73.31,27.51,26.57,-1.2451551724185077,-1.9780257186494703,0.42535533575760576,0.6366919190601571,1100000,0.10476190476190476,not_synthetic_real_observed,0.1818181818181818
JAKARTA PUSAT,2019,11,2019-11-01,real_jakarta,4,0,True,kota,DKI JAKARTA,1.0,1100000,0.023286948760598808,-6.1865,106.8341,28.7,33.25,24.92,74.45,4.98,NASA_POWER,2.06,0.13,71.5,28.68,27.51,-0.8557709732122877,-2.410876948253542,1.4662980196774291,0.7038615601766741,1100000,0.10476190476190476,not_synthetic_real_observed,0.3636363636363636
JAKARTA PUSAT,2019,12,2019-12-01,real_jakarta,4,0,True,kota,DKI JAKARTA,1.0,1100000,0.028236439612154652,-6.1865,106.8341,28.23,32.16,25.76,79.68,8.45,NASA_POWER,4.98,2.06,74.45,28.7,28.68,-0.2666508376256753,-1.7054011872966297,1.4840919117102462,0.8636668512119979,1100000,0.10476190476190476,not_synthetic_real_observed,0.3636363636363636
JAKARTA PUSAT,2020,1,2020-01-01,real_jakarta,18,0,True,kota,DKI JAKARTA,1.0,1100000,0.10434500385411173,-6.1865,106.8341,27.49,30.71,25.01,84.41,12.47,NASA_POWER,8.45,4.98,79.68,28.23,28.7,0.4334337070611549,-0.4546763636340369,1.0659354489390356,1.0728441921427212,1100000,0.10476190476190476,not_synthetic_real_observed,1.6363636363636362
JAKARTA PUSAT,2020,2,2020-02-01,real_jakarta,41,0,True,kota,DKI JAKARTA,1.0,1100000,0.13298713943770538,-6.1865,106.8341,27.38,30.84,25.45,85.87,20.58,NASA_POWER,12.47,8.45,84.41,27.49,28.23,1.2444826608482038,0.6764762971544998,0.4075614437247855,1.2746981010289198,1100000,0.10476190476190476,not_synthetic_real_observed,3.7272727272727275
JAKARTA PUSAT,2020,3,2020-03-01,real_jakarta,122,0,True,kota,DKI JAKARTA,1.0,1100000,0.19465292709643392,-6.1865,106.8341,27.72,30.3,25.83,84.45,10.8,NASA_POWER,20.58,12.47,85.87,27.38,27.49,2.8807033113986917,1.0256270127467357,0.3096950375442896,1.5501529498616917,1100000,0.10476190476190476,not_synthetic_real_observed,11.090909090909092
JAKARTA PUSAT,2020,4,2020-04-01,real_jakarta,100,0,True,kota,DKI JAKARTA,1.0,1100000,0.16191326220130633,-6.1865,106.8341,27.98,31.33,25.64,83.46,6.87,NASA_POWER,10.8,20.58,84.45,27.72,27.38,0.9075543641257233,0.6860420701844255,0.6121912021021874,1.2353469217424102,1100000,0.10476190476190476,not_synthetic_real_observed,9.09090909090909
JAKARTA PUSAT,2020,5,2020-05-01,real_jakarta,62,0,True,kota,DKI JAKARTA,1.0,1100000,0.14970181346099234,-6.1865,106.8341,28.1,31.22,26.03,84.29,5.62,NASA_POWER,6.87,10.8,83.46,27.98,27.72,0.11466322273689221,0.44928918769379883,0.8435117985288165,1.1043039921063547,1100000,0.10476190476190476,not_synthetic_real_observed,5.636363636363636
JAKARTA PUSAT,2020,6,2020-06-01,real_jakarta,12,0,True,kota,DKI JAKARTA,1.0,1100000,0.08896912653657349,-6.1865,106.8341,27.63,30.46,25.19,83.37,2.08,NASA_POWER,5.62,6.87,84.29,28.1,27.98,-0.1375286161272398,0.6477789780647294,0.9502751507257224,1.091662362923673,1100000,0.10476190476190476,not_synthetic_real_observed,1.0909090909090908
JAKARTA PUSAT,2020,7,2020-07-01,real_jakarta,5,0,True,kota,DKI JAKARTA,1.0,1100000,0.048683516572680434,-6.1865,106.8341,27.16,30.0,23.89,81.58,2.79,NASA_POWER,2.08,5.62,83.37,27.63,28.1,-0.8517359037904617,0.42776619837647195,0.5321186879545086,0.9416221686668034,1100000,0.10476190476190476,not_synthetic_real_observed,0.45454545454545453
JAKARTA PUSAT,2020,8,2020-08-01,real_jakarta,2,0,True,kota,DKI JAKARTA,1.0,1100000,0.027506186863564444,-6.1865,106.8341,27.19,30.56,23.8,82.07,1.8,NASA_POWER,2.79,2.08,81.58,27.16,27.63,-0.7084909393156347,-0.0003021447126384607,0.11396222518329788,0.8993942558905558,1100000,0.10476190476190476,not_synthetic_real_observed,0.1818181818181818
JAKARTA PUSAT,2020,9,2020-09-01,real_jakarta,0,0,True,kota,DKI JAKARTA,1.0,1100000,0.01789119234046006,-6.1865,106.8341,27.67,31.15,24.78,79.39,3.87,NASA_POWER,1.8,2.79,82.07,27.19,27.16,-0.9082268756960273,0.11687857490393203,0.14065306323252516,0.8824864792976154,1100000,0.10476190476190476,not_synthetic_real_observed,0.0
JAKARTA PUSAT,2020,10,2020-10-01,real_jakarta,0,0,True,kota,DKI JAKARTA,1.0,1100000,0.021826443263418396,-6.1865,106.8341,27.69,31.38,25.34,81.25,6.64,NASA_POWER,3.87,1.8,79.39,27.67,27.19,-0.4905971905370246,-0.524028218100989,0.567706472020146,0.9023929232103547,1100000,0.10476190476190476,not_synthetic_real_observed,0.0
JAKARTA PUSAT,2020,11,2020-11-01,real_jakarta,4,0,True,kota,DKI JAKARTA,1.0,1100000,0.023286948760598808,-6.1865,106.8341,27.85,31.59,24.93,81.3,7.96,NASA_POWER,6.64,3.87,81.25,27.69,27.67,0.06825992438589183,-0.07921977220951287,0.5855003640529631,1.0315920296395806,1100000,0.10476190476190476,not_synthetic_real_observed,0.3636363636363636
JAKARTA PUSAT,2020,12,2020-12-01,real_jakarta,1,0,True,kota,DKI JAKARTA,1.0,1100000,0.028236439612154652,-6.1865,106.8341,26.95,30.34,24.6,85.2,7.41,NASA_POWER,7.96,6.64,81.3,27.85,27.69,0.33457450622641527,-0.06726255592210828,0.7278515003155035,1.0798524953575268,1100000,0.10476190476190476,not_synthetic_real_observed,0.0909090909090909
JAKARTA SELATAN,2015,1,2015-01-01,real_jakarta,151,0,True,kota,DKI JAKARTA,1.0,2200000,0.10434500385411173,-6.2615,106.8106,23.86,28.61,20.12,89.11,11.31,NASA_POWER,11.31,11.31,89.11,23.86,23.86,1.0104486343822892,1.8004546281705964,-2.8220299602315935,1.1905112599628234,2200000,0.20952380952380953,not_synthetic_real_observed,6.863636363636364
JAKARTA SELATAN,2015,2,2015-02-01,real_jakarta,165,0,True,kota,DKI JAKARTA,1.0,2200000,0.13298713943770538,-6.2615,106.8106,24.01,29.2,19.21,89.4,17.33,NASA_POWER,11.31,17.33,89.11,23.86,24.01,1.0104486343822892,1.8004546281705964,-2.8220299602315935,1.1905112599628234,2200000,0.20952380952380953,not_synthetic_real_observed,7.499999999999999
JAKARTA SELATAN,2015,3,2015-03-01,real_jakarta,181,0,True,kota,DKI JAKARTA,1.0,2200000,0.19465292709643392,-6.2615,106.8106,24.3,30.54,20.59,88.64,10.25,NASA_POWER,17.33,11.31,89.4,24.01,23.86,2.2250045303519483,1.8698064826375485,-2.6885757699854604,1.386302539317274,2200000,0.20952380952380953,not_synthetic_real_observed,8.227272727272727
JAKARTA SELATAN,2015,4,2015-04-01,real_jakarta,188,0,True,kota,DKI JAKARTA,1.0,2200000,0.16191326220130633,-6.2615,106.8106,24.69,29.99,20.75,88.38,7.11,NASA_POWER,10.25,17.33,88.64,24.3,24.01,0.7965899550255051,1.688056795068987,-2.430564335509607,1.1667659559852441,2200000,0.20952380952380953,not_synthetic_real_observed,8.545454545454545
JAKARTA SELATAN,2015,5,2015-05-01,real_jakarta,152,0,True,kota,DKI JAKARTA,1.0,2200000,0.14970181346099234,-6.2615,106.8106,24.78,29.95,18.89,86.63,3.96,NASA_POWER,7.11,10.25,88.38,24.69,24.3,0.16308405579880558,1.6258792703744784,-2.0835834408696647,1.0828713633637856,2200000,0.20952380952380953,not_synthetic_real_observed,6.909090909090909
JAKARTA SELATAN,2015,6,2015-06-01,real_jakarta,107,0,True,kota,DKI JAKARTA,1.0,2200000,0.08896912653657349,-6.2615,106.8106,24.48,29.95,18.2,84.27,1.13,NASA_POWER,3.96,7.11,86.63,24.78,24.69,-0.47243937813880715,1.2073767003152938,-2.003510926721986,0.949696216974609,2200000,0.20952380952380953,not_synthetic_real_observed,4.863636363636363
JAKARTA SELATAN,2015,7,2015-07-01,real_jakarta,64,0,True,kota,DKI JAKARTA,1.0,2200000,0.048683516572680434,-6.2615,106.8106,23.88,29.61,18.06,83.93,0.3,NASA_POWER,1.13,3.96,84.27,24.48,24.78,-1.0434017013272021,0.6429960915497649,-2.2704193072142496,0.7942683885951836,2200000,0.20952380952380953,not_synthetic_real_observed,2.9090909090909087
JAKARTA SELATAN,2015,8,2015-08-01,real_jakarta,42,0,True,kota,DKI JAKARTA,1.0,2200000,0.027506186863564444,-6.2615,106.8106,24.28,30.74,17.09,80.53,0.53,NASA_POWER,0.3,1.13,83.93,23.88,24.48,-1.2108570823329856,0.5616870207954116,-2.8042360681987764,0.7343283363196544,2200000,0.20952380952380953,not_synthetic_real_observed,1.909090909090909
JAKARTA SELATAN,2015,9,2015-09-01,real_jakarta,24,0,True,kota,DKI JAKARTA,1.0,2200000,0.01789119234046006,-6.2615,106.8106,25.19,32.72,17.85,74.79,0.31,NASA_POWER,0.53,0.3,80.53,24.28,23.88,-1.1644537839819853,-0.2514036867481486,-2.4483582275424243,0.6777736523507661,2200000,0.20952380952380953,not_synthetic_real_observed,1.0909090909090908
JAKARTA SELATAN,2015,10,2015-10-01,real_jakarta,16,0,True,kota,DKI JAKARTA,1.0,2200000,0.021826443263418396,-6.2615,106.8106,26.7,35.17,19.81,70.0,0.59,NASA_POWER,0.31,0.53,74.79,25.19,24.28,-1.2088395476220728,-1.624092116542273,-1.6387361400492269,0.6,2200000,0.20952380952380953,not_synthetic_real_observed,0.7272727272727272
JAKARTA SELATAN,2015,11,2015-11-01,real_jakarta,16,0,True,kota,DKI JAKARTA,1.0,2200000,0.023286948760598808,-6.2615,106.8106,26.38,35.33,21.3,79.21,8.41,NASA_POWER,0.59,0.31,70.0,26.7,25.19,-1.152348575716507,-2.7695934368757,-0.29529729157150586,0.6,2200000,0.20952380952380953,not_synthetic_real_observed,0.7272727272727272
JAKARTA SELATAN,2015,12,2015-12-01,real_jakarta,34,0,True,kota,DKI JAKARTA,1.0,2200000,0.028236439612154652,-6.2615,106.8106,25.32,31.26,20.32,84.53,8.89,NASA_POWER,8.41,0.59,79.21,26.38,26.7,0.4253635682175029,-0.5670741967356496,-0.5799995640965864,0.9780971373542311,2200000,0.20952380952380953,not_synthetic_real_observed,1.5454545454545454
JAKARTA SELATAN,2016,1,2016-01-01,real_jakarta,290,1,False,kota,DKI JAKARTA,1.0,2200000,0.10434500385411173,-6.2615,106.8106,25.6,31.88,21.2,84.92,8.56,NASA_POWER,8.89,8.41,84.53,25.32,26.38,0.5222052343413296,0.7051736162442735,-1.5230758418359138,1.0726943546838312,2200000,0.20952380952380953,not_synthetic_real_observed,13.181818181818182
JAKARTA SELATAN,2016,2,2016-02-01,real_jakarta,130,0,False,kota,DKI JAKARTA,1.0,2200000,0.13298713943770538,-6.2615,106.8106,24.97,30.81,21.55,88.53,15.57,NASA_POWER,8.56,8.89,84.92,25.6,25.32,0.4556265888811988,0.7984399032860349,-1.2739613533764675,1.08448991099196,2200000,0.20952380952380953,not_synthetic_real_observed,5.909090909090909
JAKARTA SELATAN,2017,1,2017-01-01,real_jakarta,132,0,True,kota,DKI JAKARTA,1.0,2200000,0.10434500385411173,-6.2615,106.8106,24.12,29.97,20.49,89.29,8.71,NASA_POWER,4.31,9.93,88.33,24.3,24.76,-0.40182566325685026,1.6139220540870738,-2.430564335509607,0.9795901391446995,2200000,0.20952380952380953,not_synthetic_real_observed,6.0
JAKARTA SELATAN,2017,2,2017-02-01,real_jakarta,71,0,True,kota,DKI JAKARTA,1.0,2200000,0.13298713943770538,-6.2615,106.8106,24.09,29.21,20.59,90.55,16.48,NASA_POWER,8.71,4.31,89.29,24.12,24.3,0.4858896095448947,1.843500606805257,-2.5907093638049643,1.1276980339220117,2200000,0.20952380952380953,not_synthetic_real_observed,3.2272727272727275
JAKARTA SELATAN,2017,3,2017-03-01,real_jakarta,76,0,True,kota,DKI JAKARTA,1.0,2200000,0.19465292709643392,-6.2615,106.8106,24.5,29.8,20.66,88.12,8.86,NASA_POWER,16.48,8.71,90.55,24.09,24.12,2.053514079924339,2.144822457247868,-2.617400201854192,1.391639347620728,2200000,0.20952380952380953,not_synthetic_real_observed,3.4545454545454546
JAKARTA SELATAN,2017,4,2017-04-01,real_jakarta,71,0,True,kota,DKI JAKARTA,1.0,2200000,0.16191326220130633,-6.2615,106.8106,24.83,29.62,20.8,88.92,8.93,NASA_POWER,8.86,16.48,88.12,24.5,24.09,0.5161526302085903,1.563701745679973,-2.2526254151814324,1.1211617983402142,2200000,0.20952380952380953,not_synthetic_real_observed,3.2272727272727275
JAKARTA SELATAN,2017,5,2017-05-01,real_jakarta,64,0,True,kota,DKI JAKARTA,1.0,2200000,0.14970181346099234,-6.2615,106.8106,25.29,30.43,19.49,86.61,5.74,NASA_POWER,8.93,8.86,88.92,24.83,24.5,0.5302753731849816,1.755017206278457,-1.959026196639945,1.1570917167735957,2200000,0.20952380952380953,not_synthetic_real_observed,2.9090909090909087
JAKARTA SELATAN,2017,6,2017-06-01,real_jakarta,30,0,True,kota,DKI JAKARTA,1.0,2200000,0.08896912653657349,-6.2615,106.8106,24.54,30.02,20.18,87.51,4.55,NASA_POWER,5.74,8.93,86.61,25.29,24.83,-0.11331819959628311,1.2025938138003327,-1.5497666798851413,1.0257733174463337,2200000,0.20952380952380953,not_synthetic_real_observed,1.3636363636363638
JAKARTA SELATAN,2017,7,2017-07-01,real_jakarta,33,0,True,kota,DKI JAKARTA,1.0,2200000,0.048683516572680434,-6.2615,106.8106,24.45,30.01,17.87,84.76,2.51,NASA_POWER,4.55,5.74,87.51,24.54,25.29,-0.35340483019493685,1.417823706973629,-2.217037631115798,0.9779197646123325,2200000,0.20952380952380953,not_synthetic_real_observed,1.5
JAKARTA SELATAN,2017,8,2017-08-01,real_jakarta,16,0,True,kota,DKI JAKARTA,1.0,2200000,0.027506186863564444,-6.2615,106.8106,24.31,30.52,17.66,81.86,0.77,NASA_POWER,2.51,4.55,84.76,24.45,24.54,-0.7649819112212003,0.7601768111663387,-2.297110145263477,0.84641488717028,2200000,0.20952380952380953,not_synthetic_real_observed,0.7272727272727272
JAKARTA SELATAN,2017,9,2017-09-01,real_jakarta,12,0,True,kota,DKI JAKARTA,1.0,2200000,0.01789119234046006,-6.2615,106.8106,25.22,31.73,18.94,79.77,2.83,NASA_POWER,0.77,2.51,81.86,24.31,24.45,-1.1160329509200722,0.06665826649683136,-2.4216673894932,0.7181775145370123,2200000,0.20952380952380953,not_synthetic_real_observed,0.5454545454545454
JAKARTA SELATAN,2017,10,2017-10-01,real_jakarta,29,0,True,kota,DKI JAKARTA,1.0,2200000,0.021826443263418396,-6.2615,106.8106,25.51,31.59,21.34,84.52,9.49,NASA_POWER,2.83,0.77,79.77,25.22,24.31,-0.7004208004719824,-0.43315337431671,-1.6120453020000027,0.7710192773975315,2200000,0.20952380952380953,not_synthetic_real_observed,1.3181818181818183
JAKARTA SELATAN,2017,11,2017-11-01,real_jakarta,42,0,True,kota,DKI JAKARTA,1.0,2200000,0.023286948760598808,-6.2615,106.8106,25.16,31.39,20.73,85.54,12.4,NASA_POWER,9.49,2.83,84.52,25.51,25.22,0.6432573169961129,0.7027821729867912,-1.3540338675241463,1.0990651214718887,2200000,0.20952380952380953,not_synthetic_real_observed,1.909090909090909
JAKARTA SELATAN,2017,12,2017-12-01,real_jakarta,51,0,True,kota,DKI JAKARTA,1.0,2200000,0.028236439612154652,-6.2615,106.8106,24.44,30.7,20.37,87.89,7.52,NASA_POWER,12.4,9.49,85.54,25.16,25.51,1.2303599178718123,0.9467093852498614,-1.665426978098454,1.1959535773008354,2200000,0.20952380952380953,not_synthetic_real_observed,2.3181818181818183
JAKARTA SELATAN,2018,1,2018-01-01,real_jakarta,42,0,True,kota,DKI JAKARTA,1.0,2200000,0.10434500385411173,-6.2615,106.8106,24.16,29.76,20.38,88.89,6.6,NASA_POWER,7.52,12.4,87.89,24.44,25.16,0.24580297894624073,1.508698550757908,-2.306007091279884,1.0724399473537327,2200000,0.20952380952380953,not_synthetic_real_observed,1.909090909090909
JAKARTA SELATAN,2018,2,2018-02-01,real_jakarta,51,0,True,kota,DKI JAKARTA,1.0,2200000,0.13298713943770538,-6.2615,106.8106,24.11,28.81,19.72,89.71,15.15,NASA_POWER,6.6,7.52,88.89,24.16,24.44,0.060189785542239596,1.7478428765060134,-2.55512157973933,1.0560566764949708,2200000,0.20952380952380953,not_synthetic_real_observed,2.3181818181818183
JAKARTA SELATAN,2018,3,2018-03-01,real_jakarta,60,0,True,kota,DKI JAKARTA,1.0,2200000,0.19465292709643392,-6.2615,106.8106,24.73,30.31,20.54,87.23,10.21,NASA_POWER,15.15,6.6,89.71,24.11,24.16,1.7851819633729027,1.9439412236194584,-2.5996063098213744,1.3321911013768124,2200000,0.20952380952380953,not_synthetic_real_observed,2.7272727272727275
JAKARTA SELATAN,2018,4,2018-04-01,real_jakarta,86,0,True,kota,DKI JAKARTA,1.0,2200000,0.16191326220130633,-6.2615,106.8106,25.22,30.64,20.45,87.19,7.16,NASA_POWER,10.21,15.15,87.23,24.73,24.11,0.7885198161818531,1.350863295764159,-2.0479956568040305,1.1509645191634925,2200000,0.20952380952380953,not_synthetic_real_observed,3.909090909090909
JAKARTA SELATAN,2018,5,2018-05-01,real_jakarta,132,1,True,kota,DKI JAKARTA,1.0,2200000,0.14970181346099234,-6.2615,106.8106,25.13,30.41,19.8,85.64,2.64,NASA_POWER,7.16,10.21,87.19,25.22,24.73,0.17317172935337083,1.3412975227342334,-1.6120453020000027,1.0795032465764287,2200000,0.20952380952380953,not_synthetic_real_observed,6.0
JAKARTA SELATAN,2018,6,2018-06-01,real_jakarta,69,0,True,kota,DKI JAKARTA,1.0,2200000,0.08896912653657349,-6.2615,106.8106,24.87,30.09,19.53,84.77,2.33,NASA_POWER,2.64,7.16,85.64,25.13,25.22,-0.7387539599793305,0.9706238178246706,-1.6921178161476815,0.9016433969781834,2200000,0.20952380952380953,not_synthetic_real_observed,3.1363636363636362
JAKARTA SELATAN,2018,7,2018-07-01,real_jakarta,60,0,True,kota,DKI JAKARTA,1.0,2200000,0.048683516572680434,-6.2615,106.8106,23.94,29.86,16.16,79.46,0.13,NASA_POWER,2.33,2.64,84.77,24.87,25.13,-0.8012975360176353,0.7625682544238176,-1.9234384125743074,0.8598902744110211,2200000,0.20952380952380953,not_synthetic_real_observed,2.7272727272727275
JAKARTA SELATAN,2018,8,2018-08-01,real_jakarta,44,0,True,kota,DKI JAKARTA,1.0,2200000,0.027506186863564444,-6.2615,106.8106,24.19,30.59,16.84,78.76,0.87,NASA_POWER,0.13,2.33,79.46,23.94,24.87,-1.2451551724185077,-0.5072881152986233,-2.750854392100322,0.6249551930023455,2200000,0.20952380952380953,not_synthetic_real_observed,2.0
JAKARTA SELATAN,2018,9,2018-09-01,real_jakarta,30,0,True,kota,DKI JAKARTA,1.0,2200000,0.01789119234046006,-6.2615,106.8106,25.12,31.72,18.56,77.04,2.48,NASA_POWER,0.87,0.13,78.76,24.19,23.94,-1.0958576038109415,-0.6746891433222945,-2.528430741690103,0.6417309080116242,2200000,0.20952380952380953,not_synthetic_real_observed,1.3636363636363638
JAKARTA SELATAN,2018,10,2018-10-01,real_jakarta,24,0,True,kota,DKI JAKARTA,1.0,2200000,0.021826443263418396,-6.2615,106.8106,26.23,32.99,21.25,77.16,4.64,NASA_POWER,2.48,0.87,77.04,25.12,24.19,-0.7710345153539394,-1.0860173836090357,-1.7010147621640885,0.6906923462278011,2200000,0.20952380952380953,not_synthetic_real_observed,1.0909090909090908
JAKARTA SELATAN,2018,11,2018-11-01,real_jakarta,28,0,True,kota,DKI JAKARTA,1.0,2200000,0.023286948760598808,-6.2615,106.8106,25.47,32.86,21.49,84.0,8.45,NASA_POWER,4.64,2.48,77.16,26.23,25.12,-0.3352470177967194,-1.0573200645192653,-0.7134537543427165,0.8083082531614296,2200000,0.20952380952380953,not_synthetic_real_observed,1.2727272727272727
JAKARTA SELATAN,2018,12,2018-12-01,real_jakarta,47,0,True,kota,DKI JAKARTA,1.0,2200000,0.028236439612154652,-6.2615,106.8106,25.06,30.5,20.36,85.14,8.68,NASA_POWER,8.45,4.64,84.0,25.47,26.23,0.4334337070611549,0.5784271235977774,-1.3896216515897837,1.0533766858394618,2200000,0.20952380952380953,not_synthetic_real_observed,2.1363636363636362
JAKARTA SELATAN,2019,1,2019-01-01,real_jakarta,329,0,True,kota,DKI JAKARTA,1.0,2200000,0.10434500385411173,-6.2615,106.8106,24.69,30.84,20.76,87.78,12.62,NASA_POWER,8.68,8.45,85.14,25.06,25.47,0.4798370054121553,0.8510516549506177,-1.754396438262543,1.069360894393758,2200000,0.20952380952380953,not_synthetic_real_observed,14.954545454545455
JAKARTA SELATAN,2019,2,2019-02-01,real_jakarta,388,0,True,kota,DKI JAKARTA,1.0,2200000,0.13298713943770538,-6.2615,106.8106,25.15,30.34,21.39,87.14,11.46,NASA_POWER,12.62,8.68,87.78,24.69,25.06,1.2747456815118994,1.4823926749256164,-2.0835834408696647,1.2352719476758633,2200000,0.20952380952380953,not_synthetic_real_observed,17.636363636363637
JAKARTA SELATAN,2019,3,2019-03-01,real_jakarta,445,0,True,kota,DKI JAKARTA,1.0,2200000,0.19465292709643392,-6.2615,106.8106,24.82,30.33,20.33,86.76,8.1,NASA_POWER,11.46,12.62,87.14,25.15,24.69,1.0407116550459852,1.3293403064468288,-1.6743239241148644,1.2053245826958374,2200000,0.20952380952380953,not_synthetic_real_observed,20.227272727272727
JAKARTA SELATAN,2019,4,2019-04-01,real_jakarta,223,0,True,kota,DKI JAKARTA,1.0,2200000,0.16191326220130633,-6.2615,106.8106,25.59,30.73,21.23,87.9,10.32,NASA_POWER,8.1,11.46,86.76,24.82,25.15,0.362819992179198,1.2384654626625498,-1.967923142656352,1.079873387960317,2200000,0.20952380952380953,not_synthetic_real_observed,10.136363636363637
JAKARTA SELATAN,2019,5,2019-05-01,real_jakarta,238,0,True,kota,DKI JAKARTA,1.0,2200000,0.14970181346099234,-6.2615,106.8106,25.45,30.24,20.52,85.84,6.44,NASA_POWER,10.32,8.1,87.9,25.59,24.82,0.8107126980018966,1.5110899940153903,-1.2828582993928777,1.2085729891321797,2200000,0.20952380952380953,not_synthetic_real_observed,10.818181818181818
JAKARTA SELATAN,2019,6,2019-06-01,real_jakarta,157,0,True,kota,DKI JAKARTA,1.0,2200000,0.08896912653657349,-6.2615,106.8106,24.58,30.26,18.3,82.47,1.29,NASA_POWER,6.44,10.32,85.84,25.45,25.59,0.02790923016763085,1.0184526829742924,-1.4074155436226008,1.035660875641444,2200000,0.20952380952380953,not_synthetic_real_observed,7.136363636363636
JAKARTA SELATAN,2019,7,2019-07-01,real_jakarta,79,0,True,kota,DKI JAKARTA,1.0,2200000,0.048683516572680434,-6.2615,106.8106,23.92,30.2,16.78,81.69,0.68,NASA_POWER,1.29,6.44,82.47,24.58,25.45,-1.011121145952593,0.2125363052031756,-2.181449847050164,0.7605129662749204,2200000,0.20952380952380953,not_synthetic_real_observed,3.590909090909091
JAKARTA SELATAN,2019,8,2019-08-01,real_jakarta,35,0,True,kota,DKI JAKARTA,1.0,2200000,0.027506186863564444,-6.2615,106.8106,23.98,30.4,16.97,78.64,0.47,NASA_POWER,0.68,1.29,81.69,23.92,24.58,-1.1341907633182895,0.026003731119653012,-2.768648284133139,0.6940393444075649,2200000,0.20952380952380953,not_synthetic_real_observed,1.590909090909091
JAKARTA SELATAN,2019,9,2019-09-01,real_jakarta,9,0,True,kota,DKI JAKARTA,1.0,2200000,0.01789119234046006,-6.2615,106.8106,25.17,32.81,17.06,74.04,0.25,NASA_POWER,0.47,0.68,78.64,23.98,23.92,-1.1765589922474637,-0.7033864624120681,-2.7152666080346877,0.6174141745199393,2200000,0.20952380952380953,not_synthetic_real_observed,0.40909090909090906
JAKARTA SELATAN,2019,10,2019-10-01,real_jakarta,20,0,True,kota,DKI JAKARTA,1.0,2200000,0.021826443263418396,-6.2615,106.8106,26.7,35.04,19.47,71.72,2.06,NASA_POWER,0.25,0.47,74.04,25.17,23.98,-1.220944755887551,-1.8034503608533523,-1.656530032082044,0.6,2200000,0.20952380952380953,not_synthetic_real_observed,0.9090909090909091
JAKARTA SELATAN,2019,11,2019-11-01,real_jakarta,24,0,True,kota,DKI JAKARTA,1.0,2200000,0.023286948760598808,-6.2615,106.8106,26.43,34.07,20.48,76.56,5.44,NASA_POWER,2.06,0.25,71.72,26.7,25.17,-0.8557709732122877,-2.3582651965889587,-0.29529729157150586,0.6210429697806856,2200000,0.20952380952380953,not_synthetic_real_observed,1.0909090909090908
JAKARTA SELATAN,2019,12,2019-12-01,real_jakarta,29,0,True,kota,DKI JAKARTA,1.0,2200000,0.028236439612154652,-6.2615,106.8106,25.98,32.39,21.75,82.58,10.71,NASA_POWER,5.44,2.06,76.56,26.43,26.7,-0.17384424092367476,-1.2008066599681273,-0.535514834014542,0.827066956163909,2200000,0.20952380952380953,not_synthetic_real_observed,1.3181818181818183
JAKARTA SELATAN,2020,1,2020-01-01,real_jakarta,62,0,True,kota,DKI JAKARTA,1.0,2200000,0.10434500385411173,-6.2615,106.8106,25.24,31.22,20.83,86.82,12.47,NASA_POWER,10.71,5.44,82.58,25.98,26.43,0.8893965517275059,0.23884218103546706,-0.9358774047529356,1.110499830625026,2200000,0.20952380952380953,not_synthetic_real_observed,2.818181818181818
JAKARTA SELATAN,2020,2,2020-02-01,real_jakarta,185,0,True,kota,DKI JAKARTA,1.0,2200000,0.13298713943770538,-6.2615,106.8106,24.94,30.44,21.4,89.33,20.87,NASA_POWER,12.47,10.71,86.82,25.24,25.98,1.2444826608482038,1.2528141222074334,-1.5942514099671856,1.2322412408496146,2200000,0.20952380952380953,not_synthetic_real_observed,8.40909090909091
JAKARTA SELATAN,2020,3,2020-03-01,real_jakarta,286,0,True,kota,DKI JAKARTA,1.0,2200000,0.19465292709643392,-6.2615,106.8106,25.19,29.83,21.68,89.12,14.66,NASA_POWER,20.87,12.47,89.33,24.94,25.24,2.939211818015171,1.8530663798351794,-1.861159790459446,1.5331304211628212,2200000,0.20952380952380953,not_synthetic_real_observed,12.999999999999998
JAKARTA SELATAN,2020,4,2020-04-01,real_jakarta,173,0,True,kota,DKI JAKARTA,1.0,2200000,0.16191326220130633,-6.2615,106.8106,25.34,30.62,20.97,88.37,8.59,NASA_POWER,14.66,20.87,89.12,25.19,24.94,1.686322762538163,1.8028460714280787,-1.6387361400492269,1.351296214521071,2200000,0.20952380952380953,not_synthetic_real_observed,7.863636363636364
JAKARTA SELATAN,2020,5,2020-05-01,real_jakarta,110,0,True,kota,DKI JAKARTA,1.0,2200000,0.14970181346099234,-6.2615,106.8106,25.44,30.29,21.88,89.1,7.52,NASA_POWER,8.59,14.66,88.37,25.34,25.19,0.4616791930139378,1.6234878271169997,-1.5052819498030967,1.1563365641736358,2200000,0.20952380952380953,not_synthetic_real_observed,5.0
JAKARTA SELATAN,2020,6,2020-06-01,real_jakarta,95,0,True,kota,DKI JAKARTA,1.0,2200000,0.08896912653657349,-6.2615,106.8106,24.92,29.71,20.36,87.83,2.35,NASA_POWER,7.52,8.59,89.1,25.44,25.34,0.24580297894624073,1.7980631849131141,-1.4163124896390078,1.145861140851297,2200000,0.20952380952380953,not_synthetic_real_observed,4.318181818181818
JAKARTA SELATAN,2020,7,2020-07-01,real_jakarta,48,0,True,kota,DKI JAKARTA,1.0,2200000,0.048683516572680434,-6.2615,106.8106,24.54,29.63,18.69,84.78,2.88,NASA_POWER,2.35,7.52,87.83,24.92,25.44,-0.7972624665958091,1.494349891213021,-1.878953682492263,0.9358979350073175,2200000,0.20952380952380953,not_synthetic_real_observed,2.1818181818181817
JAKARTA SELATAN,2020,8,2020-08-01,real_jakarta,14,0,True,kota,DKI JAKARTA,1.0,2200000,0.027506186863564444,-6.2615,106.8106,24.92,30.95,18.3,83.91,1.84,NASA_POWER,2.88,2.35,84.78,24.54,24.92,-0.6903331269174172,0.7649596976812999,-2.217037631115798,0.8620941191747274,2200000,0.20952380952380953,not_synthetic_real_observed,0.6363636363636364
JAKARTA SELATAN,2020,9,2020-09-01,real_jakarta,12,0,True,kota,DKI JAKARTA,1.0,2200000,0.01789119234046006,-6.2615,106.8106,25.18,30.68,19.76,82.75,4.99,NASA_POWER,1.84,2.88,83.91,24.92,24.54,-0.9001567368523751,0.556904134280447,-1.878953682492263,0.8267192187755753,2200000,0.20952380952380953,not_synthetic_real_observed,0.5454545454545454
JAKARTA SELATAN,2020,10,2020-10-01,real_jakarta,11,0,True,kota,DKI JAKARTA,1.0,2200000,0.021826443263418396,-6.2615,106.8106,25.14,31.29,21.45,86.05,9.87,NASA_POWER,4.99,1.84,82.75,25.18,24.92,-0.26463330291476234,0.2794967164126454,-1.647633086065637,0.9058730219007683,2200000,0.20952380952380953,not_synthetic_real_observed,0.5
JAKARTA SELATAN,2020,11,2020-11-01,real_jakarta,9,0,True,kota,DKI JAKARTA,1.0,2200000,0.023286948760598808,-6.2615,106.8106,25.23,31.36,21.17,85.88,6.78,NASA_POWER,9.87,4.99,86.05,25.14,25.18,0.7199236360108089,1.068672991381393,-1.6832208701312712,1.1306948010331972,2200000,0.20952380952380953,not_synthetic_real_observed,0.40909090909090906
JAKARTA SELATAN,2020,12,2020-12-01,real_jakarta,10,0,True,kota,DKI JAKARTA,1.0,2200000,0.028236439612154652,-6.2615,106.8106,24.24,29.08,20.89,89.07,7.38,NASA_POWER,6.78,9.87,85.88,25.23,25.14,0.09650541033867473,1.0280184560042147,-1.6031483559835926,1.037120239352043,2200000,0.20952380952380953,not_synthetic_real_observed,0.45454545454545453
JAKARTA TIMUR,2015,1,2015-01-01,real_jakarta,75,3,True,kota,DKI JAKARTA,1.0,3000000,0.10434500385411173,-6.225,106.9004,26.46,30.33,24.09,85.5,11.88,NASA_POWER,11.88,11.88,85.5,26.46,26.46,1.1254481129043334,0.9371436122199356,-0.5088239959653147,1.2370903783593779,3000000,0.2857142857142857,not_synthetic_real_observed,2.5
JAKARTA TIMUR,2015,2,2015-02-01,real_jakarta,100,0,True,kota,DKI JAKARTA,1.0,3000000,0.13298713943770538,-6.225,106.9004,26.4,29.97,24.26,85.8,19.1,NASA_POWER,11.88,19.1,85.5,26.46,26.4,1.1254481129043334,0.9371436122199356,-0.5088239959653147,1.2370903783593779,3000000,0.2857142857142857,not_synthetic_real_observed,3.3333333333333335
JAKARTA TIMUR,2015,3,2015-03-01,real_jakarta,184,1,True,kota,DKI JAKARTA,1.0,3000000,0.19465292709643392,-6.225,106.9004,27.01,31.32,24.36,83.57,9.22,NASA_POWER,19.1,11.88,85.8,26.4,26.46,2.58210817418356,1.0088869099443667,-0.5622056720637693,1.460094633518782,3000000,0.2857142857142857,not_synthetic_real_observed,6.133333333333334
JAKARTA TIMUR,2015,4,2015-04-01,real_jakarta,245,0,True,kota,DKI JAKARTA,1.0,3000000,0.16191326220130633,-6.225,106.9004,27.54,31.16,24.84,82.29,6.37,NASA_POWER,9.22,19.1,83.57,27.01,26.4,0.5887838798014605,0.4755950635260903,-0.019491965062832257,1.1349024900696865,3000000,0.2857142857142857,not_synthetic_real_observed,8.166666666666666
JAKARTA TIMUR,2015,5,2015-05-01,real_jakarta,182,0,True,kota,DKI JAKARTA,1.0,3000000,0.14970181346099234,-6.225,106.9004,27.5,30.73,24.01,82.94,3.17,NASA_POWER,6.37,9.22,82.29,27.54,27.01,0.013786487191239401,0.16949032656851837,0.4520461738068299,1.0416193144258792,3000000,0.2857142857142857,not_synthetic_real_observed,6.066666666666666
JAKARTA TIMUR,2015,6,2015-06-01,real_jakarta,171,0,True,kota,DKI JAKARTA,1.0,3000000,0.08896912653657349,-6.225,106.9004,27.19,30.56,23.39,81.07,1.51,NASA_POWER,3.17,6.37,82.94,27.5,27.54,-0.6318246203009386,0.3249341383047849,0.4164583897411956,0.9585426402723974,3000000,0.2857142857142857,not_synthetic_real_observed,5.7
JAKARTA TIMUR,2015,7,2015-07-01,real_jakarta,87,1,True,kota,DKI JAKARTA,1.0,3000000,0.048683516572680434,-6.225,106.9004,26.72,30.26,23.28,80.57,0.47,NASA_POWER,1.51,3.17,81.07,27.19,27.5,-0.9667353823125059,-0.1222657508441735,0.14065306323252516,0.8497957707303331,3000000,0.2857142857142857,not_synthetic_real_observed,2.9
JAKARTA TIMUR,2015,8,2015-08-01,real_jakarta,34,0,True,kota,DKI JAKARTA,1.0,3000000,0.027506186863564444,-6.225,106.9004,26.76,31.16,22.66,78.55,0.56,NASA_POWER,0.47,1.51,80.57,26.72,27.19,-1.1765589922474637,-0.24183791371822627,-0.2775033995386887,0.7854571898141235,3000000,0.2857142857142857,not_synthetic_real_observed,1.1333333333333333
JAKARTA TIMUR,2015,9,2015-09-01,real_jakarta,33,0,True,kota,DKI JAKARTA,1.0,3000000,0.01789119234046006,-6.225,106.9004,27.61,32.62,23.3,73.1,0.25,NASA_POWER,0.56,0.47,78.55,26.76,26.72,-1.1584011798492462,-0.7249094517293985,-0.24191561547305127,0.7416530970760207,3000000,0.2857142857142857,not_synthetic_real_observed,1.0999999999999999
JAKARTA TIMUR,2015,10,2015-10-01,real_jakarta,28,1,True,kota,DKI JAKARTA,1.0,3000000,0.021826443263418396,-6.225,106.9004,28.53,33.11,24.7,72.06,0.56,NASA_POWER,0.25,0.56,73.1,27.61,26.76,-1.220944755887551,-2.0282460270565745,0.5143247959216914,0.6397499237072944,3000000,0.2857142857142857,not_synthetic_real_observed,0.9333333333333332
JAKARTA TIMUR,2015,11,2015-11-01,real_jakarta,46,0,True,kota,DKI JAKARTA,1.0,3000000,0.023286948760598808,-6.225,106.9004,28.75,33.27,25.7,75.69,4.34,NASA_POWER,0.56,0.25,72.06,28.53,27.61,-1.1584011798492462,-2.276956125834602,1.332843829431299,0.6651864019107179,3000000,0.2857142857142857,not_synthetic_real_observed,1.5333333333333334
JAKARTA TIMUR,2015,12,2015-12-01,real_jakarta,41,0,True,kota,DKI JAKARTA,1.0,3000000,0.028236439612154652,-6.225,106.9004,27.89,31.15,24.58,80.88,7.46,NASA_POWER,4.34,0.56,75.69,28.75,28.53,-0.39577305912411104,-1.4088622233689803,1.5285766417922906,0.8761766508840998,3000000,0.2857142857142857,not_synthetic_real_observed,1.3666666666666667
JAKARTA TIMUR,2016,1,2016-01-01,real_jakarta,249,0,False,kota,DKI JAKARTA,1.0,3000000,0.10434500385411173,-6.225,106.9004,28.07,31.91,24.94,81.38,7.06,NASA_POWER,7.46,4.34,80.88,27.89,28.75,0.23369777068076247,-0.16770317273631302,0.7634392843811377,1.0564563125475401,3000000,0.2857142857142857,not_synthetic_real_observed,8.299999999999999
JAKARTA TIMUR,2016,2,2016-02-01,real_jakarta,182,2,False,kota,DKI JAKARTA,1.0,3000000,0.13298713943770538,-6.225,106.9004,27.35,31.29,25.13,85.23,17.96,NASA_POWER,7.06,7.46,81.38,28.07,27.89,0.15299638224424017,-0.048131009862260245,0.9235843126764952,1.0643155719842348,3000000,0.2857142857142857,not_synthetic_real_observed,6.066666666666666
JAKARTA TIMUR,2017,1,2017-01-01,real_jakarta,223,1,True,kota,DKI JAKARTA,1.0,3000000,0.10434500385411173,-6.225,106.9004,26.75,30.7,24.66,86.06,11.0,NASA_POWER,5.25,9.59,84.57,27.12,27.4,-0.2121774004310229,0.7147393892741959,0.0783744411176636,1.0435660509186493,3000000,0.2857142857142857,not_synthetic_real_observed,7.433333333333333
JAKARTA TIMUR,2017,2,2017-02-01,real_jakarta,140,0,True,kota,DKI JAKARTA,1.0,3000000,0.13298713943770538,-6.225,106.9004,26.6,29.79,24.49,87.06,19.52,NASA_POWER,11.0,5.25,86.06,26.75,27.12,0.9479050583439843,1.0710644346388754,-0.2508125614894614,1.236751574141012,3000000,0.2857142857142857,not_synthetic_real_observed,4.666666666666666
JAKARTA TIMUR,2017,3,2017-03-01,real_jakarta,190,0,True,kota,DKI JAKARTA,1.0,3000000,0.19465292709643392,-6.225,106.9004,27.15,30.37,24.74,83.89,7.38,NASA_POWER,19.52,11.0,87.06,26.6,26.75,2.666844632041908,1.3102087603869808,-0.38426675173559155,1.5118342332582049,3000000,0.2857142857142857,not_synthetic_real_observed,6.333333333333333
JAKARTA TIMUR,2017,4,2017-04-01,real_jakarta,155,0,True,kota,DKI JAKARTA,1.0,3000000,0.16191326220130633,-6.225,106.9004,27.41,30.65,24.99,84.46,8.42,NASA_POWER,7.38,19.52,83.89,27.15,26.6,0.21755749299345803,0.5521212477654859,0.10506527916688774,1.093099012683912,3000000,0.2857142857142857,not_synthetic_real_observed,5.166666666666666
JAKARTA TIMUR,2017,5,2017-05-01,real_jakarta,162,0,True,kota,DKI JAKARTA,1.0,3000000,0.14970181346099234,-6.225,106.9004,27.79,30.93,24.56,82.47,4.54,NASA_POWER,8.42,7.38,84.46,27.41,27.15,0.42738110292841586,0.6884335134419044,0.3363858755935169,1.1497698105631287,3000000,0.2857142857142857,not_synthetic_real_observed,5.3999999999999995
JAKARTA TIMUR,2017,6,2017-06-01,real_jakarta,74,0,True,kota,DKI JAKARTA,1.0,3000000,0.08896912653657349,-6.225,106.9004,27.23,30.45,24.93,83.74,4.39,NASA_POWER,4.54,8.42,82.47,27.79,27.41,-0.3554223649058499,0.2125363052031756,0.6744698242170489,1.0016637669952926,3000000,0.2857142857142857,not_synthetic_real_observed,2.4666666666666663
JAKARTA TIMUR,2017,7,2017-07-01,real_jakarta,62,0,True,kota,DKI JAKARTA,1.0,3000000,0.048683516572680434,-6.225,106.9004,27.05,30.34,22.96,80.87,2.26,NASA_POWER,4.39,4.54,83.74,27.23,27.79,-0.3856853855695458,0.5162495989032687,0.17624084729815945,1.002584194419803,3000000,0.2857142857142857,not_synthetic_real_observed,2.0666666666666664
JAKARTA TIMUR,2017,8,2017-08-01,real_jakarta,63,0,True,kota,DKI JAKARTA,1.0,3000000,0.027506186863564444,-6.225,106.9004,26.89,30.18,22.75,78.86,0.58,NASA_POWER,2.26,4.39,80.87,27.05,27.23,-0.8154202789940267,-0.1700946159937919,0.016095819002802023,0.8614822875016569,3000000,0.2857142857142857,not_synthetic_real_observed,2.1
JAKARTA TIMUR,2017,9,2017-09-01,real_jakarta,33,0,True,kota,DKI JAKARTA,1.0,3000000,0.01789119234046006,-6.225,106.9004,27.52,31.77,23.87,77.46,1.98,NASA_POWER,0.58,2.26,78.86,26.89,27.05,-1.15436611042742,-0.6507747107474853,-0.12625531725973826,0.7554548464981516,3000000,0.2857142857142857,not_synthetic_real_observed,1.0999999999999999
JAKARTA TIMUR,2017,10,2017-10-01,real_jakarta,58,0,True,kota,DKI JAKARTA,1.0,3000000,0.021826443263418396,-6.225,106.9004,28.07,31.68,25.64,79.79,6.99,NASA_POWER,1.98,0.58,77.46,27.52,26.89,-0.8719112508995922,-0.9855767667948343,0.43425228177401276,0.7923682497742783,3000000,0.2857142857142857,not_synthetic_real_observed,1.9333333333333333
JAKARTA TIMUR,2017,11,2017-11-01,real_jakarta,56,0,True,kota,DKI JAKARTA,1.0,3000000,0.023286948760598808,-6.225,106.9004,27.95,31.69,25.34,80.72,11.01,NASA_POWER,6.99,1.98,79.79,28.07,27.52,0.1388736392678489,-0.42837048780174547,0.9235843126764952,1.0241732127438274,3000000,0.2857142857142857,not_synthetic_real_observed,1.8666666666666665
JAKARTA TIMUR,2017,12,2017-12-01,real_jakarta,49,0,True,kota,DKI JAKARTA,1.0,3000000,0.028236439612154652,-6.225,106.9004,27.14,31.45,24.44,84.11,7.79,NASA_POWER,11.01,6.99,80.72,27.95,28.07,0.9499225930548973,-0.20596626485600908,0.8168209604795892,1.162732810496613,3000000,0.2857142857142857,not_synthetic_real_observed,1.633333333333333
JAKARTA TIMUR,2018,1,2018-01-01,real_jakarta,52,0,True,kota,DKI JAKARTA,1.0,3000000,0.10434500385411173,-6.225,106.9004,26.98,30.56,24.87,84.63,6.49,NASA_POWER,7.79,11.01,84.11,27.14,27.95,0.30027641614089334,0.6047329994300688,0.09616833315048073,1.1103231790216648,3000000,0.2857142857142857,not_synthetic_real_observed,1.7333333333333332
JAKARTA TIMUR,2018,2,2018-02-01,real_jakarta,55,0,True,kota,DKI JAKARTA,1.0,3000000,0.13298713943770538,-6.225,106.9004,26.6,29.32,24.28,86.64,16.07,NASA_POWER,6.49,7.79,84.63,26.98,27.14,0.03799690372219609,0.7290880488190827,-0.04618280311205955,1.0762992002846345,3000000,0.2857142857142857,not_synthetic_real_observed,1.8333333333333333
JAKARTA TIMUR,2018,3,2018-03-01,real_jakarta,80,0,True,kota,DKI JAKARTA,1.0,3000000,0.19465292709643392,-6.225,106.9004,27.38,31.25,24.66,82.83,10.07,NASA_POWER,16.07,6.49,86.64,26.6,26.98,1.9707951567769038,1.209768143572776,-0.38426675173559155,1.3973827502870335,3000000,0.2857142857142857,not_synthetic_real_observed,2.6666666666666665
JAKARTA TIMUR,2018,4,2018-04-01,real_jakarta,133,0,True,kota,DKI JAKARTA,1.0,3000000,0.16191326220130633,-6.225,106.9004,27.85,30.69,25.38,82.7,5.66,NASA_POWER,10.07,16.07,82.83,27.38,26.6,0.7602743302290702,0.29862826247249347,0.3096950375442896,1.1593887276588244,3000000,0.2857142857142857,not_synthetic_real_observed,4.433333333333333
JAKARTA TIMUR,2018,5,2018-05-01,real_jakarta,149,0,True,kota,DKI JAKARTA,1.0,3000000,0.14970181346099234,-6.225,106.9004,27.84,31.1,25.15,82.52,2.17,NASA_POWER,5.66,10.07,82.7,27.85,27.38,-0.1294584772835876,0.2675395001252408,0.7278515003155035,1.0437277534357612,3000000,0.2857142857142857,not_synthetic_real_observed,4.966666666666667
JAKARTA TIMUR,2018,6,2018-06-01,real_jakarta,104,0,True,kota,DKI JAKARTA,1.0,3000000,0.08896912653657349,-6.225,106.9004,27.45,30.55,24.08,81.44,1.97,NASA_POWER,2.17,5.66,82.52,27.84,27.85,-0.8335780913922441,0.2244935214905802,0.7189545542990933,0.9333603661551761,3000000,0.2857142857142857,not_synthetic_real_observed,3.4666666666666663
JAKARTA TIMUR,2018,7,2018-07-01,real_jakarta,99,0,True,kota,DKI JAKARTA,1.0,3000000,0.048683516572680434,-6.225,106.9004,26.71,30.13,22.31,76.08,0.1,NASA_POWER,1.97,2.17,81.44,27.45,27.84,-0.8739287856105054,-0.03378235031737337,0.3719736596591512,0.8841311301096445,3000000,0.2857142857142857,not_synthetic_real_observed,3.3000000000000003
JAKARTA TIMUR,2018,8,2018-08-01,real_jakarta,50,0,True,kota,DKI JAKARTA,1.0,3000000,0.027506186863564444,-6.225,106.9004,26.81,30.57,22.23,75.65,0.54,NASA_POWER,0.1,1.97,76.08,26.71,27.45,-1.2512077765512468,-1.315595936327219,-0.2864003455550957,0.6664392226068364,3000000,0.2857142857142857,not_synthetic_real_observed,1.6666666666666667
JAKARTA TIMUR,2018,9,2018-09-01,real_jakarta,22,0,True,kota,DKI JAKARTA,1.0,3000000,0.01789119234046006,-6.225,106.9004,27.67,31.77,23.67,73.72,1.85,NASA_POWER,0.54,0.1,75.65,26.81,26.71,-1.1624362492710723,-1.4184279963989024,-0.19743088539101,0.6739202186998985,3000000,0.2857142857142857,not_synthetic_real_observed,0.7333333333333333
JAKARTA TIMUR,2018,10,2018-10-01,real_jakarta,25,0,True,kota,DKI JAKARTA,1.0,3000000,0.021826443263418396,-6.225,106.9004,28.52,32.95,25.26,74.55,3.29,NASA_POWER,1.85,0.54,73.72,27.67,26.81,-0.898139202141462,-1.8799765450927477,0.567706472020146,0.7056667887705133,3000000,0.2857142857142857,not_synthetic_real_observed,0.8333333333333334
JAKARTA TIMUR,2018,11,2018-11-01,real_jakarta,28,0,True,kota,DKI JAKARTA,1.0,3000000,0.023286948760598808,-6.225,106.9004,28.12,33.64,25.73,78.78,5.94,NASA_POWER,3.29,1.85,74.55,28.52,27.67,-0.6076142037699819,-1.6814867547218206,1.3239468834148889,0.8069065381330651,3000000,0.2857142857142857,not_synthetic_real_observed,0.9333333333333332
JAKARTA TIMUR,2018,12,2018-12-01,real_jakarta,49,0,True,kota,DKI JAKARTA,1.0,3000000,0.028236439612154652,-6.225,106.9004,27.75,32.03,24.86,80.52,6.65,NASA_POWER,5.94,3.29,78.78,28.12,28.52,-0.07296750537802195,-0.6699062568073333,0.9680690427585397,0.9704677006504904,3000000,0.2857142857142857,not_synthetic_real_observed,1.633333333333333
JAKARTA TIMUR,2019,1,2019-01-01,real_jakarta,280,0,True,kota,DKI JAKARTA,1.0,3000000,0.10434500385411173,-6.225,106.9004,27.32,31.21,25.05,83.93,13.54,NASA_POWER,6.65,5.94,80.52,27.75,28.12,0.07027745909680502,-0.25379513000563086,0.6388820401514146,1.0171062078715283,3000000,0.2857142857142857,not_synthetic_real_observed,9.333333333333332
JAKARTA TIMUR,2019,2,2019-02-01,real_jakarta,458,2,True,kota,DKI JAKARTA,1.0,3000000,0.13298713943770538,-6.225,106.9004,27.66,30.85,25.13,82.3,8.96,NASA_POWER,13.54,6.65,83.93,27.32,27.75,1.4603588749159004,0.5616870207954116,0.25631336144583816,1.2880382013892182,3000000,0.2857142857142857,not_synthetic_real_observed,15.266666666666667
JAKARTA TIMUR,2019,3,2019-03-01,real_jakarta,642,0,True,kota,DKI JAKARTA,1.0,3000000,0.19465292709643392,-6.225,106.9004,27.65,31.26,24.6,81.75,8.07,NASA_POWER,8.96,13.54,82.3,27.66,27.32,0.5363279773177211,0.17188176982599726,0.5588095260037359,1.1255778498804445,3000000,0.2857142857142857,not_synthetic_real_observed,21.4
JAKARTA TIMUR,2019,4,2019-04-01,real_jakarta,434,0,True,kota,DKI JAKARTA,1.0,3000000,0.16191326220130633,-6.225,106.9004,28.18,31.05,25.56,82.84,8.43,NASA_POWER,8.07,8.96,81.75,27.65,27.66,0.35676738804645897,0.04035239066453989,0.5499125799873258,1.085045976272789,3000000,0.2857142857142857,not_synthetic_real_observed,14.466666666666667
JAKARTA TIMUR,2019,5,2019-05-01,real_jakarta,621,0,True,kota,DKI JAKARTA,1.0,3000000,0.14970181346099234,-6.225,106.9004,28.08,31.25,25.3,81.97,5.41,NASA_POWER,8.43,8.07,82.84,28.18,27.65,0.4293986376393289,0.3010197057299757,1.021450718856991,1.1455843021617467,3000000,0.2857142857142857,not_synthetic_real_observed,20.7
JAKARTA TIMUR,2019,6,2019-06-01,real_jakarta,320,0,True,kota,DKI JAKARTA,1.0,3000000,0.08896912653657349,-6.225,106.9004,27.39,30.74,23.63,79.4,1.21,NASA_POWER,5.41,8.43,81.97,28.08,28.18,-0.17989684505641398,0.09296414232912283,0.9324812586929022,1.0289359504090954,3000000,0.2857142857142857,not_synthetic_real_observed,10.666666666666666
JAKARTA TIMUR,2019,7,2019-07-01,real_jakarta,127,0,True,kota,DKI JAKARTA,1.0,3000000,0.048683516572680434,-6.225,106.9004,26.62,30.25,22.15,79.25,0.63,NASA_POWER,1.21,5.41,79.4,27.39,28.08,-1.0272614236398976,-0.5216367748435068,0.31859198356069973,0.8096767081476997,3000000,0.2857142857142857,not_synthetic_real_observed,4.233333333333333
JAKARTA TIMUR,2019,8,2019-08-01,real_jakarta,32,0,True,kota,DKI JAKARTA,1.0,3000000,0.027506186863564444,-6.225,106.9004,26.57,30.27,22.22,76.2,0.24,NASA_POWER,0.63,1.21,79.25,26.62,27.39,-1.144278436872855,-0.557508423705724,-0.36647285970277443,0.7542837491133607,3000000,0.2857142857142857,not_synthetic_real_observed,1.0666666666666667
JAKARTA TIMUR,2019,9,2019-09-01,real_jakarta,20,0,True,kota,DKI JAKARTA,1.0,3000000,0.01789119234046006,-6.225,106.9004,27.51,32.52,22.73,73.31,0.13,NASA_POWER,0.24,0.63,76.2,26.57,26.62,-1.222962290598464,-1.286898617237445,-0.41095758978481883,0.6673179151972449,3000000,0.2857142857142857,not_synthetic_real_observed,0.6666666666666666
JAKARTA TIMUR,2019,10,2019-10-01,real_jakarta,16,0,True,kota,DKI JAKARTA,1.0,3000000,0.021826443263418396,-6.225,106.9004,28.68,34.16,24.46,71.5,2.06,NASA_POWER,0.13,0.24,73.31,27.51,26.57,-1.2451551724185077,-1.9780257186494703,0.42535533575760576,0.6366919190601571,3000000,0.2857142857142857,not_synthetic_real_observed,0.5333333333333333
JAKARTA TIMUR,2019,11,2019-11-01,real_jakarta,23,0,True,kota,DKI JAKARTA,1.0,3000000,0.023286948760598808,-6.225,106.9004,28.7,33.25,24.92,74.45,4.98,NASA_POWER,2.06,0.13,71.5,28.68,27.51,-0.8557709732122877,-2.410876948253542,1.4662980196774291,0.7038615601766741,3000000,0.2857142857142857,not_synthetic_real_observed,0.7666666666666667
JAKARTA TIMUR,2019,12,2019-12-01,real_jakarta,31,0,True,kota,DKI JAKARTA,1.0,3000000,0.028236439612154652,-6.225,106.9004,28.23,32.16,25.76,79.68,8.45,NASA_POWER,4.98,2.06,74.45,28.7,28.68,-0.2666508376256753,-1.7054011872966297,1.4840919117102462,0.8636668512119979,3000000,0.2857142857142857,not_synthetic_real_observed,1.0333333333333332
JAKARTA TIMUR,2020,1,2020-01-01,real_jakarta,79,0,True,kota,DKI JAKARTA,1.0,3000000,0.10434500385411173,-6.225,106.9004,27.49,30.71,25.01,84.41,12.47,NASA_POWER,8.45,4.98,79.68,28.23,28.7,0.4334337070611549,-0.4546763636340369,1.0659354489390356,1.0728441921427212,3000000,0.2857142857142857,not_synthetic_real_observed,2.6333333333333333
JAKARTA TIMUR,2020,2,2020-02-01,real_jakarta,173,0,True,kota,DKI JAKARTA,1.0,3000000,0.13298713943770538,-6.225,106.9004,27.38,30.84,25.45,85.87,20.58,NASA_POWER,12.47,8.45,84.41,27.49,28.23,1.2444826608482038,0.6764762971544998,0.4075614437247855,1.2746981010289198,3000000,0.2857142857142857,not_synthetic_real_observed,5.766666666666667
JAKARTA TIMUR,2020,3,2020-03-01,real_jakarta,418,0,True,kota,DKI JAKARTA,1.0,3000000,0.19465292709643392,-6.225,106.9004,27.72,30.3,25.83,84.45,10.8,NASA_POWER,20.58,12.47,85.87,27.38,27.49,2.8807033113986917,1.0256270127467357,0.3096950375442896,1.5501529498616917,3000000,0.2857142857142857,not_synthetic_real_observed,13.933333333333332
JAKARTA TIMUR,2020,4,2020-04-01,real_jakarta,331,0,True,kota,DKI JAKARTA,1.0,3000000,0.16191326220130633,-6.225,106.9004,27.98,31.33,25.64,83.46,6.87,NASA_POWER,10.8,20.58,84.45,27.72,27.38,0.9075543641257233,0.6860420701844255,0.6121912021021874,1.2353469217424102,3000000,0.2857142857142857,not_synthetic_real_observed,11.033333333333333
JAKARTA TIMUR,2020,5,2020-05-01,real_jakarta,270,1,True,kota,DKI JAKARTA,1.0,3000000,0.14970181346099234,-6.225,106.9004,28.1,31.22,26.03,84.29,5.62,NASA_POWER,6.87,10.8,83.46,27.98,27.72,0.11466322273689221,0.44928918769379883,0.8435117985288165,1.1043039921063547,3000000,0.2857142857142857,not_synthetic_real_observed,9.0
JAKARTA TIMUR,2020,6,2020-06-01,real_jakarta,123,0,True,kota,DKI JAKARTA,1.0,3000000,0.08896912653657349,-6.225,106.9004,27.63,30.46,25.19,83.37,2.08,NASA_POWER,5.62,6.87,84.29,28.1,27.98,-0.1375286161272398,0.6477789780647294,0.9502751507257224,1.091662362923673,3000000,0.2857142857142857,not_synthetic_real_observed,4.1
JAKARTA TIMUR,2020,7,2020-07-01,real_jakarta,42,0,True,kota,DKI JAKARTA,1.0,3000000,0.048683516572680434,-6.225,106.9004,27.16,30.0,23.89,81.58,2.79,NASA_POWER,2.08,5.62,83.37,27.63,28.1,-0.8517359037904617,0.42776619837647195,0.5321186879545086,0.9416221686668034,3000000,0.2857142857142857,not_synthetic_real_observed,1.4
JAKARTA TIMUR,2020,8,2020-08-01,real_jakarta,25,0,True,kota,DKI JAKARTA,1.0,3000000,0.027506186863564444,-6.225,106.9004,27.19,30.56,23.8,82.07,1.8,NASA_POWER,2.79,2.08,81.58,27.16,27.63,-0.7084909393156347,-0.0003021447126384607,0.11396222518329788,0.8993942558905558,3000000,0.2857142857142857,not_synthetic_real_observed,0.8333333333333334
JAKARTA TIMUR,2020,9,2020-09-01,real_jakarta,15,0,True,kota,DKI JAKARTA,1.0,3000000,0.01789119234046006,-6.225,106.9004,27.67,31.15,24.78,79.39,3.87,NASA_POWER,1.8,2.79,82.07,27.19,27.16,-0.9082268756960273,0.11687857490393203,0.14065306323252516,0.8824864792976154,3000000,0.2857142857142857,not_synthetic_real_observed,0.5
JAKARTA TIMUR,2020,10,2020-10-01,real_jakarta,11,0,True,kota,DKI JAKARTA,1.0,3000000,0.021826443263418396,-6.225,106.9004,27.69,31.38,25.34,81.25,6.64,NASA_POWER,3.87,1.8,79.39,27.67,27.19,-0.4905971905370246,-0.524028218100989,0.567706472020146,0.9023929232103547,3000000,0.2857142857142857,not_synthetic_real_observed,0.36666666666666664
JAKARTA TIMUR,2020,11,2020-11-01,real_jakarta,19,0,True,kota,DKI JAKARTA,1.0,3000000,0.023286948760598808,-6.225,106.9004,27.85,31.59,24.93,81.3,7.96,NASA_POWER,6.64,3.87,81.25,27.69,27.67,0.06825992438589183,-0.07921977220951287,0.5855003640529631,1.0315920296395806,3000000,0.2857142857142857,not_synthetic_real_observed,0.6333333333333333
JAKARTA TIMUR,2020,12,2020-12-01,real_jakarta,28,0,True,kota,DKI JAKARTA,1.0,3000000,0.028236439612154652,-6.225,106.9004,26.95,30.34,24.6,85.2,7.41,NASA_POWER,7.96,6.64,81.3,27.85,27.69,0.33457450622641527,-0.06726255592210828,0.7278515003155035,1.0798524953575268,3000000,0.2857142857142857,not_synthetic_real_observed,0.9333333333333332
JAKARTA UTARA,2015,1,2015-01-01,real_jakarta,56,0,True,kota,DKI JAKARTA,1.0,1800000,0.10434500385411173,-6.1384,106.8639,26.46,30.33,24.09,85.5,11.88,NASA_POWER,11.88,11.88,85.5,26.46,26.46,1.1254481129043334,0.9371436122199356,-0.5088239959653147,1.2370903783593779,1800000,0.17142857142857143,not_synthetic_real_observed,3.111111111111111
JAKARTA UTARA,2015,2,2015-02-01,real_jakarta,89,1,True,kota,DKI JAKARTA,1.0,1800000,0.13298713943770538,-6.1384,106.8639,26.4,29.97,24.26,85.8,19.1,NASA_POWER,11.88,19.1,85.5,26.46,26.4,1.1254481129043334,0.9371436122199356,-0.5088239959653147,1.2370903783593779,1800000,0.17142857142857143,not_synthetic_real_observed,4.944444444444445
JAKARTA UTARA,2015,3,2015-03-01,real_jakarta,100,0,True,kota,DKI JAKARTA,1.0,1800000,0.19465292709643392,-6.1384,106.8639,27.01,31.32,24.36,83.57,9.22,NASA_POWER,19.1,11.88,85.8,26.4,26.46,2.58210817418356,1.0088869099443667,-0.5622056720637693,1.460094633518782,1800000,0.17142857142857143,not_synthetic_real_observed,5.555555555555556
JAKARTA UTARA,2015,4,2015-04-01,real_jakarta,232,0,True,kota,DKI JAKARTA,1.0,1800000,0.16191326220130633,-6.1384,106.8639,27.54,31.16,24.84,82.29,6.37,NASA_POWER,9.22,19.1,83.57,27.01,26.4,0.5887838798014605,0.4755950635260903,-0.019491965062832257,1.1349024900696865,1800000,0.17142857142857143,not_synthetic_real_observed,12.88888888888889
JAKARTA UTARA,2015,5,2015-05-01,real_jakarta,143,0,True,kota,DKI JAKARTA,1.0,1800000,0.14970181346099234,-6.1384,106.8639,27.5,30.73,24.01,82.94,3.17,NASA_POWER,6.37,9.22,82.29,27.54,27.01,0.013786487191239401,0.16949032656851837,0.4520461738068299,1.0416193144258792,1800000,0.17142857142857143,not_synthetic_real_observed,7.944444444444445
JAKARTA UTARA,2015,6,2015-06-01,real_jakarta,112,0,True,kota,DKI JAKARTA,1.0,1800000,0.08896912653657349,-6.1384,106.8639,27.19,30.56,23.39,81.07,1.51,NASA_POWER,3.17,6.37,82.94,27.5,27.54,-0.6318246203009386,0.3249341383047849,0.4164583897411956,0.9585426402723974,1800000,0.17142857142857143,not_synthetic_real_observed,6.222222222222222
JAKARTA UTARA,2015,7,2015-07-01,real_jakarta,63,0,True,kota,DKI JAKARTA,1.0,1800000,0.048683516572680434,-6.1384,106.8639,26.72,30.26,23.28,80.57,0.47,NASA_POWER,1.51,3.17,81.07,27.19,27.5,-0.9667353823125059,-0.1222657508441735,0.14065306323252516,0.8497957707303331,1800000,0.17142857142857143,not_synthetic_real_observed,3.4999999999999996
JAKARTA UTARA,2015,8,2015-08-01,real_jakarta,46,0,True,kota,DKI JAKARTA,1.0,1800000,0.027506186863564444,-6.1384,106.8639,26.76,31.16,22.66,78.55,0.56,NASA_POWER,0.47,1.51,80.57,26.72,27.19,-1.1765589922474637,-0.24183791371822627,-0.2775033995386887,0.7854571898141235,1800000,0.17142857142857143,not_synthetic_real_observed,2.5555555555555554
JAKARTA UTARA,2015,9,2015-09-01,real_jakarta,37,0,True,kota,DKI JAKARTA,1.0,1800000,0.01789119234046006,-6.1384,106.8639,27.61,32.62,23.3,73.1,0.25,NASA_POWER,0.56,0.47,78.55,26.76,26.72,-1.1584011798492462,-0.7249094517293985,-0.24191561547305127,0.7416530970760207,1800000,0.17142857142857143,not_synthetic_real_observed,2.0555555555555554
JAKARTA UTARA,2015,10,2015-10-01,real_jakarta,28,0,True,kota,DKI JAKARTA,1.0,1800000,0.021826443263418396,-6.1384,106.8639,28.53,33.11,24.7,72.06,0.56,NASA_POWER,0.25,0.56,73.1,27.61,26.76,-1.220944755887551,-2.0282460270565745,0.5143247959216914,0.6397499237072944,1800000,0.17142857142857143,not_synthetic_real_observed,1.5555555555555556
JAKARTA UTARA,2015,11,2015-11-01,real_jakarta,23,0,True,kota,DKI JAKARTA,1.0,1800000,0.023286948760598808,-6.1384,106.8639,28.75,33.27,25.7,75.69,4.34,NASA_POWER,0.56,0.25,72.06,28.53,27.61,-1.1584011798492462,-2.276956125834602,1.332843829431299,0.6651864019107179,1800000,0.17142857142857143,not_synthetic_real_observed,1.2777777777777777
JAKARTA UTARA,2015,12,2015-12-01,real_jakarta,39,0,True,kota,DKI JAKARTA,1.0,1800000,0.028236439612154652,-6.1384,106.8639,27.89,31.15,24.58,80.88,7.46,NASA_POWER,4.34,0.56,75.69,28.75,28.53,-0.39577305912411104,-1.4088622233689803,1.5285766417922906,0.8761766508840998,1800000,0.17142857142857143,not_synthetic_real_observed,2.1666666666666665
JAKARTA UTARA,2016,1,2016-01-01,real_jakarta,170,0,False,kota,DKI JAKARTA,1.0,1800000,0.10434500385411173,-6.1384,106.8639,28.07,31.91,24.94,81.38,7.06,NASA_POWER,7.46,4.34,80.88,27.89,28.75,0.23369777068076247,-0.16770317273631302,0.7634392843811377,1.0564563125475401,1800000,0.17142857142857143,not_synthetic_real_observed,9.444444444444445
JAKARTA UTARA,2016,2,2016-02-01,real_jakarta,49,0,False,kota,DKI JAKARTA,1.0,1800000,0.13298713943770538,-6.1384,106.8639,27.35,31.29,25.13,85.23,17.96,NASA_POWER,7.06,7.46,81.38,28.07,27.89,0.15299638224424017,-0.048131009862260245,0.9235843126764952,1.0643155719842348,1800000,0.17142857142857143,not_synthetic_real_observed,2.7222222222222223
JAKARTA UTARA,2017,1,2017-01-01,real_jakarta,94,0,True,kota,DKI JAKARTA,1.0,1800000,0.10434500385411173,-6.1384,106.8639,26.75,30.7,24.66,86.06,11.0,NASA_POWER,5.25,9.59,84.57,27.12,27.4,-0.2121774004310229,0.7147393892741959,0.0783744411176636,1.0435660509186493,1800000,0.17142857142857143,not_synthetic_real_observed,5.222222222222222
JAKARTA UTARA,2017,2,2017-02-01,real_jakarta,54,0,True,kota,DKI JAKARTA,1.0,1800000,0.13298713943770538,-6.1384,106.8639,26.6,29.79,24.49,87.06,19.52,NASA_POWER,11.0,5.25,86.06,26.75,27.12,0.9479050583439843,1.0710644346388754,-0.2508125614894614,1.236751574141012,1800000,0.17142857142857143,not_synthetic_real_observed,3.0
JAKARTA UTARA,2017,3,2017-03-01,real_jakarta,73,0,True,kota,DKI JAKARTA,1.0,1800000,0.19465292709643392,-6.1384,106.8639,27.15,30.37,24.74,83.89,7.38,NASA_POWER,19.52,11.0,87.06,26.6,26.75,2.666844632041908,1.3102087603869808,-0.38426675173559155,1.5118342332582049,1800000,0.17142857142857143,not_synthetic_real_observed,4.055555555555555
JAKARTA UTARA,2017,4,2017-04-01,real_jakarta,49,0,True,kota,DKI JAKARTA,1.0,1800000,0.16191326220130633,-6.1384,106.8639,27.41,30.65,24.99,84.46,8.42,NASA_POWER,7.38,19.52,83.89,27.15,26.6,0.21755749299345803,0.5521212477654859,0.10506527916688774,1.093099012683912,1800000,0.17142857142857143,not_synthetic_real_observed,2.7222222222222223
JAKARTA UTARA,2017,5,2017-05-01,real_jakarta,57,0,True,kota,DKI JAKARTA,1.0,1800000,0.14970181346099234,-6.1384,106.8639,27.79,30.93,24.56,82.47,4.54,NASA_POWER,8.42,7.38,84.46,27.41,27.15,0.42738110292841586,0.6884335134419044,0.3363858755935169,1.1497698105631287,1800000,0.17142857142857143,not_synthetic_real_observed,3.1666666666666665
JAKARTA UTARA,2017,6,2017-06-01,real_jakarta,23,0,True,kota,DKI JAKARTA,1.0,1800000,0.08896912653657349,-6.1384,106.8639,27.23,30.45,24.93,83.74,4.39,NASA_POWER,4.54,8.42,82.47,27.79,27.41,-0.3554223649058499,0.2125363052031756,0.6744698242170489,1.0016637669952926,1800000,0.17142857142857143,not_synthetic_real_observed,1.2777777777777777
JAKARTA UTARA,2017,7,2017-07-01,real_jakarta,18,0,True,kota,DKI JAKARTA,1.0,1800000,0.048683516572680434,-6.1384,106.8639,27.05,30.34,22.96,80.87,2.26,NASA_POWER,4.39,4.54,83.74,27.23,27.79,-0.3856853855695458,0.5162495989032687,0.17624084729815945,1.002584194419803,1800000,0.17142857142857143,not_synthetic_real_observed,1.0
JAKARTA UTARA,2017,8,2017-08-01,real_jakarta,11,0,True,kota,DKI JAKARTA,1.0,1800000,0.027506186863564444,-6.1384,106.8639,26.89,30.18,22.75,78.86,0.58,NASA_POWER,2.26,4.39,80.87,27.05,27.23,-0.8154202789940267,-0.1700946159937919,0.016095819002802023,0.8614822875016569,1800000,0.17142857142857143,not_synthetic_real_observed,0.6111111111111112
JAKARTA UTARA,2017,9,2017-09-01,real_jakarta,11,0,True,kota,DKI JAKARTA,1.0,1800000,0.01789119234046006,-6.1384,106.8639,27.52,31.77,23.87,77.46,1.98,NASA_POWER,0.58,2.26,78.86,26.89,27.05,-1.15436611042742,-0.6507747107474853,-0.12625531725973826,0.7554548464981516,1800000,0.17142857142857143,not_synthetic_real_observed,0.6111111111111112
JAKARTA UTARA,2017,10,2017-10-01,real_jakarta,53,0,True,kota,DKI JAKARTA,1.0,1800000,0.021826443263418396,-6.1384,106.8639,28.07,31.68,25.64,79.79,6.99,NASA_POWER,1.98,0.58,77.46,27.52,26.89,-0.8719112508995922,-0.9855767667948343,0.43425228177401276,0.7923682497742783,1800000,0.17142857142857143,not_synthetic_real_observed,2.9444444444444446
JAKARTA UTARA,2017,11,2017-11-01,real_jakarta,48,0,True,kota,DKI JAKARTA,1.0,1800000,0.023286948760598808,-6.1384,106.8639,27.95,31.69,25.34,80.72,11.01,NASA_POWER,6.99,1.98,79.79,28.07,27.52,0.1388736392678489,-0.42837048780174547,0.9235843126764952,1.0241732127438274,1800000,0.17142857142857143,not_synthetic_real_observed,2.6666666666666665
JAKARTA UTARA,2017,12,2017-12-01,real_jakarta,27,0,True,kota,DKI JAKARTA,1.0,1800000,0.028236439612154652,-6.1384,106.8639,27.14,31.45,24.44,84.11,7.79,NASA_POWER,11.01,6.99,80.72,27.95,28.07,0.9499225930548973,-0.20596626485600908,0.8168209604795892,1.162732810496613,1800000,0.17142857142857143,not_synthetic_real_observed,1.5
JAKARTA UTARA,2018,1,2018-01-01,real_jakarta,25,0,True,kota,DKI JAKARTA,1.0,1800000,0.10434500385411173,-6.1384,106.8639,26.98,30.56,24.87,84.63,6.49,NASA_POWER,7.79,11.01,84.11,27.14,27.95,0.30027641614089334,0.6047329994300688,0.09616833315048073,1.1103231790216648,1800000,0.17142857142857143,not_synthetic_real_observed,1.388888888888889
JAKARTA UTARA,2018,2,2018-02-01,real_jakarta,24,0,True,kota,DKI JAKARTA,1.0,1800000,0.13298713943770538,-6.1384,106.8639,26.6,29.32,24.28,86.64,16.07,NASA_POWER,6.49,7.79,84.63,26.98,27.14,0.03799690372219609,0.7290880488190827,-0.04618280311205955,1.0762992002846345,1800000,0.17142857142857143,not_synthetic_real_observed,1.3333333333333333
JAKARTA UTARA,2018,3,2018-03-01,real_jakarta,40,0,True,kota,DKI JAKARTA,1.0,1800000,0.19465292709643392,-6.1384,106.8639,27.38,31.25,24.66,82.83,10.07,NASA_POWER,16.07,6.49,86.64,26.6,26.98,1.9707951567769038,1.209768143572776,-0.38426675173559155,1.3973827502870335,1800000,0.17142857142857143,not_synthetic_real_observed,2.2222222222222223
JAKARTA UTARA,2018,4,2018-04-01,real_jakarta,31,0,True,kota,DKI JAKARTA,1.0,1800000,0.16191326220130633,-6.1384,106.8639,27.85,30.69,25.38,82.7,5.66,NASA_POWER,10.07,16.07,82.83,27.38,26.6,0.7602743302290702,0.29862826247249347,0.3096950375442896,1.1593887276588244,1800000,0.17142857142857143,not_synthetic_real_observed,1.7222222222222223
JAKARTA UTARA,2018,5,2018-05-01,real_jakarta,41,0,True,kota,DKI JAKARTA,1.0,1800000,0.14970181346099234,-6.1384,106.8639,27.84,31.1,25.15,82.52,2.17,NASA_POWER,5.66,10.07,82.7,27.85,27.38,-0.1294584772835876,0.2675395001252408,0.7278515003155035,1.0437277534357612,1800000,0.17142857142857143,not_synthetic_real_observed,2.2777777777777777
JAKARTA UTARA,2018,6,2018-06-01,real_jakarta,24,0,True,kota,DKI JAKARTA,1.0,1800000,0.08896912653657349,-6.1384,106.8639,27.45,30.55,24.08,81.44,1.97,NASA_POWER,2.17,5.66,82.52,27.84,27.85,-0.8335780913922441,0.2244935214905802,0.7189545542990933,0.9333603661551761,1800000,0.17142857142857143,not_synthetic_real_observed,1.3333333333333333
JAKARTA UTARA,2018,7,2018-07-01,real_jakarta,20,0,True,kota,DKI JAKARTA,1.0,1800000,0.048683516572680434,-6.1384,106.8639,26.71,30.13,22.31,76.08,0.1,NASA_POWER,1.97,2.17,81.44,27.45,27.84,-0.8739287856105054,-0.03378235031737337,0.3719736596591512,0.8841311301096445,1800000,0.17142857142857143,not_synthetic_real_observed,1.1111111111111112
JAKARTA UTARA,2018,8,2018-08-01,real_jakarta,20,0,True,kota,DKI JAKARTA,1.0,1800000,0.027506186863564444,-6.1384,106.8639,26.81,30.57,22.23,75.65,0.54,NASA_POWER,0.1,1.97,76.08,26.71,27.45,-1.2512077765512468,-1.315595936327219,-0.2864003455550957,0.6664392226068364,1800000,0.17142857142857143,not_synthetic_real_observed,1.1111111111111112
JAKARTA UTARA,2018,9,2018-09-01,real_jakarta,15,0,True,kota,DKI JAKARTA,1.0,1800000,0.01789119234046006,-6.1384,106.8639,27.67,31.77,23.67,73.72,1.85,NASA_POWER,0.54,0.1,75.65,26.81,26.71,-1.1624362492710723,-1.4184279963989024,-0.19743088539101,0.6739202186998985,1800000,0.17142857142857143,not_synthetic_real_observed,0.8333333333333334
JAKARTA UTARA,2018,10,2018-10-01,real_jakarta,12,0,True,kota,DKI JAKARTA,1.0,1800000,0.021826443263418396,-6.1384,106.8639,28.52,32.95,25.26,74.55,3.29,NASA_POWER,1.85,0.54,73.72,27.67,26.81,-0.898139202141462,-1.8799765450927477,0.567706472020146,0.7056667887705133,1800000,0.17142857142857143,not_synthetic_real_observed,0.6666666666666666
JAKARTA UTARA,2018,11,2018-11-01,real_jakarta,8,0,True,kota,DKI JAKARTA,1.0,1800000,0.023286948760598808,-6.1384,106.8639,28.12,33.64,25.73,78.78,5.94,NASA_POWER,3.29,1.85,74.55,28.52,27.67,-0.6076142037699819,-1.6814867547218206,1.3239468834148889,0.8069065381330651,1800000,0.17142857142857143,not_synthetic_real_observed,0.4444444444444444
JAKARTA UTARA,2018,12,2018-12-01,real_jakarta,11,0,True,kota,DKI JAKARTA,1.0,1800000,0.028236439612154652,-6.1384,106.8639,27.75,32.03,24.86,80.52,6.65,NASA_POWER,5.94,3.29,78.78,28.12,28.52,-0.07296750537802195,-0.6699062568073333,0.9680690427585397,0.9704677006504904,1800000,0.17142857142857143,not_synthetic_real_observed,0.6111111111111112
JAKARTA UTARA,2019,1,2019-01-01,real_jakarta,72,0,True,kota,DKI JAKARTA,1.0,1800000,0.10434500385411173,-6.1384,106.8639,27.32,31.21,25.05,83.93,13.54,NASA_POWER,6.65,5.94,80.52,27.75,28.12,0.07027745909680502,-0.25379513000563086,0.6388820401514146,1.0171062078715283,1800000,0.17142857142857143,not_synthetic_real_observed,4.0
JAKARTA UTARA,2019,2,2019-02-01,real_jakarta,156,0,True,kota,DKI JAKARTA,1.0,1800000,0.13298713943770538,-6.1384,106.8639,27.66,30.85,25.13,82.3,8.96,NASA_POWER,13.54,6.65,83.93,27.32,27.75,1.4603588749159004,0.5616870207954116,0.25631336144583816,1.2880382013892182,1800000,0.17142857142857143,not_synthetic_real_observed,8.666666666666666
JAKARTA UTARA,2019,3,2019-03-01,real_jakarta,221,0,True,kota,DKI JAKARTA,1.0,1800000,0.19465292709643392,-6.1384,106.8639,27.65,31.26,24.6,81.75,8.07,NASA_POWER,8.96,13.54,82.3,27.66,27.32,0.5363279773177211,0.17188176982599726,0.5588095260037359,1.1255778498804445,1800000,0.17142857142857143,not_synthetic_real_observed,12.277777777777779
JAKARTA UTARA,2019,4,2019-04-01,real_jakarta,118,0,True,kota,DKI JAKARTA,1.0,1800000,0.16191326220130633,-6.1384,106.8639,28.18,31.05,25.56,82.84,8.43,NASA_POWER,8.07,8.96,81.75,27.65,27.66,0.35676738804645897,0.04035239066453989,0.5499125799873258,1.085045976272789,1800000,0.17142857142857143,not_synthetic_real_observed,6.555555555555555
JAKARTA UTARA,2019,5,2019-05-01,real_jakarta,144,0,True,kota,DKI JAKARTA,1.0,1800000,0.14970181346099234,-6.1384,106.8639,28.08,31.25,25.3,81.97,5.41,NASA_POWER,8.43,8.07,82.84,28.18,27.65,0.4293986376393289,0.3010197057299757,1.021450718856991,1.1455843021617467,1800000,0.17142857142857143,not_synthetic_real_observed,8.0
JAKARTA UTARA,2019,6,2019-06-01,real_jakarta,116,0,True,kota,DKI JAKARTA,1.0,1800000,0.08896912653657349,-6.1384,106.8639,27.39,30.74,23.63,79.4,1.21,NASA_POWER,5.41,8.43,81.97,28.08,28.18,-0.17989684505641398,0.09296414232912283,0.9324812586929022,1.0289359504090954,1800000,0.17142857142857143,not_synthetic_real_observed,6.444444444444445
JAKARTA UTARA,2019,7,2019-07-01,real_jakarta,28,0,True,kota,DKI JAKARTA,1.0,1800000,0.048683516572680434,-6.1384,106.8639,26.62,30.25,22.15,79.25,0.63,NASA_POWER,1.21,5.41,79.4,27.39,28.08,-1.0272614236398976,-0.5216367748435068,0.31859198356069973,0.8096767081476997,1800000,0.17142857142857143,not_synthetic_real_observed,1.5555555555555556
JAKARTA UTARA,2019,8,2019-08-01,real_jakarta,20,0,True,kota,DKI JAKARTA,1.0,1800000,0.027506186863564444,-6.1384,106.8639,26.57,30.27,22.22,76.2,0.24,NASA_POWER,0.63,1.21,79.25,26.62,27.39,-1.144278436872855,-0.557508423705724,-0.36647285970277443,0.7542837491133607,1800000,0.17142857142857143,not_synthetic_real_observed,1.1111111111111112
JAKARTA UTARA,2019,9,2019-09-01,real_jakarta,6,0,True,kota,DKI JAKARTA,1.0,1800000,0.01789119234046006,-6.1384,106.8639,27.51,32.52,22.73,73.31,0.13,NASA_POWER,0.24,0.63,76.2,26.57,26.62,-1.222962290598464,-1.286898617237445,-0.41095758978481883,0.6673179151972449,1800000,0.17142857142857143,not_synthetic_real_observed,0.3333333333333333
JAKARTA UTARA,2019,10,2019-10-01,real_jakarta,10,0,True,kota,DKI JAKARTA,1.0,1800000,0.021826443263418396,-6.1384,106.8639,28.68,34.16,24.46,71.5,2.06,NASA_POWER,0.13,0.24,73.31,27.51,26.57,-1.2451551724185077,-1.9780257186494703,0.42535533575760576,0.6366919190601571,1800000,0.17142857142857143,not_synthetic_real_observed,0.5555555555555556
JAKARTA UTARA,2019,11,2019-11-01,real_jakarta,10,0,True,kota,DKI JAKARTA,1.0,1800000,0.023286948760598808,-6.1384,106.8639,28.7,33.25,24.92,74.45,4.98,NASA_POWER,2.06,0.13,71.5,28.68,27.51,-0.8557709732122877,-2.410876948253542,1.4662980196774291,0.7038615601766741,1800000,0.17142857142857143,not_synthetic_real_observed,0.5555555555555556
JAKARTA UTARA,2019,12,2019-12-01,real_jakarta,21,0,True,kota,DKI JAKARTA,1.0,1800000,0.028236439612154652,-6.1384,106.8639,28.23,32.16,25.76,79.68,8.45,NASA_POWER,4.98,2.06,74.45,28.7,28.68,-0.2666508376256753,-1.7054011872966297,1.4840919117102462,0.8636668512119979,1800000,0.17142857142857143,not_synthetic_real_observed,1.1666666666666665
JAKARTA UTARA,2020,1,2020-01-01,real_jakarta,43,0,True,kota,DKI JAKARTA,1.0,1800000,0.10434500385411173,-6.1384,106.8639,27.49,30.71,25.01,84.41,12.47,NASA_POWER,8.45,4.98,79.68,28.23,28.7,0.4334337070611549,-0.4546763636340369,1.0659354489390356,1.0728441921427212,1800000,0.17142857142857143,not_synthetic_real_observed,2.388888888888889
JAKARTA UTARA,2020,2,2020-02-01,real_jakarta,62,0,True,kota,DKI JAKARTA,1.0,1800000,0.13298713943770538,-6.1384,106.8639,27.38,30.84,25.45,85.87,20.58,NASA_POWER,12.47,8.45,84.41,27.49,28.23,1.2444826608482038,0.6764762971544998,0.4075614437247855,1.2746981010289198,1800000,0.17142857142857143,not_synthetic_real_observed,3.4444444444444446
JAKARTA UTARA,2020,3,2020-03-01,real_jakarta,130,0,True,kota,DKI JAKARTA,1.0,1800000,0.19465292709643392,-6.1384,106.8639,27.72,30.3,25.83,84.45,10.8,NASA_POWER,20.58,12.47,85.87,27.38,27.49,2.8807033113986917,1.0256270127467357,0.3096950375442896,1.5501529498616917,1800000,0.17142857142857143,not_synthetic_real_observed,7.222222222222222
JAKARTA UTARA,2020,4,2020-04-01,real_jakarta,142,0,True,kota,DKI JAKARTA,1.0,1800000,0.16191326220130633,-6.1384,106.8639,27.98,31.33,25.64,83.46,6.87,NASA_POWER,10.8,20.58,84.45,27.72,27.38,0.9075543641257233,0.6860420701844255,0.6121912021021874,1.2353469217424102,1800000,0.17142857142857143,not_synthetic_real_observed,7.888888888888889
JAKARTA UTARA,2020,5,2020-05-01,real_jakarta,80,0,True,kota,DKI JAKARTA,1.0,1800000,0.14970181346099234,-6.1384,106.8639,28.1,31.22,26.03,84.29,5.62,NASA_POWER,6.87,10.8,83.46,27.98,27.72,0.11466322273689221,0.44928918769379883,0.8435117985288165,1.1043039921063547,1800000,0.17142857142857143,not_synthetic_real_observed,4.444444444444445
JAKARTA UTARA,2020,6,2020-06-01,real_jakarta,38,0,True,kota,DKI JAKARTA,1.0,1800000,0.08896912653657349,-6.1384,106.8639,27.63,30.46,25.19,83.37,2.08,NASA_POWER,5.62,6.87,84.29,28.1,27.98,-0.1375286161272398,0.6477789780647294,0.9502751507257224,1.091662362923673,1800000,0.17142857142857143,not_synthetic_real_observed,2.111111111111111
JAKARTA UTARA,2020,7,2020-07-01,real_jakarta,23,0,True,kota,DKI JAKARTA,1.0,1800000,0.048683516572680434,-6.1384,106.8639,27.16,30.0,23.89,81.58,2.79,NASA_POWER,2.08,5.62,83.37,27.63,28.1,-0.8517359037904617,0.42776619837647195,0.5321186879545086,0.9416221686668034,1800000,0.17142857142857143,not_synthetic_real_observed,1.2777777777777777
JAKARTA UTARA,2020,8,2020-08-01,real_jakarta,9,0,True,kota,DKI JAKARTA,1.0,1800000,0.027506186863564444,-6.1384,106.8639,27.19,30.56,23.8,82.07,1.8,NASA_POWER,2.79,2.08,81.58,27.16,27.63,-0.7084909393156347,-0.0003021447126384607,0.11396222518329788,0.8993942558905558,1800000,0.17142857142857143,not_synthetic_real_observed,0.5
JAKARTA UTARA,2020,9,2020-09-01,real_jakarta,4,0,True,kota,DKI JAKARTA,1.0,1800000,0.01789119234046006,-6.1384,106.8639,27.67,31.15,24.78,79.39,3.87,NASA_POWER,1.8,2.79,82.07,27.19,27.16,-0.9082268756960273,0.11687857490393203,0.14065306323252516,0.8824864792976154,1800000,0.17142857142857143,not_synthetic_real_observed,0.2222222222222222
JAKARTA UTARA,2020,10,2020-10-01,real_jakarta,3,0,True,kota,DKI JAKARTA,1.0,1800000,0.021826443263418396,-6.1384,106.8639,27.69,31.38,25.34,81.25,6.64,NASA_POWER,3.87,1.8,79.39,27.67,27.19,-0.4905971905370246,-0.524028218100989,0.567706472020146,0.9023929232103547,1800000,0.17142857142857143,not_synthetic_real_observed,0.16666666666666666
JAKARTA UTARA,2020,11,2020-11-01,real_jakarta,4,0,True,kota,DKI JAKARTA,1.0,1800000,0.023286948760598808,-6.1384,106.8639,27.85,31.59,24.93,81.3,7.96,NASA_POWER,6.64,3.87,81.25,27.69,27.67,0.06825992438589183,-0.07921977220951287,0.5855003640529631,1.0315920296395806,1800000,0.17142857142857143,not_synthetic_real_observed,0.2222222222222222
JAKARTA UTARA,2020,12,2020-12-01,real_jakarta,4,0,True,kota,DKI JAKARTA,1.0,1800000,0.028236439612154652,-6.1384,106.8639,26.95,30.34,24.6,85.2,7.41,NASA_POWER,7.96,6.64,81.3,27.85,27.69,0.33457450622641527,-0.06726255592210828,0.7278515003155035,1.0798524953575268,1800000,0.17142857142857143,not_synthetic_real_observed,0.2222222222222222
KABUPATEN KEPULAUAN SERIBU,2015,1,2015-01-01,real_jakarta,0,0,True,kabupaten,DKI JAKARTA,1.0,30000,0.10434500385411173,-5.7985,106.5072,26.43,29.36,24.28,85.04,13.1,NASA_POWER,13.1,13.1,85.04,26.43,26.43,1.371587347635726,0.8271372223758086,-0.535514834014542,1.2616760826822127,30000,0.002857142857142857,not_synthetic_real_observed,0.0
KABUPATEN KEPULAUAN SERIBU,2015,2,2015-02-01,real_jakarta,1,0,True,kabupaten,DKI JAKARTA,1.0,30000,0.13298713943770538,-5.7985,106.5072,26.42,29.69,24.23,84.88,19.72,NASA_POWER,13.1,19.72,85.04,26.43,26.42,1.371587347635726,0.8271372223758086,-0.535514834014542,1.2616760826822127,30000,0.002857142857142857,not_synthetic_real_observed,3.3333333333333335
KABUPATEN KEPULAUAN SERIBU,2015,3,2015-03-01,real_jakarta,0,0,True,kabupaten,DKI JAKARTA,1.0,30000,0.19465292709643392,-5.7985,106.5072,26.95,30.71,24.47,83.36,9.76,NASA_POWER,19.72,13.1,84.88,26.42,26.43,2.707195326260169,0.7888741302561091,-0.544411780030949,1.4577461229630888,30000,0.002857142857142857,not_synthetic_real_observed,0.0
KABUPATEN KEPULAUAN SERIBU,2015,4,2015-04-01,real_jakarta,4,2,True,kabupaten,DKI JAKARTA,1.0,30000,0.16191326220130633,-5.7985,106.5072,27.31,30.98,25.0,83.08,6.42,NASA_POWER,9.76,19.72,83.36,26.95,26.42,0.6977307541907654,0.42537475511898964,-0.07287364116128685,1.1435534065824495,30000,0.002857142857142857,not_synthetic_real_observed,13.333333333333334
KABUPATEN KEPULAUAN SERIBU,2015,5,2015-05-01,real_jakarta,4,0,True,kabupaten,DKI JAKARTA,1.0,30000,0.14970181346099234,-5.7985,106.5072,27.48,30.61,24.27,82.22,2.79,NASA_POWER,6.42,9.76,83.08,27.31,26.95,0.023874160745804646,0.3584143439095198,0.24741641542942802,1.051793379274294,30000,0.002857142857142857,not_synthetic_real_observed,13.333333333333334
KABUPATEN KEPULAUAN SERIBU,2015,6,2015-06-01,real_jakarta,0,0,True,kabupaten,DKI JAKARTA,1.0,30000,0.08896912653657349,-5.7985,106.5072,27.25,30.46,23.9,80.28,2.39,NASA_POWER,2.79,6.42,82.22,27.48,27.31,-0.7084909393156347,0.15275022376614922,0.3986644977083785,0.9289346063646886,30000,0.002857142857142857,not_synthetic_real_observed,0.0
KABUPATEN KEPULAUAN SERIBU,2015,7,2015-07-01,real_jakarta,1,0,True,kabupaten,DKI JAKARTA,1.0,30000,0.048683516572680434,-5.7985,106.5072,26.6,30.11,23.14,80.76,0.8,NASA_POWER,2.39,2.79,80.28,27.25,27.48,-0.7891923277521569,-0.31118976818517496,0.1940347393309766,0.8602039109852079,30000,0.002857142857142857,not_synthetic_real_observed,3.3333333333333335
KABUPATEN KEPULAUAN SERIBU,2015,8,2015-08-01,real_jakarta,0,0,True,kabupaten,DKI JAKARTA,1.0,30000,0.027506186863564444,-5.7985,106.5072,26.84,31.46,22.89,77.82,0.83,NASA_POWER,0.8,2.39,80.76,26.6,27.25,-1.1099803467873328,-0.19640049182608335,-0.38426675173559155,0.7946495612125122,30000,0.002857142857142857,not_synthetic_real_observed,0.0
KABUPATEN KEPULAUAN SERIBU,2015,9,2015-09-01,real_jakarta,0,0,True,kabupaten,DKI JAKARTA,1.0,30000,0.01789119234046006,-5.7985,106.5072,27.64,32.82,23.27,72.24,0.44,NASA_POWER,0.83,0.8,77.82,26.84,26.6,-1.1039277426545937,-0.8994848095255165,-0.1707400473417827,0.7359253552821702,30000,0.002857142857142857,not_synthetic_real_observed,0.0
KABUPATEN KEPULAUAN SERIBU,2015,10,2015-10-01,real_jakarta,0,0,True,kabupaten,DKI JAKARTA,1.0,30000,0.021826443263418396,-5.7985,106.5072,28.5,33.48,24.46,71.74,0.83,NASA_POWER,0.44,0.83,72.24,27.64,26.84,-1.1826115963802029,-2.233910147199945,0.5410156339709188,0.6262680275215209,30000,0.002857142857142857,not_synthetic_real_observed,0.0
KABUPATEN KEPULAUAN SERIBU,2015,11,2015-11-01,real_jakarta,0,0,True,kabupaten,DKI JAKARTA,1.0,30000,0.023286948760598808,-5.7985,106.5072,28.65,33.15,25.58,75.36,5.05,NASA_POWER,0.83,0.44,71.74,28.5,27.64,-1.1039277426545937,-2.3534823100739977,1.3061529913820715,0.6643702571635148,30000,0.002857142857142857,not_synthetic_real_observed,0.0
KABUPATEN KEPULAUAN SERIBU,2015,12,2015-12-01,real_jakarta,0,0,True,kabupaten,DKI JAKARTA,1.0,30000,0.028236439612154652,-5.7985,106.5072,27.71,31.05,24.91,81.15,8.01,NASA_POWER,5.05,0.83,75.36,28.65,28.5,-0.25252809464928405,-1.4877798508658546,1.4396071816282017,0.885323159797432,30000,0.002857142857142857,not_synthetic_real_observed,0.0
KABUPATEN KEPULAUAN SERIBU,2016,1,2016-01-01,real_jakarta,0,0,False,kabupaten,DKI JAKARTA,1.0,30000,0.10434500385411173,-5.7985,106.5072,27.9,31.65,24.85,81.97,6.63,NASA_POWER,8.01,5.05,81.15,27.71,28.65,0.3446621797809805,-0.10313420478432207,0.6032942560857804,1.0715506192930038,30000,0.002857142857142857,not_synthetic_real_observed,0.0
KABUPATEN KEPULAUAN SERIBU,2016,2,2016-02-01,real_jakarta,0,0,False,kabupaten,DKI JAKARTA,1.0,30000,0.13298713943770538,-5.7985,106.5072,27.28,30.98,24.99,84.81,19.22,NASA_POWER,6.63,8.01,81.97,27.9,27.71,0.06624238967497882,0.09296414232912283,0.7723362303975447,1.0578495842040365,30000,0.002857142857142857,not_synthetic_real_observed,0.0
KABUPATEN KEPULAUAN SERIBU,2017,1,2017-01-01,real_jakarta,0,0,True,kabupaten,DKI JAKARTA,1.0,30000,0.10434500385411173,-5.7985,106.5072,26.76,30.18,24.93,85.25,10.77,NASA_POWER,5.07,9.39,84.26,26.98,27.15,-0.24849302522745786,0.640604648292286,-0.04618280311205955,1.024477370889507,30000,0.002857142857142857,not_synthetic_real_observed,0.0
KABUPATEN KEPULAUAN SERIBU,2017,2,2017-02-01,real_jakarta,1,0,True,kabupaten,DKI JAKARTA,1.0,30000,0.13298713943770538,-5.7985,106.5072,26.58,29.16,24.74,86.62,23.89,NASA_POWER,10.77,5.07,85.25,26.76,26.98,0.901501759992984,0.8773575307829092,-0.24191561547305127,1.210865236303586,30000,0.002857142857142857,not_synthetic_real_observed,3.3333333333333335
KABUPATEN KEPULAUAN SERIBU,2017,3,2017-03-01,real_jakarta,0,0,True,kabupaten,DKI JAKARTA,1.0,30000,0.19465292709643392,-5.7985,106.5072,27.06,29.84,24.79,83.59,7.16,NASA_POWER,23.89,10.77,86.62,26.58,26.76,3.548507300710914,1.204985257057815,-0.40206064376841183,1.6,30000,0.002857142857142857,not_synthetic_real_observed,0.0
KABUPATEN KEPULAUAN SERIBU,2017,4,2017-04-01,real_jakarta,0,0,True,kabupaten,DKI JAKARTA,1.0,30000,0.16191326220130633,-5.7985,106.5072,27.1,30.44,25.0,85.27,7.59,NASA_POWER,7.16,23.89,83.59,27.06,26.58,0.17317172935337083,0.4803779500410549,0.024992765019209016,1.0752631926580716,30000,0.002857142857142857,not_synthetic_real_observed,0.0
KABUPATEN KEPULAUAN SERIBU,2017,5,2017-05-01,real_jakarta,0,0,True,kabupaten,DKI JAKARTA,1.0,30000,0.14970181346099234,-5.7985,106.5072,27.7,30.89,24.68,82.48,6.7,NASA_POWER,7.59,7.16,85.27,27.1,27.06,0.2599257219226322,0.8821404172978704,0.06058054908484646,1.1302319274724242,30000,0.002857142857142857,not_synthetic_real_observed,0.0
KABUPATEN KEPULAUAN SERIBU,2017,6,2017-06-01,real_jakarta,0,0,True,kabupaten,DKI JAKARTA,1.0,30000,0.08896912653657349,-5.7985,106.5072,27.1,30.4,24.38,83.63,5.47,NASA_POWER,6.7,7.59,82.48,27.7,27.1,0.08036513265137027,0.21492774846065787,0.5943973100693701,1.06326741024724,30000,0.002857142857142857,not_synthetic_real_observed,0.0
KABUPATEN KEPULAUAN SERIBU,2017,7,2017-07-01,real_jakarta,0,0,True,kabupaten,DKI JAKARTA,1.0,30000,0.048683516572680434,-5.7985,106.5072,26.94,30.03,23.41,81.21,3.9,NASA_POWER,5.47,6.7,83.63,27.1,27.7,-0.16779163679093573,0.4899437230709772,0.06058054908484646,1.0268546542426997,30000,0.002857142857142857,not_synthetic_real_observed,0.0
KABUPATEN KEPULAUAN SERIBU,2017,8,2017-08-01,real_jakarta,0,0,True,kabupaten,DKI JAKARTA,1.0,30000,0.027506186863564444,-5.7985,106.5072,26.8,30.05,23.39,79.07,1.12,NASA_POWER,3.9,5.47,81.21,26.94,27.1,-0.4845445864042855,-0.0887855452394386,-0.08177058717769384,0.9143512281565287,30000,0.002857142857142857,not_synthetic_real_observed,0.0
KABUPATEN KEPULAUAN SERIBU,2017,9,2017-09-01,real_jakarta,0,0,True,kabupaten,DKI JAKARTA,1.0,30000,0.01789119234046006,-5.7985,106.5072,27.3,31.37,23.88,78.76,3.11,NASA_POWER,1.12,3.9,79.07,26.8,26.94,-1.0454192360381152,-0.6005544023403846,-0.20632783140741698,0.7728152827898734,30000,0.002857142857142857,not_synthetic_real_observed,0.0
KABUPATEN KEPULAUAN SERIBU,2017,10,2017-10-01,real_jakarta,0,0,True,kabupaten,DKI JAKARTA,1.0,30000,0.021826443263418396,-5.7985,106.5072,27.71,31.49,24.95,81.3,6.18,NASA_POWER,3.11,1.12,78.76,27.3,26.8,-0.6439298285664169,-0.6746891433222945,0.23851946941302102,0.847867584853459,30000,0.002857142857142857,not_synthetic_real_observed,0.0
KABUPATEN KEPULAUAN SERIBU,2017,11,2017-11-01,real_jakarta,0,0,True,kabupaten,DKI JAKARTA,1.0,30000,0.023286948760598808,-5.7985,106.5072,27.61,31.23,24.96,82.15,10.52,NASA_POWER,6.18,3.11,81.3,27.71,27.3,-0.024546672316108745,-0.06726255592210828,0.6032942560857804,1.019756456364662,30000,0.002857142857142857,not_synthetic_real_observed,0.0
KABUPATEN KEPULAUAN SERIBU,2017,12,2017-12-01,real_jakarta,0,0,True,kabupaten,DKI JAKARTA,1.0,30000,0.028236439612154652,-5.7985,106.5072,26.97,30.43,24.64,84.15,9.32,NASA_POWER,10.52,6.18,82.15,27.61,27.71,0.8510633922201576,0.13601012096378345,0.5143247959216914,1.1669767607254866,30000,0.002857142857142857,not_synthetic_real_observed,0.0
KABUPATEN KEPULAUAN SERIBU,2018,1,2018-01-01,real_jakarta,0,0,True,kabupaten,DKI JAKARTA,1.0,30000,0.10434500385411173,-5.7985,106.5072,26.89,29.84,24.91,84.24,6.66,NASA_POWER,9.32,10.52,84.15,26.97,27.61,0.608959226910591,0.6142987724599945,-0.0550797491284697,1.1500197738261644,30000,0.002857142857142857,not_synthetic_real_observed,0.0
KABUPATEN KEPULAUAN SERIBU,2018,2,2018-02-01,real_jakarta,0,0,True,kabupaten,DKI JAKARTA,1.0,30000,0.13298713943770538,-5.7985,106.5072,26.61,29.2,24.6,85.65,17.62,NASA_POWER,6.66,9.32,84.24,26.89,26.97,0.07229499380771803,0.6358217617773214,-0.12625531725973826,1.068113659385903,30000,0.002857142857142857,not_synthetic_real_observed,0.0
KABUPATEN KEPULAUAN SERIBU,2018,3,2018-03-01,real_jakarta,0,0,True,kabupaten,DKI JAKARTA,1.0,30000,0.19465292709643392,-5.7985,106.5072,27.23,30.51,24.89,82.61,10.94,NASA_POWER,17.62,6.66,85.65,26.61,26.89,2.2835130369684276,0.9730152610821529,-0.37536980571918455,1.4210599913675201,30000,0.002857142857142857,not_synthetic_real_observed,0.0
KABUPATEN KEPULAUAN SERIBU,2018,4,2018-04-01,real_jakarta,0,0,True,kabupaten,DKI JAKARTA,1.0,30000,0.16191326220130633,-5.7985,106.5072,27.7,30.7,25.31,82.66,9.03,NASA_POWER,10.94,17.62,82.61,27.23,26.61,0.9357998500785059,0.2460165108079105,0.17624084729815945,1.1737836709574752,30000,0.002857142857142857,not_synthetic_real_observed,0.0
KABUPATEN KEPULAUAN SERIBU,2018,5,2018-05-01,real_jakarta,0,0,True,kabupaten,DKI JAKARTA,1.0,30000,0.14970181346099234,-5.7985,106.5072,27.73,30.8,24.94,82.7,2.61,NASA_POWER,9.03,10.94,82.66,27.7,27.23,0.5504507202941121,0.25797372709531513,0.5943973100693701,1.138084846257117,30000,0.002857142857142857,not_synthetic_real_observed,0.0
KABUPATEN KEPULAUAN SERIBU,2018,6,2018-06-01,real_jakarta,4,0,True,kabupaten,DKI JAKARTA,1.0,30000,0.08896912653657349,-5.7985,106.5072,27.34,30.58,24.11,81.58,3.21,NASA_POWER,2.61,9.03,82.7,27.73,27.7,-0.7448065641120697,0.2675395001252408,0.6210881481185975,0.9460873728016436,30000,0.002857142857142857,not_synthetic_real_observed,13.333333333333334
KABUPATEN KEPULAUAN SERIBU,2018,7,2018-07-01,real_jakarta,1,0,True,kabupaten,DKI JAKARTA,1.0,30000,0.048683516572680434,-5.7985,106.5072,26.66,30.1,22.54,76.07,0.18,NASA_POWER,3.21,2.61,81.58,27.34,27.73,-0.6237544814572864,-0.0003021447126384607,0.27410725347865533,0.9201119759840759,30000,0.002857142857142857,not_synthetic_real_observed,3.3333333333333335
KABUPATEN KEPULAUAN SERIBU,2018,8,2018-08-01,real_jakarta,0,0,True,kabupaten,DKI JAKARTA,1.0,30000,0.027506186863564444,-5.7985,106.5072,26.73,30.57,22.78,75.8,0.9,NASA_POWER,0.18,3.21,76.07,26.66,27.34,-1.2350674988639423,-1.3179873795847012,-0.33088507563714015,0.6663968834300815,30000,0.002857142857142857,not_synthetic_real_observed,0.0
KABUPATEN KEPULAUAN SERIBU,2018,9,2018-09-01,real_jakarta,1,0,True,kabupaten,DKI JAKARTA,1.0,30000,0.01789119234046006,-5.7985,106.5072,27.33,31.44,23.45,75.02,2.46,NASA_POWER,0.9,0.18,75.8,26.73,26.66,-1.0898049996782022,-1.3825563475366887,-0.2686064535222786,0.684843292618487,30000,0.002857142857142857,not_synthetic_real_observed,3.3333333333333335
KABUPATEN KEPULAUAN SERIBU,2018,10,2018-10-01,real_jakarta,1,0,True,kabupaten,DKI JAKARTA,1.0,30000,0.021826443263418396,-5.7985,106.5072,28.2,32.58,25.2,75.84,3.62,NASA_POWER,2.46,0.9,75.02,27.33,26.73,-0.7750695847757656,-1.5690889216202113,0.26521030746224517,0.7400911854947263,30000,0.002857142857142857,not_synthetic_real_observed,3.3333333333333335
KABUPATEN KEPULAUAN SERIBU,2018,11,2018-11-01,real_jakarta,1,0,True,kabupaten,DKI JAKARTA,1.0,30000,0.023286948760598808,-5.7985,106.5072,27.82,32.6,25.26,80.05,7.26,NASA_POWER,3.62,2.46,75.84,28.2,27.33,-0.5410355583098511,-1.372990574506763,1.0392446108898081,0.8335078393473365,30000,0.002857142857142857,not_synthetic_real_observed,3.3333333333333335
KABUPATEN KEPULAUAN SERIBU,2018,12,2018-12-01,real_jakarta,0,0,True,kabupaten,DKI JAKARTA,1.0,30000,0.028236439612154652,-5.7985,106.5072,27.38,31.44,24.78,81.65,6.5,NASA_POWER,7.26,3.62,80.05,27.82,28.2,0.19334707646250132,-0.3661929631072402,0.7011606622662762,1.0274407982719649,30000,0.002857142857142857,not_synthetic_real_observed,0.0
KABUPATEN KEPULAUAN SERIBU,2019,1,2019-01-01,real_jakarta,1,0,True,kabupaten,DKI JAKARTA,1.0,30000,0.10434500385411173,-5.7985,106.5072,27.23,30.51,24.95,83.93,12.85,NASA_POWER,6.5,7.26,81.65,27.38,27.82,0.04001443843310911,0.016437958089730694,0.3096950375442896,1.0231307134511538,30000,0.002857142857142857,not_synthetic_real_observed,3.3333333333333335
KABUPATEN KEPULAUAN SERIBU,2019,2,2019-02-01,real_jakarta,1,0,True,kabupaten,DKI JAKARTA,1.0,30000,0.13298713943770538,-5.7985,106.5072,27.48,30.43,25.21,82.62,8.25,NASA_POWER,12.85,6.5,83.93,27.23,27.38,1.3211489798628997,0.5616870207954116,0.17624084729815945,1.2631530914238842,30000,0.002857142857142857,not_synthetic_real_observed,3.3333333333333335
KABUPATEN KEPULAUAN SERIBU,2019,3,2019-03-01,real_jakarta,0,0,True,kabupaten,DKI JAKARTA,1.0,30000,0.19465292709643392,-5.7985,106.5072,27.38,30.66,24.85,82.73,9.81,NASA_POWER,8.25,12.85,82.62,27.48,27.23,0.39308301284289393,0.2484079540653928,0.3986644977083785,1.1037364722183922,30000,0.002857142857142857,not_synthetic_real_observed,0.0
KABUPATEN KEPULAUAN SERIBU,2019,4,2019-04-01,real_jakarta,0,0,True,kabupaten,DKI JAKARTA,1.0,30000,0.16191326220130633,-5.7985,106.5072,28.08,31.25,25.47,82.81,7.82,NASA_POWER,9.81,8.25,82.73,27.38,27.48,0.7078184277453308,0.2747138298976843,0.3096950375442896,1.1491288990287825,30000,0.002857142857142857,not_synthetic_real_observed,0.0
KABUPATEN KEPULAUAN SERIBU,2019,5,2019-05-01,real_jakarta,0,0,True,kabupaten,DKI JAKARTA,1.0,30000,0.14970181346099234,-5.7985,106.5072,28.08,30.9,25.54,81.44,4.96,NASA_POWER,7.82,9.81,82.81,28.08,27.38,0.30632902027363257,0.2938453759575323,0.9324812586929022,1.1219579535714432,30000,0.002857142857142857,not_synthetic_real_observed,0.0
KABUPATEN KEPULAUAN SERIBU,2019,6,2019-06-01,real_jakarta,0,0,True,kabupaten,DKI JAKARTA,1.0,30000,0.08896912653657349,-5.7985,106.5072,27.41,30.72,23.69,78.69,1.71,NASA_POWER,4.96,7.82,81.44,28.08,28.08,-0.27068590704750156,-0.03378235031737337,0.9324812586929022,1.0026429418457825,30000,0.002857142857142857,not_synthetic_real_observed,0.0
KABUPATEN KEPULAUAN SERIBU,2019,7,2019-07-01,real_jakarta,0,0,True,kabupaten,DKI JAKARTA,1.0,30000,0.048683516572680434,-5.7985,106.5072,26.76,30.17,23.01,77.96,1.18,NASA_POWER,1.71,4.96,78.69,27.41,28.08,-0.9263846880942448,-0.6914292461246636,0.3363858755935169,0.8087186659530727,30000,0.002857142857142857,not_synthetic_real_observed,0.0
KABUPATEN KEPULAUAN SERIBU,2019,8,2019-08-01,real_jakarta,0,0,True,kabupaten,DKI JAKARTA,1.0,30000,0.027506186863564444,-5.7985,106.5072,26.57,30.44,22.18,75.81,0.38,NASA_POWER,1.18,1.71,77.96,26.76,27.41,-1.0333140277726367,-0.8660046039207816,-0.24191561547305127,0.7463066546683738,30000,0.002857142857142857,not_synthetic_real_observed,0.0
KABUPATEN KEPULAUAN SERIBU,2019,9,2019-09-01,real_jakarta,0,0,True,kabupaten,DKI JAKARTA,1.0,30000,0.01789119234046006,-5.7985,106.5072,27.5,32.4,22.41,72.92,0.24,NASA_POWER,0.38,1.18,75.81,26.57,26.76,-1.1947168046456813,-1.3801649042792064,-0.41095758978481883,0.6622281093859862,30000,0.002857142857142857,not_synthetic_real_observed,0.0
KABUPATEN KEPULAUAN SERIBU,2019,10,2019-10-01,real_jakarta,2,0,True,kabupaten,DKI JAKARTA,1.0,30000,0.021826443263418396,-5.7985,106.5072,28.4,34.2,23.93,72.32,2.57,NASA_POWER,0.24,0.38,72.92,27.5,26.57,-1.222962290598464,-2.0712920056912316,0.4164583897411956,0.630249375328167,30000,0.002857142857142857,not_synthetic_real_observed,6.666666666666667
KABUPATEN KEPULAUAN SERIBU,2019,11,2019-11-01,real_jakarta,2,0,True,kabupaten,DKI JAKARTA,1.0,30000,0.023286948760598808,-5.7985,106.5072,28.67,34.38,24.44,73.16,3.61,NASA_POWER,2.57,0.24,72.32,28.4,27.5,-0.752876702955722,-2.2147786011400967,1.2171835312179828,0.7264498110035311,30000,0.002857142857142857,not_synthetic_real_observed,6.666666666666667
KABUPATEN KEPULAUAN SERIBU,2019,12,2019-12-01,real_jakarta,0,0,True,kabupaten,DKI JAKARTA,1.0,30000,0.028236439612154652,-5.7985,106.5072,28.22,32.49,25.67,78.99,9.23,NASA_POWER,3.61,2.57,73.16,28.67,28.4,-0.5430530930207641,-2.0138973675116874,1.4574010736610221,0.7900223529787678,30000,0.002857142857142857,not_synthetic_real_observed,0.0
KABUPATEN KEPULAUAN SERIBU,2020,1,2020-01-01,real_jakarta,4,0,True,kabupaten,DKI JAKARTA,1.0,30000,0.10434500385411173,-5.7985,106.5072,27.44,30.24,25.18,84.33,15.38,NASA_POWER,9.23,3.61,78.99,28.22,28.67,0.5908014145123736,-0.6196859484002326,1.0570385029226252,1.079503542482964,30000,0.002857142857142857,not_synthetic_real_observed,13.333333333333334
KABUPATEN KEPULAUAN SERIBU,2020,2,2020-02-01,real_jakarta,1,0,True,kabupaten,DKI JAKARTA,1.0,30000,0.13298713943770538,-5.7985,106.5072,27.28,30.49,25.36,85.99,19.29,NASA_POWER,15.38,9.23,84.33,27.44,28.22,1.831585261723903,0.6573447510946517,0.3630767136427442,1.3586261000501878,30000,0.002857142857142857,not_synthetic_real_observed,3.3333333333333335
KABUPATEN KEPULAUAN SERIBU,2020,3,2020-03-01,real_jakarta,0,0,True,kabupaten,DKI JAKARTA,1.0,30000,0.19465292709643392,-5.7985,106.5072,27.61,30.26,25.47,84.68,12.12,NASA_POWER,19.29,15.38,85.99,27.28,27.44,2.620441333690908,1.054324331836506,0.2207255773802039,1.509534912106297,30000,0.002857142857142857,not_synthetic_real_observed,0.0
KABUPATEN KEPULAUAN SERIBU,2020,4,2020-04-01,real_jakarta,0,0,True,kabupaten,DKI JAKARTA,1.0,30000,0.16191326220130633,-5.7985,106.5072,27.9,31.4,25.44,83.39,7.38,NASA_POWER,12.12,19.29,84.68,27.61,27.28,1.1738689459662464,0.7410452651064907,0.5143247959216914,1.2759011082016707,30000,0.002857142857142857,not_synthetic_real_observed,0.0
KABUPATEN KEPULAUAN SERIBU,2020,5,2020-05-01,real_jakarta,0,0,True,kabupaten,DKI JAKARTA,1.0,30000,0.14970181346099234,-5.7985,106.5072,27.9,30.54,25.77,84.77,6.55,NASA_POWER,7.38,12.12,83.39,27.9,27.61,0.21755749299345803,0.43254908489143307,0.7723362303975447,1.1145053439580395,30000,0.002857142857142857,not_synthetic_real_observed,0.0
KABUPATEN KEPULAUAN SERIBU,2020,6,2020-06-01,real_jakarta,0,0,True,kabupaten,DKI JAKARTA,1.0,30000,0.08896912653657349,-5.7985,106.5072,27.4,30.61,25.17,83.49,2.83,NASA_POWER,6.55,7.38,84.77,27.9,27.9,0.05010211198767435,0.7625682544238176,0.7723362303975447,1.1223889537604101,30000,0.002857142857142857,not_synthetic_real_observed,0.0
KABUPATEN KEPULAUAN SERIBU,2020,7,2020-07-01,real_jakarta,0,0,True,kabupaten,DKI JAKARTA,1.0,30000,0.048683516572680434,-5.7985,106.5072,27.08,30.19,23.9,81.62,3.47,NASA_POWER,2.83,6.55,83.49,27.4,27.9,-0.7004208004719824,0.4564635174662423,0.32748892957710674,0.9569576781546822,30000,0.002857142857142857,not_synthetic_real_observed,0.0
KABUPATEN KEPULAUAN SERIBU,2020,8,2020-08-01,real_jakarta,0,0,True,kabupaten,DKI JAKARTA,1.0,30000,0.027506186863564444,-5.7985,106.5072,27.13,30.49,23.28,81.88,3.91,NASA_POWER,3.47,2.83,81.62,27.08,27.4,-0.5712985789735469,0.009263628317287257,0.04278665705202615,0.917370908838298,30000,0.002857142857142857,not_synthetic_real_observed,0.0
KABUPATEN KEPULAUAN SERIBU,2020,9,2020-09-01,real_jakarta,0,0,True,kabupaten,DKI JAKARTA,1.0,30000,0.01789119234046006,-5.7985,106.5072,27.43,30.75,24.36,80.29,4.66,NASA_POWER,3.91,3.47,81.88,27.13,27.08,-0.4825270516933724,0.07144115301179252,0.0872713871340706,0.9391286269038769,30000,0.002857142857142857,not_synthetic_real_observed,0.0
KABUPATEN KEPULAUAN SERIBU,2020,10,2020-10-01,real_jakarta,0,0,True,kabupaten,DKI JAKARTA,1.0,30000,0.021826443263418396,-5.7985,106.5072,27.35,30.96,25.01,82.36,6.81,NASA_POWER,4.66,3.91,80.29,27.43,27.13,-0.3312119483748932,-0.3087983249276927,0.354179767626334,0.9371473636323134,30000,0.002857142857142857,not_synthetic_real_observed,0.0
KABUPATEN KEPULAUAN SERIBU,2020,11,2020-11-01,real_jakarta,0,0,True,kabupaten,DKI JAKARTA,1.0,30000,0.023286948760598808,-5.7985,106.5072,27.61,31.12,24.82,82.17,5.14,NASA_POWER,6.81,4.66,82.36,27.35,27.43,0.10255801447141377,0.18623042937088413,0.28300419949506544,1.0481569550825538,30000,0.002857142857142857,not_synthetic_real_observed,0.0
KABUPATEN KEPULAUAN SERIBU,2020,12,2020-12-01,real_jakarta,0,0,True,kabupaten,DKI JAKARTA,1.0,30000,0.028236439612154652,-5.7985,106.5072,26.75,29.74,24.79,85.47,8.48,NASA_POWER,5.14,6.81,82.17,27.61,27.35,-0.2343702822510666,0.14079300747874463,0.5143247959216914,1.004639998206299,30000,0.002857142857142857,not_synthetic_real_observed,0.0
