kode_provinsi,nama_provinsi,bps_kode_kabupaten_kota,bps_nama_kabupaten_kota,bps_kode_kecamatan,kemendagri_kode_kecamatan,kemendagri_nama_kecamatan,satuan,kecamatan,puskesmas,jenis_kelamin,penderita_dbd,year,data_origin
32,JAWA BARAT,3273,KOTA BANDUNG,3273130,32.73.24,ARCAMANIK,ORANG,ARCAMANIK,UPT ARCAMANIK,LAKI-LAKI,89,2016,real_bandung_reference
32,JAWA BARAT,3273,KOTA BANDUNG,3273130,32.73.24,ARCAMANIK,ORANG,ARCAMANIK,UPT ARCAMANIK,PEREMPUAN,96,2016,real_bandung_reference
32,JAWA BARAT,3273,KOTA BANDUNG,3273150,32.73.16,KIARACONDONG,ORANG,KIARACONDONG,UPT BABAKAN SARI,LAKI-LAKI,126,2016,real_bandung_reference
32,JAWA BARAT,3273,KOTA BANDUNG,3273150,32.73.16,KIARACONDONG,ORANG,KIARACONDONG,UPT BABAKAN SARI,PEREMPUAN,77,2016,real_bandung_reference
32,JAWA BARAT,3273,KOTA BANDUNG,3273020,32.73.03,BABAKAN CIPARAY,ORANG,BABAKAN CIPARAY,UPT CARINGIN,LAKI-LAKI,48,2016,real_bandung_reference
32,JAWA BARAT,3273,KOTA BANDUNG,3273020,32.73.03,BABAKAN CIPARAY,ORANG,BABAKAN CIPARAY,UPT CARINGIN,PEREMPUAN,41,2016,real_bandung_reference
32,JAWA BARAT,3273,KOTA BANDUNG,3273030,32.73.04,BOJONGLOA KALER,ORANG,BOJONGLOA KALER,UPT CETARIP,LAKI-LAKI,33,2016,real_bandung_reference
32,JAWA BARAT,3273,KOTA BANDUNG,3273030,32.73.04,BOJONGLOA KALER,ORANG,BOJONGLOA KALER,UPT CETARIP,PEREMPUAN,31,2016,real_bandung_reference
32,JAWA BARAT,3273,KOTA BANDUNG,3273110,32.73.25,CIBIRU,ORANG,CIBIRU,UPT CIBIRU,LAKI-LAKI,53,2016,real_bandung_reference
32,JAWA BARAT,3273,KOTA BANDUNG,3273110,32.73.25,CIBIRU,ORANG,CIBIRU,UPT CIBIRU,PEREMPUAN,71,2016,real_bandung_reference
32,JAWA BARAT,3273,KOTA BANDUNG,3273010,32.73.15,BANDUNG KULON,ORANG,BANDUNG KULON,UPT CIBUNTU,LAKI-LAKI,73,2016,real_bandung_reference
32,JAWA BARAT,3273,KOTA BANDUNG,3273010,32.73.15,BANDUNG KULON,ORANG,BANDUNG KULON,UPT CIBUNTU,PEREMPUAN,63,2016,real_bandung_reference
32,JAWA BARAT,3273,KOTA BANDUNG,3273121,32.73.29,CINAMBO,ORANG,CINAMBO,UPT CINAMBO,LAKI-LAKI,17,2016,real_bandung_reference
32,JAWA BARAT,3273,KOTA BANDUNG,3273121,32.73.29,CINAMBO,ORANG,CINAMBO,UPT CINAMBO,PEREMPUAN,19,2016,real_bandung_reference
32,JAWA BARAT,3273,KOTA BANDUNG,3273100,32.73.23,RANCASARI,ORANG,RANCASARI,UPT CIPAMOKOLAN,LAKI-LAKI,103,2016,real_bandung_reference
32,JAWA BARAT,3273,KOTA BANDUNG,3273100,32.73.23,RANCASARI,ORANG,RANCASARI,UPT CIPAMOKOLAN,PEREMPUAN,103,2016,real_bandung_reference
32,JAWA BARAT,3273,KOTA BANDUNG,3273260,32.73.08,CIDADAP,ORANG,CIDADAP,UPT CIUMBULEUIT,LAKI-LAKI,39,2016,real_bandung_reference
32,JAWA BARAT,3273,KOTA BANDUNG,3273260,32.73.08,CIDADAP,ORANG,CIDADAP,UPT CIUMBULEUIT,PEREMPUAN,29,2016,real_bandung_reference
32,JAWA BARAT,3273,KOTA BANDUNG,3273180,32.73.05,ANDIR,ORANG,ANDIR,UPT GARUDA,LAKI-LAKI,62,2016,real_bandung_reference
32,JAWA BARAT,3273,KOTA BANDUNG,3273180,32.73.05,ANDIR,ORANG,ANDIR,UPT GARUDA,PEREMPUAN,44,2016,real_bandung_reference
32,JAWA BARAT,3273,KOTA BANDUNG,3273141,32.73.20,ANTAPANI,ORANG,ANTAPANI,UPT GRIYA ANTAPANI,LAKI-LAKI,99,2016,real_bandung_reference
32,JAWA BARAT,3273,KOTA BANDUNG,3273141,32.73.20,ANTAPANI,ORANG,ANTAPANI,UPT GRIYA ANTAPANI,PEREMPUAN,71,2016,real_bandung_reference
32,JAWA BARAT,3273,KOTA BANDUNG,3273160,32.73.12,BATUNUNGGAL,ORANG,BATUNUNGGAL,UPT IBRAHIM AJI,LAKI-LAKI,114,2016,real_bandung_reference
32,JAWA BARAT,3273,KOTA BANDUNG,3273160,32.73.12,BATUNUNGGAL,ORANG,BATUNUNGGAL,UPT IBRAHIM AJI,PEREMPUAN,96,2016,real_bandung_reference
32,JAWA BARAT,3273,KOTA BANDUNG,3273040,32.73.17,BOJONGLOA KIDUL,ORANG,BOJONGLOA KIDUL,UPT KOPO,LAKI-LAKI,55,2016,real_bandung_reference
32,JAWA BARAT,3273,KOTA BANDUNG,3273040,32.73.17,BOJONGLOA KIDUL,ORANG,BOJONGLOA KIDUL,UPT KOPO,PEREMPUAN,25,2016,real_bandung_reference
32,JAWA BARAT,3273,KOTA BANDUNG,3273080,32.73.21,BANDUNG KIDUL,ORANG,BANDUNG KIDUL,UPT KUJANGSARI,LAKI-LAKI,104,2016,real_bandung_reference
32,JAWA BARAT,3273,KOTA BANDUNG,3273080,32.73.21,BANDUNG KIDUL,ORANG,BANDUNG KIDUL,UPT KUJANGSARI,PEREMPUAN,59,2016,real_bandung_reference
32,JAWA BARAT,3273,KOTA BANDUNG,3273090,32.73.22,BUAHBATU,ORANG,BUAHBATU,UPT MARGAHAYU RAYA,LAKI-LAKI,145,2016,real_bandung_reference
32,JAWA BARAT,3273,KOTA BANDUNG,3273090,32.73.22,BUAHBATU,ORANG,BUAHBATU,UPT MARGAHAYU RAYA,PEREMPUAN,148,2016,real_bandung_reference
32,JAWA BARAT,3273,KOTA BANDUNG,3273220,32.73.18,CIBEUNYING KALER,ORANG,CIBEUNYING KALER,UPT NEGLASARI,LAKI-LAKI,73,2016,real_bandung_reference
32,JAWA BARAT,3273,KOTA BANDUNG,3273220,32.73.18,CIBEUNYING KALER,ORANG,CIBEUNYING KALER,UPT NEGLASARI,PEREMPUAN,71,2016,real_bandung_reference
32,JAWA BARAT,3273,KOTA BANDUNG,3273210,32.73.14,CIBEUNYING KIDUL,ORANG,CIBEUNYING KIDUL,UPT PADASUKA,LAKI-LAKI,67,2016,real_bandung_reference
32,JAWA BARAT,3273,KOTA BANDUNG,3273210,32.73.14,CIBEUNYING KIDUL,ORANG,CIBEUNYING KIDUL,UPT PADASUKA,PEREMPUAN,74,2016,real_bandung_reference
32,JAWA BARAT,3273,KOTA BANDUNG,3273050,32.73.10,ASTANA ANYAR,ORANG,ASTANAANYAR,UPT PAGARSIH,LAKI-LAKI,37,2016,real_bandung_reference
32,JAWA BARAT,3273,KOTA BANDUNG,3273050,32.73.10,ASTANA ANYAR,ORANG,ASTANAANYAR,UPT PAGARSIH,PEREMPUAN,30,2016,real_bandung_reference
32,JAWA BARAT,3273,KOTA BANDUNG,3273111,32.73.28,PANYILEUKAN,ORANG,PANYILEUKAN,UPT PANGHEGAR,LAKI-LAKI,24,2016,real_bandung_reference
32,JAWA BARAT,3273,KOTA BANDUNG,3273111,32.73.28,PANYILEUKAN,ORANG,PANYILEUKAN,UPT PANGHEGAR,PEREMPUAN,24,2016,real_bandung_reference
32,JAWA BARAT,3273,KOTA BANDUNG,3273190,32.73.06,CICENDO,ORANG,CICENDO,UPT PASIRKALIKI,LAKI-LAKI,50,2016,real_bandung_reference
32,JAWA BARAT,3273,KOTA BANDUNG,3273190,32.73.06,CICENDO,ORANG,CICENDO,UPT PASIRKALIKI,PEREMPUAN,58,2016,real_bandung_reference
32,JAWA BARAT,3273,KOTA BANDUNG,3273060,32.73.11,REGOL,ORANG,REGOL,UPT PASUNDAN,LAKI-LAKI,80,2016,real_bandung_reference
32,JAWA BARAT,3273,KOTA BANDUNG,3273060,32.73.11,REGOL,ORANG,REGOL,UPT PASUNDAN,PEREMPUAN,79,2016,real_bandung_reference
32,JAWA BARAT,3273,KOTA BANDUNG,3273230,32.73.02,COBLONG,ORANG,COBLONG,UPT PUTER,LAKI-LAKI,156,2016,real_bandung_reference
32,JAWA BARAT,3273,KOTA BANDUNG,3273230,32.73.02,COBLONG,ORANG,COBLONG,UPT PUTER,PEREMPUAN,136,2016,real_bandung_reference
32,JAWA BARAT,3273,KOTA BANDUNG,3273101,32.73.27,GEDEBAGE,ORANG,GEDEBAGE,UPT RIUNG BANDUNG,LAKI-LAKI,48,2016,real_bandung_reference
32,JAWA BARAT,3273,KOTA BANDUNG,3273101,32.73.27,GEDEBAGE,ORANG,GEDEBAGE,UPT RIUNG BANDUNG,PEREMPUAN,45,2016,real_bandung_reference
32,JAWA BARAT,3273,KOTA BANDUNG,3273200,32.73.09,BANDUNG WETAN,ORANG,BANDUNG WETAN,UPT SALAM,LAKI-LAKI,25,2016,real_bandung_reference
32,JAWA BARAT,3273,KOTA BANDUNG,3273200,32.73.09,BANDUNG WETAN,ORANG,BANDUNG WETAN,UPT SALAM,PEREMPUAN,14,2016,real_bandung_reference
32,JAWA BARAT,3273,KOTA BANDUNG,3273142,32.73.30,MANDALAJATI,ORANG,MANDALAJATI,UPT SINDANGJAYA,LAKI-LAKI,32,2016,real_bandung_reference
32,JAWA BARAT,3273,KOTA BANDUNG,3273142,32.73.30,MANDALAJATI,ORANG,MANDALAJATI,UPT SINDANGJAYA,PEREMPUAN,39,2016,real_bandung_reference
32,JAWA BARAT,3273,KOTA BANDUNG,3273240,32.73.07,SUKAJADI,ORANG,SUKAJADI,UPT SUKAJADI,LAKI-LAKI,52,2016,real_bandung_reference
32,JAWA BARAT,3273,KOTA BANDUNG,3273240,32.73.07,SUKAJADI,ORANG,SUKAJADI,UPT SUKAJADI,PEREMPUAN,45,2016,real_bandung_reference
32,JAWA BARAT,3273,KOTA BANDUNG,3273250,32.73.01,SUKASARI,ORANG,SUKASARI,UPT SUKARASA,LAKI-LAKI,42,2016,real_bandung_reference
32,JAWA BARAT,3273,KOTA BANDUNG,3273250,32.73.01,SUKASARI,ORANG,SUKASARI,UPT SUKARASA,PEREMPUAN,54,2016,real_bandung_reference
32,JAWA BARAT,3273,KOTA BANDUNG,3273070,32.73.13,LENGKONG,ORANG,LENGKONG,UPT TALAGABODAS,LAKI-LAKI,133,2016,real_bandung_reference
32,JAWA BARAT,3273,KOTA BANDUNG,3273070,32.73.13,LENGKONG,ORANG,LENGKONG,UPT TALAGABODAS,PEREMPUAN,93,2016,real_bandung_reference
32,JAWA BARAT,3273,KOTA BANDUNG,3273170,32.73.19,SUMUR BANDUNG,ORANG,SUMUR BANDUNG,UPT TAMBLONG,LAKI-LAKI,15,2016,real_bandung_reference
32,JAWA BARAT,3273,KOTA BANDUNG,3273170,32.73.19,SUMUR BANDUNG,ORANG,SUMUR BANDUNG,UPT TAMBLONG,PEREMPUAN,22,2016,real_bandung_reference
32,JAWA BARAT,3273,KOTA BANDUNG,3273120,32.73.26,UJUNGBERUNG,ORANG,UJUNG BERUNG,UPT UJUNGBERUNG INDAH,LAKI-LAKI,60,2016,real_bandung_reference
32,JAWA BARAT,3273,KOTA BANDUNG,3273120,32.73.26,UJUNGBERUNG,ORANG,UJUNG BERUNG,UPT UJUNGBERUNG INDAH,PEREMPUAN,69,2016,real_bandung_reference
32,JAWA BARAT,3273,KOTA BANDUNG,3273130,32.73.24,ARCAMANIK,ORANG,ARCAMANIK,UPT ARCAMANIK,LAKI-LAKI,40,2017,real_bandung_reference
32,JAWA BARAT,3273,KOTA BANDUNG,3273130,32.73.24,ARCAMANIK,ORANG,ARCAMANIK,UPT ARCAMANIK,PEREMPUAN,22,2017,real_bandung_reference
32,JAWA BARAT,3273,KOTA BANDUNG,3273150,32.73.16,KIARACONDONG,ORANG,KIARACONDONG,UPT BABAKAN SARI,LAKI-LAKI,68,2017,real_bandung_reference
32,JAWA BARAT,3273,KOTA BANDUNG,3273150,32.73.16,KIARACONDONG,ORANG,KIARACONDONG,UPT BABAKAN SARI,PEREMPUAN,46,2017,real_bandung_reference
32,JAWA BARAT,3273,KOTA BANDUNG,3273020,32.73.03,BABAKAN CIPARAY,ORANG,BABAKAN CIPARAY,UPT CARINGIN,LAKI-LAKI,9,2017,real_bandung_reference
32,JAWA BARAT,3273,KOTA BANDUNG,3273020,32.73.03,BABAKAN CIPARAY,ORANG,BABAKAN CIPARAY,UPT CARINGIN,PEREMPUAN,8,2017,real_bandung_reference
32,JAWA BARAT,3273,KOTA BANDUNG,3273030,32.73.04,BOJONGLOA KALER,ORANG,BOJONGLOA KALER,UPT CETARIP,LAKI-LAKI,16,2017,real_bandung_reference
32,JAWA BARAT,3273,KOTA BANDUNG,3273030,32.73.04,BOJONGLOA KALER,ORANG,BOJONGLOA KALER,UPT CETARIP,PEREMPUAN,8,2017,real_bandung_reference
32,JAWA BARAT,3273,KOTA BANDUNG,3273110,32.73.25,CIBIRU,ORANG,CIBIRU,UPT CIBIRU,LAKI-LAKI,14,2017,real_bandung_reference
32,JAWA BARAT,3273,KOTA BANDUNG,3273110,32.73.25,CIBIRU,ORANG,CIBIRU,UPT CIBIRU,PEREMPUAN,15,2017,real_bandung_reference
32,JAWA BARAT,3273,KOTA BANDUNG,3273010,32.73.15,BANDUNG KULON,ORANG,BANDUNG KULON,UPT CIBUNTU,LAKI-LAKI,17,2017,real_bandung_reference
32,JAWA BARAT,3273,KOTA BANDUNG,3273010,32.73.15,BANDUNG KULON,ORANG,BANDUNG KULON,UPT CIBUNTU,PEREMPUAN,8,2017,real_bandung_reference
32,JAWA BARAT,3273,KOTA BANDUNG,3273121,32.73.29,CINAMBO,ORANG,CINAMBO,UPT CINAMBO,LAKI-LAKI,16,2017,real_bandung_reference
32,JAWA BARAT,3273,KOTA BANDUNG,3273121,32.73.29,CINAMBO,ORANG,CINAMBO,UPT CINAMBO,PEREMPUAN,10,2017,real_bandung_reference
32,JAWA BARAT,3273,KOTA BANDUNG,3273100,32.73.23,RANCASARI,ORANG,RANCASARI,UPT CIPAMOKOLAN,LAKI-LAKI,50,2017,real_bandung_reference
32,JAWA BARAT,3273,KOTA BANDUNG,3273100,32.73.23,RANCASARI,ORANG,RANCASARI,UPT CIPAMOKOLAN,PEREMPUAN,39,2017,real_bandung_reference
32,JAWA BARAT,3273,KOTA BANDUNG,3273260,32.73.08,CIDADAP,ORANG,CIDADAP,UPT CIUMBULEUIT,LAKI-LAKI,8,2017,real_bandung_reference
32,JAWA BARAT,3273,KOTA BANDUNG,3273260,32.73.08,CIDADAP,ORANG,CIDADAP,UPT CIUMBULEUIT,PEREMPUAN,4,2017,real_bandung_reference
32,JAWA BARAT,3273,KOTA BANDUNG,3273180,32.73.05,ANDIR,ORANG,ANDIR,UPT GARUDA,LAKI-LAKI,16,2017,real_bandung_reference
32,JAWA BARAT,3273,KOTA BANDUNG,3273180,32.73.05,ANDIR,ORANG,ANDIR,UPT GARUDA,PEREMPUAN,17,2017,real_bandung_reference
32,JAWA BARAT,3273,KOTA BANDUNG,3273141,32.73.20,ANTAPANI,ORANG,ANTAPANI,UPT GRIYA ANTAPANI,LAKI-LAKI,52,2017,real_bandung_reference
32,JAWA BARAT,3273,KOTA BANDUNG,3273141,32.73.20,ANTAPANI,ORANG,ANTAPANI,UPT GRIYA ANTAPANI,PEREMPUAN,40,2017,real_bandung_reference
32,JAWA BARAT,3273,KOTA BANDUNG,3273160,32.73.12,BATUNUNGGAL,ORANG,BATUNUNGGAL,UPT IBRAHIM AJI,LAKI-LAKI,72,2017,real_bandung_reference
32,JAWA BARAT,3273,KOTA BANDUNG,3273160,32.73.12,BATUNUNGGAL,ORANG,BATUNUNGGAL,UPT IBRAHIM AJI,PEREMPUAN,59,2017,real_bandung_reference
32,JAWA BARAT,3273,KOTA BANDUNG,3273040,32.73.17,BOJONGLOA KIDUL,ORANG,BOJONGLOA KIDUL,UPT KOPO,LAKI-LAKI,9,2017,real_bandung_reference
32,JAWA BARAT,3273,KOTA BANDUNG,3273040,32.73.17,BOJONGLOA KIDUL,ORANG,BOJONGLOA KIDUL,UPT KOPO,PEREMPUAN,9,2017,real_bandung_reference
32,JAWA BARAT,3273,KOTA BANDUNG,3273080,32.73.21,BANDUNG KIDUL,ORANG,BANDUNG KIDUL,UPT KUJANGSARI,LAKI-LAKI,44,2017,real_bandung_reference
32,JAWA BARAT,3273,KOTA BANDUNG,3273080,32.73.21,BANDUNG KIDUL,ORANG,BANDUNG KIDUL,UPT KUJANGSARI,PEREMPUAN,38,2017,real_bandung_reference
32,JAWA BARAT,3273,KOTA BANDUNG,3273090,32.73.22,BUAHBATU,ORANG,BUAHBATU,UPT MARGAHAYU RAYA,LAKI-LAKI,78,2017,real_bandung_reference
32,JAWA BARAT,3273,KOTA BANDUNG,3273090,32.73.22,BUAHBATU,ORANG,BUAHBATU,UPT MARGAHAYU RAYA,PEREMPUAN,56,2017,real_bandung_reference
32,JAWA BARAT,3273,KOTA BANDUNG,3273220,32.73.18,CIBEUNYING KALER,ORANG,CIBEUNYING KALER,UPT NEGLASARI,LAKI-LAKI,35,2017,real_bandung_reference
32,JAWA BARAT,3273,KOTA BANDUNG,3273220,32.73.18,CIBEUNYING KALER,ORANG,CIBEUNYING KALER,UPT NEGLASARI,PEREMPUAN,29,2017,real_bandung_reference
32,JAWA BARAT,3273,KOTA BANDUNG,3273210,32.73.14,CIBEUNYING KIDUL,ORANG,CIBEUNYING KIDUL,UPT PADASUKA,LAKI-LAKI,50,2017,real_bandung_reference
32,JAWA BARAT,3273,KOTA BANDUNG,3273210,32.73.14,CIBEUNYING KIDUL,ORANG,CIBEUNYING KIDUL,UPT PADASUKA,PEREMPUAN,56,2017,real_bandung_reference
32,JAWA BARAT,3273,KOTA BANDUNG,3273050,32.73.10,ASTANA ANYAR,ORANG,ASTANAANYAR,UPT PAGARSIH,LAKI-LAKI,29,2017,real_bandung_reference
32,JAWA BARAT,3273,KOTA BANDUNG,3273050,32.73.10,ASTANA ANYAR,ORANG,ASTANAANYAR,UPT PAGARSIH,PEREMPUAN,29,2017,real_bandung_reference
32,JAWA BARAT,3273,KOTA BANDUNG,3273111,32.73.28,PANYILEUKAN,ORANG,PANYILEUKAN,UPT PANGHEGAR,LAKI-LAKI,17,2017,real_bandung_reference
32,JAWA BARAT,3273,KOTA BANDUNG,3273111,32.73.28,PANYILEUKAN,ORANG,PANYILEUKAN,UPT PANGHEGAR,PEREMPUAN,17,2017,real_bandung_reference
32,JAWA BARAT,3273,KOTA BANDUNG,3273190,32.73.06,CICENDO,ORANG,CICENDO,UPT PASIRKALIKI,LAKI-LAKI,19,2017,real_bandung_reference
32,JAWA BARAT,3273,KOTA BANDUNG,3273190,32.73.06,CICENDO,ORANG,CICENDO,UPT PASIRKALIKI,PEREMPUAN,15,2017,real_bandung_reference
32,JAWA BARAT,3273,KOTA BANDUNG,3273060,32.73.11,REGOL,ORANG,REGOL,UPT PASUNDAN,LAKI-LAKI,69,2017,real_bandung_reference
32,JAWA BARAT,3273,KOTA BANDUNG,3273060,32.73.11,REGOL,ORANG,REGOL,UPT PASUNDAN,PEREMPUAN,46,2017,real_bandung_reference
32,JAWA BARAT,3273,KOTA BANDUNG,3273230,32.73.02,COBLONG,ORANG,COBLONG,UPT PUTER,LAKI-LAKI,60,2017,real_bandung_reference
32,JAWA BARAT,3273,KOTA BANDUNG,3273230,32.73.02,COBLONG,ORANG,COBLONG,UPT PUTER,PEREMPUAN,67,2017,real_bandung_reference
32,JAWA BARAT,3273,KOTA BANDUNG,3273101,32.73.27,GEDEBAGE,ORANG,GEDEBAGE,UPT RIUNG BANDUNG,LAKI-LAKI,18,2017,real_bandung_reference
32,JAWA BARAT,3273,KOTA BANDUNG,3273101,32.73.27,GEDEBAGE,ORANG,GEDEBAGE,UPT RIUNG BANDUNG,PEREMPUAN,11,2017,real_bandung_reference
32,JAWA BARAT,3273,KOTA BANDUNG,3273200,32.73.09,BANDUNG WETAN,ORANG,BANDUNG WETAN,UPT SALAM,LAKI-LAKI,15,2017,real_bandung_reference
32,JAWA BARAT,3273,KOTA BANDUNG,3273200,32.73.09,BANDUNG WETAN,ORANG,BANDUNG WETAN,UPT SALAM,PEREMPUAN,9,2017,real_bandung_reference
32,JAWA BARAT,3273,KOTA BANDUNG,3273142,32.73.30,MANDALAJATI,ORANG,MANDALAJATI,UPT SINDANGJAYA,LAKI-LAKI,17,2017,real_bandung_reference
32,JAWA BARAT,3273,KOTA BANDUNG,3273142,32.73.30,MANDALAJATI,ORANG,MANDALAJATI,UPT SINDANGJAYA,PEREMPUAN,16,2017,real_bandung_reference
32,JAWA BARAT,3273,KOTA BANDUNG,3273240,32.73.07,SUKAJADI,ORANG,SUKAJADI,UPT SUKAJADI,LAKI-LAKI,17,2017,real_bandung_reference
32,JAWA BARAT,3273,KOTA BANDUNG,3273240,32.73.07,SUKAJADI,ORANG,SUKAJADI,UPT SUKAJADI,PEREMPUAN,19,2017,real_bandung_reference
32,JAWA BARAT,3273,KOTA BANDUNG,3273250,32.73.01,SUKASARI,ORANG,SUKASARI,UPT SUKARASA,LAKI-LAKI,18,2017,real_bandung_reference
32,JAWA BARAT,3273,KOTA BANDUNG,3273250,32.73.01,SUKASARI,ORANG,SUKASARI,UPT SUKARASA,PEREMPUAN,25,2017,real_bandung_reference
32,JAWA BARAT,3273,KOTA BANDUNG,3273070,32.73.13,LENGKONG,ORANG,LENGKONG,UPT TALAGABODAS,LAKI-LAKI,75,2017,real_bandung_reference
32,JAWA BARAT,3273,KOTA BANDUNG,3273070,32.73.13,LENGKONG,ORANG,LENGKONG,UPT TALAGABODAS,PEREMPUAN,63,2017,real_bandung_reference
32,JAWA BARAT,3273,KOTA BANDUNG,3273170,32.73.19,SUMUR BANDUNG,ORANG,SUMUR BANDUNG,UPT TAMBLONG,LAKI-LAKI,18,2017,real_bandung_reference
32,JAWA BARAT,3273,KOTA BANDUNG,3273170,32.73.19,SUMUR BANDUNG,ORANG,SUMUR BANDUNG,UPT TAMBLONG,PEREMPUAN,7,2017,real_bandung_reference
32,JAWA BARAT,3273,KOTA BANDUNG,3273120,32.73.26,UJUNGBERUNG,ORANG,UJUNG BERUNG,UPT UJUNGBERUNG INDAH,LAKI-LAKI,14,2017,real_bandung_reference
32,JAWA BARAT,3273,KOTA BANDUNG,3273120,32.73.26,UJUNGBERUNG,ORANG,UJUNG BERUNG,UPT UJUNGBERUNG INDAH,PEREMPUAN,18,2017,real_bandung_reference
32,JAWA BARAT,3273,KOTA BANDUNG,3273130,32.73.24,ARCAMANIK,ORANG,ARCAMANIK,UPT ARCAMANIK,LAKI-LAKI,52,2018,real_bandung_reference
32,JAWA BARAT,3273,KOTA BANDUNG,3273130,32.73.24,ARCAMANIK,ORANG,ARCAMANIK,UPT ARCAMANIK,PEREMPUAN,43,2018,real_bandung_reference
32,JAWA BARAT,3273,KOTA BANDUNG,3273150,32.73.16,KIARACONDONG,ORANG,KIARACONDONG,UPT BABAKAN SARI,LAKI-LAKI,103,2018,real_bandung_reference
32,JAWA BARAT,3273,KOTA BANDUNG,3273150,32.73.16,KIARACONDONG,ORANG,KIARACONDONG,UPT BABAKAN SARI,PEREMPUAN,72,2018,real_bandung_reference
32,JAWA BARAT,3273,KOTA BANDUNG,3273020,32.73.03,BABAKAN CIPARAY,ORANG,BABAKAN CIPARAY,UPT CARINGIN,LAKI-LAKI,38,2018,real_bandung_reference
32,JAWA BARAT,3273,KOTA BANDUNG,3273020,32.73.03,BABAKAN CIPARAY,ORANG,BABAKAN CIPARAY,UPT CARINGIN,PEREMPUAN,50,2018,real_bandung_reference
32,JAWA BARAT,3273,KOTA BANDUNG,3273030,32.73.04,BOJONGLOA KALER,ORANG,BOJONGLOA KALER,UPT CETARIP,LAKI-LAKI,40,2018,real_bandung_reference
32,JAWA BARAT,3273,KOTA BANDUNG,3273030,32.73.04,BOJONGLOA KALER,ORANG,BOJONGLOA KALER,UPT CETARIP,PEREMPUAN,49,2018,real_bandung_reference
32,JAWA BARAT,3273,KOTA BANDUNG,3273110,32.73.25,CIBIRU,ORANG,CIBIRU,UPT CIBIRU,LAKI-LAKI,52,2018,real_bandung_reference
32,JAWA BARAT,3273,KOTA BANDUNG,3273110,32.73.25,CIBIRU,ORANG,CIBIRU,UPT CIBIRU,PEREMPUAN,53,2018,real_bandung_reference
32,JAWA BARAT,3273,KOTA BANDUNG,3273010,32.73.15,BANDUNG KULON,ORANG,BANDUNG KULON,UPT CIBUNTU,LAKI-LAKI,26,2018,real_bandung_reference
32,JAWA BARAT,3273,KOTA BANDUNG,3273010,32.73.15,BANDUNG KULON,ORANG,BANDUNG KULON,UPT CIBUNTU,PEREMPUAN,21,2018,real_bandung_reference
32,JAWA BARAT,3273,KOTA BANDUNG,3273121,32.73.29,CINAMBO,ORANG,CINAMBO,UPT CINAMBO,LAKI-LAKI,15,2018,real_bandung_reference
32,JAWA BARAT,3273,KOTA BANDUNG,3273121,32.73.29,CINAMBO,ORANG,CINAMBO,UPT CINAMBO,PEREMPUAN,9,2018,real_bandung_reference
32,JAWA BARAT,3273,KOTA BANDUNG,3273100,32.73.23,RANCASARI,ORANG,RANCASARI,UPT CIPAMOKOLAN,LAKI-LAKI,58,2018,real_bandung_reference
32,JAWA BARAT,3273,KOTA BANDUNG,3273100,32.73.23,RANCASARI,ORANG,RANCASARI,UPT CIPAMOKOLAN,PEREMPUAN,42,2018,real_bandung_reference
32,JAWA BARAT,3273,KOTA BANDUNG,3273260,32.73.08,CIDADAP,ORANG,CIDADAP,UPT CIUMBULEUIT,LAKI-LAKI,22,2018,real_bandung_reference
32,JAWA BARAT,3273,KOTA BANDUNG,3273260,32.73.08,CIDADAP,ORANG,CIDADAP,UPT CIUMBULEUIT,PEREMPUAN,23,2018,real_bandung_reference
32,JAWA BARAT,3273,KOTA BANDUNG,3273180,32.73.05,ANDIR,ORANG,ANDIR,UPT GARUDA,LAKI-LAKI,34,2018,real_bandung_reference
32,JAWA BARAT,3273,KOTA BANDUNG,3273180,32.73.05,ANDIR,ORANG,ANDIR,UPT GARUDA,PEREMPUAN,33,2018,real_bandung_reference
32,JAWA BARAT,3273,KOTA BANDUNG,3273141,32.73.20,ANTAPANI,ORANG,ANTAPANI,UPT GRIYA ANTAPANI,LAKI-LAKI,61,2018,real_bandung_reference
32,JAWA BARAT,3273,KOTA BANDUNG,3273141,32.73.20,ANTAPANI,ORANG,ANTAPANI,UPT GRIYA ANTAPANI,PEREMPUAN,67,2018,real_bandung_reference
32,JAWA BARAT,3273,KOTA BANDUNG,3273160,32.73.12,BATUNUNGGAL,ORANG,BATUNUNGGAL,UPT IBRAHIM AJI,LAKI-LAKI,79,2018,real_bandung_reference
32,JAWA BARAT,3273,KOTA BANDUNG,3273160,32.73.12,BATUNUNGGAL,ORANG,BATUNUNGGAL,UPT IBRAHIM AJI,PEREMPUAN,83,2018,real_bandung_reference
32,JAWA BARAT,3273,KOTA BANDUNG,3273040,32.73.17,BOJONGLOA KIDUL,ORANG,BOJONGLOA KIDUL,UPT KOPO,LAKI-LAKI,34,2018,real_bandung_reference
32,JAWA BARAT,3273,KOTA BANDUNG,3273040,32.73.17,BOJONGLOA KIDUL,ORANG,BOJONGLOA KIDUL,UPT KOPO,PEREMPUAN,50,2018,real_bandung_reference
32,JAWA BARAT,3273,KOTA BANDUNG,3273080,32.73.21,BANDUNG KIDUL,ORANG,BANDUNG KIDUL,UPT KUJANGSARI,LAKI-LAKI,38,2018,real_bandung_reference
32,JAWA BARAT,3273,KOTA BANDUNG,3273080,32.73.21,BANDUNG KIDUL,ORANG,BANDUNG KIDUL,UPT KUJANGSARI,PEREMPUAN,36,2018,real_bandung_reference
32,JAWA BARAT,3273,KOTA BANDUNG,3273090,32.73.22,BUAHBATU,ORANG,BUAHBATU,UPT MARGAHAYU RAYA,LAKI-LAKI,67,2018,real_bandung_reference
32,JAWA BARAT,3273,KOTA BANDUNG,3273090,32.73.22,BUAHBATU,ORANG,BUAHBATU,UPT MARGAHAYU RAYA,PEREMPUAN,64,2018,real_bandung_reference
32,JAWA BARAT,3273,KOTA BANDUNG,3273220,32.73.18,CIBEUNYING KALER,ORANG,CIBEUNYING KALER,UPT NEGLASARI,LAKI-LAKI,50,2018,real_bandung_reference
32,JAWA BARAT,3273,KOTA BANDUNG,3273220,32.73.18,CIBEUNYING KALER,ORANG,CIBEUNYING KALER,UPT NEGLASARI,PEREMPUAN,62,2018,real_bandung_reference
32,JAWA BARAT,3273,KOTA BANDUNG,3273210,32.73.14,CIBEUNYING KIDUL,ORANG,CIBEUNYING KIDUL,UPT PADASUKA,LAKI-LAKI,119,2018,real_bandung_reference
32,JAWA BARAT,3273,KOTA BANDUNG,3273210,32.73.14,CIBEUNYING KIDUL,ORANG,CIBEUNYING KIDUL,UPT PADASUKA,PEREMPUAN,103,2018,real_bandung_reference
32,JAWA BARAT,3273,KOTA BANDUNG,3273050,32.73.10,ASTANA ANYAR,ORANG,ASTANAANYAR,UPT PAGARSIH,LAKI-LAKI,43,2018,real_bandung_reference
32,JAWA BARAT,3273,KOTA BANDUNG,3273050,32.73.10,ASTANA ANYAR,ORANG,ASTANAANYAR,UPT PAGARSIH,PEREMPUAN,47,2018,real_bandung_reference
32,JAWA BARAT,3273,KOTA BANDUNG,3273111,32.73.28,PANYILEUKAN,ORANG,PANYILEUKAN,UPT PANGHEGAR,LAKI-LAKI,19,2018,real_bandung_reference
32,JAWA BARAT,3273,KOTA BANDUNG,3273111,32.73.28,PANYILEUKAN,ORANG,PANYILEUKAN,UPT PANGHEGAR,PEREMPUAN,29,2018,real_bandung_reference
32,JAWA BARAT,3273,KOTA BANDUNG,3273190,32.73.06,CICENDO,ORANG,CICENDO,UPT PASIRKALIKI,LAKI-LAKI,44,2018,real_bandung_reference
32,JAWA BARAT,3273,KOTA BANDUNG,3273190,32.73.06,CICENDO,ORANG,CICENDO,UPT PASIRKALIKI,PEREMPUAN,49,2018,real_bandung_reference
32,JAWA BARAT,3273,KOTA BANDUNG,3273060,32.73.11,REGOL,ORANG,REGOL,UPT PASUNDAN,LAKI-LAKI,38,2018,real_bandung_reference
32,JAWA BARAT,3273,KOTA BANDUNG,3273060,32.73.11,REGOL,ORANG,REGOL,UPT PASUNDAN,PEREMPUAN,42,2018,real_bandung_reference
32,JAWA BARAT,3273,KOTA BANDUNG,3273230,32.73.02,COBLONG,ORANG,COBLONG,UPT PUTER,LAKI-LAKI,104,2018,real_bandung_reference
32,JAWA BARAT,3273,KOTA BANDUNG,3273230,32.73.02,COBLONG,ORANG,COBLONG,UPT PUTER,PEREMPUAN,83,2018,real_bandung_reference
32,JAWA BARAT,3273,KOTA BANDUNG,3273101,32.73.27,GEDEBAGE,ORANG,GEDEBAGE,UPT RIUNG BANDUNG,LAKI-LAKI,33,2018,real_bandung_reference
32,JAWA BARAT,3273,KOTA BANDUNG,3273101,32.73.27,GEDEBAGE,ORANG,GEDEBAGE,UPT RIUNG BANDUNG,PEREMPUAN,23,2018,real_bandung_reference
32,JAWA BARAT,3273,KOTA BANDUNG,3273200,32.73.09,BANDUNG WETAN,ORANG,BANDUNG WETAN,UPT SALAM,LAKI-LAKI,23,2018,real_bandung_reference
32,JAWA BARAT,3273,KOTA BANDUNG,3273200,32.73.09,BANDUNG WETAN,ORANG,BANDUNG WETAN,UPT SALAM,PEREMPUAN,12,2018,real_bandung_reference
32,JAWA BARAT,3273,KOTA BANDUNG,3273142,32.73.30,MANDALAJATI,ORANG,MANDALAJATI,UPT SINDANGJAYA,LAKI-LAKI,50,2018,real_bandung_reference
32,JAWA BARAT,3273,KOTA BANDUNG,3273142,32.73.30,MANDALAJATI,ORANG,MANDALAJATI,UPT SINDANGJAYA,PEREMPUAN,45,2018,real_bandung_reference
32,JAWA BARAT,3273,KOTA BANDUNG,3273240,32.73.07,SUKAJADI,ORANG,SUKAJADI,UPT SUKAJADI,LAKI-LAKI,51,2018,real_bandung_reference
32,JAWA BARAT,3273,KOTA BANDUNG,3273240,32.73.07,SUKAJADI,ORANG,SUKAJADI,UPT SUKAJADI,PEREMPUAN,44,2018,real_bandung_reference
32,JAWA BARAT,3273,KOTA BANDUNG,3273250,32.73.01,SUKASARI,ORANG,SUKASARI,UPT SUKARASA,LAKI-LAKI,53,2018,real_bandung_reference
32,JAWA BARAT,3273,KOTA BANDUNG,3273250,32.73.01,SUKASARI,ORANG,SUKASARI,UPT SUKARASA,PEREMPUAN,34,2018,real_bandung_reference
32,JAWA BARAT,3273,KOTA BANDUNG,3273070,32.73.13,LENGKONG,ORANG,LENGKONG,UPT TALAGABODAS,LAKI-LAKI,52,2018,real_bandung_reference
32,JAWA BARAT,3273,KOTA BANDUNG,3273070,32.73.13,LENGKONG,ORANG,LENGKONG,UPT TALAGABODAS,PEREMPUAN,38,2018,real_bandung_reference
32,JAWA BARAT,3273,KOTA BANDUNG,3273170,32.73.19,SUMUR BANDUNG,ORANG,SUMUR BANDUNG,UPT TAMBLONG,LAKI-LAKI,24,2018,real_bandung_reference
32,JAWA BARAT,3273,KOTA BANDUNG,3273170,32.73.19,SUMUR BANDUNG,ORANG,SUMUR BANDUNG,UPT TAMBLONG,PEREMPUAN,17,2018,real_bandung_reference
32,JAWA BARAT,3273,KOTA BANDUNG,3273120,32.73.26,UJUNGBERUNG,ORANG,UJUNG BERUNG,UPT UJUNGBERUNG INDAH,LAKI-LAKI,31,2018,real_bandung_reference
32,JAWA BARAT,3273,KOTA BANDUNG,3273120,32.73.26,UJUNGBERUNG,ORANG,UJUNG BERUNG,UPT UJUNGBERUNG INDAH,PEREMPUAN,50,2018,real_bandung_reference
32,JAWA BARAT,3273,KOTA BANDUNG,3273160,32.73.12,BATUNUNGGAL,ORANG,BATUNUNGGAL,UPT AHMAD YANI,LAKI-LAKI,13,2019,real_bandung_reference
32,JAWA BARAT,3273,KOTA BANDUNG,3273160,32.73.12,BATUNUNGGAL,ORANG,BATUNUNGGAL,UPT AHMAD YANI,PEREMPUAN,18,2019,real_bandung_reference
32,JAWA BARAT,3273,KOTA BANDUNG,3273141,32.73.20,ANTAPANI,ORANG,ANTAPANI,UPT ANTAPANI,LAKI-LAKI,32,2019,real_bandung_reference
32,JAWA BARAT,3273,KOTA BANDUNG,3273141,32.73.20,ANTAPANI,ORANG,ANTAPANI,UPT ANTAPANI,PEREMPUAN,32,2019,real_bandung_reference
32,JAWA BARAT,3273,KOTA BANDUNG,3273130,32.73.24,ARCAMANIK,ORANG,ARCAMANIK,UPT ARCAMANIK,LAKI-LAKI,56,2019,real_bandung_reference
32,JAWA BARAT,3273,KOTA BANDUNG,3273130,32.73.24,ARCAMANIK,ORANG,ARCAMANIK,UPT ARCAMANIK,PEREMPUAN,51,2019,real_bandung_reference
32,JAWA BARAT,3273,KOTA BANDUNG,3273050,32.73.10,ASTANA ANYAR,ORANG,ASTANAANYAR,UPT ASTANAANYAR,LAKI-LAKI,10,2019,real_bandung_reference
32,JAWA BARAT,3273,KOTA BANDUNG,3273050,32.73.10,ASTANA ANYAR,ORANG,ASTANAANYAR,UPT ASTANAANYAR,PEREMPUAN,11,2019,real_bandung_reference
32,JAWA BARAT,3273,KOTA BANDUNG,3273150,32.73.16,KIARACONDONG,ORANG,KIARACONDONG,UPT BABAKAN SURABAYA,LAKI-LAKI,32,2019,real_bandung_reference
32,JAWA BARAT,3273,KOTA BANDUNG,3273150,32.73.16,KIARACONDONG,ORANG,KIARACONDONG,UPT BABAKAN SURABAYA,PEREMPUAN,28,2019,real_bandung_reference
32,JAWA BARAT,3273,KOTA BANDUNG,3273030,32.73.04,BOJONGLOA KALER,ORANG,BOJONGLOA KALER,UPT BABAKAN TAROGONG,LAKI-LAKI,16,2019,real_bandung_reference
32,JAWA BARAT,3273,KOTA BANDUNG,3273030,32.73.04,BOJONGLOA KALER,ORANG,BOJONGLOA KALER,UPT BABAKAN TAROGONG,PEREMPUAN,10,2019,real_bandung_reference
32,JAWA BARAT,3273,KOTA BANDUNG,3273150,32.73.16,KIARACONDONG,ORANG,KIARACONDONG,UPT BABAKANSARI,LAKI-LAKI,116,2019,real_bandung_reference
32,JAWA BARAT,3273,KOTA BANDUNG,3273150,32.73.16,KIARACONDONG,ORANG,KIARACONDONG,UPT BABAKANSARI,PEREMPUAN,132,2019,real_bandung_reference
32,JAWA BARAT,3273,KOTA BANDUNG,3273180,32.73.05,ANDIR,ORANG,ANDIR,UPT BABATAN,LAKI-LAKI,12,2019,real_bandung_reference
32,JAWA BARAT,3273,KOTA BANDUNG,3273180,32.73.05,ANDIR,ORANG,ANDIR,UPT BABATAN,PEREMPUAN,10,2019,real_bandung_reference
32,JAWA BARAT,3273,KOTA BANDUNG,3273170,32.73.19,SUMUR BANDUNG,ORANG,SUMUR BANDUNG,UPT BALAIKOTA,LAKI-LAKI,5,2019,real_bandung_reference
32,JAWA BARAT,3273,KOTA BANDUNG,3273170,32.73.19,SUMUR BANDUNG,ORANG,SUMUR BANDUNG,UPT BALAIKOTA,PEREMPUAN,10,2019,real_bandung_reference
32,JAWA BARAT,3273,KOTA BANDUNG,3273020,32.73.03,BABAKAN CIPARAY,ORANG,BABAKAN CIPARAY,UPT CARINGIN,LAKI-LAKI,23,2019,real_bandung_reference
32,JAWA BARAT,3273,KOTA BANDUNG,3273020,32.73.03,BABAKAN CIPARAY,ORANG,BABAKAN CIPARAY,UPT CARINGIN,PEREMPUAN,22,2019,real_bandung_reference
32,JAWA BARAT,3273,KOTA BANDUNG,3273101,32.73.27,GEDEBAGE,ORANG,GEDEBAGE,UPT CEMPAKA ARUM,LAKI-LAKI,15,2019,real_bandung_reference
32,JAWA BARAT,3273,KOTA BANDUNG,3273101,32.73.27,GEDEBAGE,ORANG,GEDEBAGE,UPT CEMPAKA ARUM,PEREMPUAN,19,2019,real_bandung_reference
32,JAWA BARAT,3273,KOTA BANDUNG,3273030,32.73.04,BOJONGLOA KALER,ORANG,BOJONGLOA KALER,UPT CETARIP,LAKI-LAKI,46,2019,real_bandung_reference
32,JAWA BARAT,3273,KOTA BANDUNG,3273030,32.73.04,BOJONGLOA KALER,ORANG,BOJONGLOA KALER,UPT CETARIP,PEREMPUAN,43,2019,real_bandung_reference
32,JAWA BARAT,3273,KOTA BANDUNG,3273040,32.73.17,BOJONGLOA KIDUL,ORANG,BOJONGLOA KIDUL,UPT CIBADUYUT KIDUL,LAKI-LAKI,2,2019,real_bandung_reference
32,JAWA BARAT,3273,KOTA BANDUNG,3273040,32.73.17,BOJONGLOA KIDUL,ORANG,BOJONGLOA KIDUL,UPT CIBADUYUT KIDUL,PEREMPUAN,3,2019,real_bandung_reference
32,JAWA BARAT,3273,KOTA BANDUNG,3273040,32.73.17,BOJONGLOA KIDUL,ORANG,BOJONGLOA KIDUL,UPT CIBADUYUT WETAN,LAKI-LAKI,6,2019,real_bandung_reference
32,JAWA BARAT,3273,KOTA BANDUNG,3273040,32.73.17,BOJONGLOA KIDUL,ORANG,BOJONGLOA KIDUL,UPT CIBADUYUT WETAN,PEREMPUAN,9,2019,real_bandung_reference
32,JAWA BARAT,3273,KOTA BANDUNG,3273110,32.73.25,CIBIRU,ORANG,CIBIRU,UPT CIBIRU,LAKI-LAKI,29,2019,real_bandung_reference
32,JAWA BARAT,3273,KOTA BANDUNG,3273110,32.73.25,CIBIRU,ORANG,CIBIRU,UPT CIBIRU,PEREMPUAN,11,2019,real_bandung_reference
32,JAWA BARAT,3273,KOTA BANDUNG,3273020,32.73.03,BABAKAN CIPARAY,ORANG,BABAKAN CIPARAY,UPT CIBOLERANG,LAKI-LAKI,16,2019,real_bandung_reference
32,JAWA BARAT,3273,KOTA BANDUNG,3273020,32.73.03,BABAKAN CIPARAY,ORANG,BABAKAN CIPARAY,UPT CIBOLERANG,PEREMPUAN,12,2019,real_bandung_reference
32,JAWA BARAT,3273,KOTA BANDUNG,3273010,32.73.15,BANDUNG KULON,ORANG,BANDUNG KULON,UPT CIBUNTU,LAKI-LAKI,10,2019,real_bandung_reference
32,JAWA BARAT,3273,KOTA BANDUNG,3273010,32.73.15,BANDUNG KULON,ORANG,BANDUNG KULON,UPT CIBUNTU,PEREMPUAN,18,2019,real_bandung_reference
32,JAWA BARAT,3273,KOTA BANDUNG,3273220,32.73.18,CIBEUNYING KALER,ORANG,CIBEUNYING KALER,UPT CIGADUNG,LAKI-LAKI,40,2019,real_bandung_reference
32,JAWA BARAT,3273,KOTA BANDUNG,3273220,32.73.18,CIBEUNYING KALER,ORANG,CIBEUNYING KALER,UPT CIGADUNG,PEREMPUAN,32,2019,real_bandung_reference
32,JAWA BARAT,3273,KOTA BANDUNG,3273010,32.73.15,BANDUNG KULON,ORANG,BANDUNG KULON,UPT CIGONDEWAH,LAKI-LAKI,14,2019,real_bandung_reference
32,JAWA BARAT,3273,KOTA BANDUNG,3273010,32.73.15,BANDUNG KULON,ORANG,BANDUNG KULON,UPT CIGONDEWAH,PEREMPUAN,14,2019,real_bandung_reference
32,JAWA BARAT,3273,KOTA BANDUNG,3273070,32.73.13,LENGKONG,ORANG,LENGKONG,UPT CIJAGRA BARU,LAKI-LAKI,16,2019,real_bandung_reference
32,JAWA BARAT,3273,KOTA BANDUNG,3273070,32.73.13,LENGKONG,ORANG,LENGKONG,UPT CIJAGRA BARU,PEREMPUAN,11,2019,real_bandung_reference
32,JAWA BARAT,3273,KOTA BANDUNG,3273070,32.73.13,LENGKONG,ORANG,LENGKONG,UPT CIJAGRA LAMA,LAKI-LAKI,33,2019,real_bandung_reference
32,JAWA BARAT,3273,KOTA BANDUNG,3273070,32.73.13,LENGKONG,ORANG,LENGKONG,UPT CIJAGRA LAMA,PEREMPUAN,20,2019,real_bandung_reference
32,JAWA BARAT,3273,KOTA BANDUNG,3273010,32.73.15,BANDUNG KULON,ORANG,BANDUNG KULON,UPT CIJERAH,LAKI-LAKI,21,2019,real_bandung_reference
32,JAWA BARAT,3273,KOTA BANDUNG,3273010,32.73.15,BANDUNG KULON,ORANG,BANDUNG KULON,UPT CIJERAH,PEREMPUAN,17,2019,real_bandung_reference
32,JAWA BARAT,3273,KOTA BANDUNG,3273230,32.73.02,COBLONG,ORANG,COBLONG,UPT CIKUTRA LAMA,LAKI-LAKI,30,2019,real_bandung_reference
32,JAWA BARAT,3273,KOTA BANDUNG,3273230,32.73.02,COBLONG,ORANG,COBLONG,UPT CIKUTRA LAMA,PEREMPUAN,21,2019,real_bandung_reference
32,JAWA BARAT,3273,KOTA BANDUNG,3273110,32.73.25,CIBIRU,ORANG,CIBIRU,UPT CILENGKRANG,LAKI-LAKI,15,2019,real_bandung_reference
32,JAWA BARAT,3273,KOTA BANDUNG,3273110,32.73.25,CIBIRU,ORANG,CIBIRU,UPT CILENGKRANG,PEREMPUAN,11,2019,real_bandung_reference
32,JAWA BARAT,3273,KOTA BANDUNG,3273121,32.73.29,CINAMBO,ORANG,CINAMBO,UPT CINAMBO,LAKI-LAKI,37,2019,real_bandung_reference
32,JAWA BARAT,3273,KOTA BANDUNG,3273121,32.73.29,CINAMBO,ORANG,CINAMBO,UPT CINAMBO,PEREMPUAN,33,2019,real_bandung_reference
32,JAWA BARAT,3273,KOTA BANDUNG,3273110,32.73.25,CIBIRU,ORANG,CIBIRU,UPT CIPADUNG,LAKI-LAKI,54,2019,real_bandung_reference
32,JAWA BARAT,3273,KOTA BANDUNG,3273110,32.73.25,CIBIRU,ORANG,CIBIRU,UPT CIPADUNG,PEREMPUAN,53,2019,real_bandung_reference
32,JAWA BARAT,3273,KOTA BANDUNG,3273260,32.73.08,CIDADAP,ORANG,CIDADAP,UPT CIPAKU,LAKI-LAKI,12,2019,real_bandung_reference
32,JAWA BARAT,3273,KOTA BANDUNG,3273260,32.73.08,CIDADAP,ORANG,CIDADAP,UPT CIPAKU,PEREMPUAN,6,2019,real_bandung_reference
32,JAWA BARAT,3273,KOTA BANDUNG,3273100,32.73.23,RANCASARI,ORANG,RANCASARI,UPT CIPAMOKOLAN,LAKI-LAKI,46,2019,real_bandung_reference
32,JAWA BARAT,3273,KOTA BANDUNG,3273100,32.73.23,RANCASARI,ORANG,RANCASARI,UPT CIPAMOKOLAN,PEREMPUAN,44,2019,real_bandung_reference
32,JAWA BARAT,3273,KOTA BANDUNG,3273260,32.73.08,CIDADAP,ORANG,CIDADAP,UPT CIUMBULEUIT,LAKI-LAKI,55,2019,real_bandung_reference
32,JAWA BARAT,3273,KOTA BANDUNG,3273260,32.73.08,CIDADAP,ORANG,CIDADAP,UPT CIUMBULEUIT,PEREMPUAN,44,2019,real_bandung_reference
32,JAWA BARAT,3273,KOTA BANDUNG,3273230,32.73.02,COBLONG,ORANG,COBLONG,UPT DAGO,LAKI-LAKI,66,2019,real_bandung_reference
32,JAWA BARAT,3273,KOTA BANDUNG,3273230,32.73.02,COBLONG,ORANG,COBLONG,UPT DAGO,PEREMPUAN,49,2019,real_bandung_reference
32,JAWA BARAT,3273,KOTA BANDUNG,3273100,32.73.23,RANCASARI,ORANG,RANCASARI,UPT DERWATI,LAKI-LAKI,31,2019,real_bandung_reference
32,JAWA BARAT,3273,KOTA BANDUNG,3273100,32.73.23,RANCASARI,ORANG,RANCASARI,UPT DERWATI,PEREMPUAN,22,2019,real_bandung_reference
32,JAWA BARAT,3273,KOTA BANDUNG,3273180,32.73.05,ANDIR,ORANG,ANDIR,UPT GARUDA,LAKI-LAKI,25,2019,real_bandung_reference
32,JAWA BARAT,3273,KOTA BANDUNG,3273180,32.73.05,ANDIR,ORANG,ANDIR,UPT GARUDA,PEREMPUAN,31,2019,real_bandung_reference
32,JAWA BARAT,3273,KOTA BANDUNG,3273142,32.73.30,MANDALAJATI,ORANG,MANDALAJATI,UPT GIRIMANDE,LAKI-LAKI,5,2019,real_bandung_reference
32,JAWA BARAT,3273,KOTA BANDUNG,3273142,32.73.30,MANDALAJATI,ORANG,MANDALAJATI,UPT GIRIMANDE,PEREMPUAN,5,2019,real_bandung_reference
32,JAWA BARAT,3273,KOTA BANDUNG,3273141,32.73.20,ANTAPANI,ORANG,ANTAPANI,UPT GRIYA ANTAPANI,LAKI-LAKI,44,2019,real_bandung_reference
32,JAWA BARAT,3273,KOTA BANDUNG,3273141,32.73.20,ANTAPANI,ORANG,ANTAPANI,UPT GRIYA ANTAPANI,PEREMPUAN,29,2019,real_bandung_reference
32,JAWA BARAT,3273,KOTA BANDUNG,3273160,32.73.12,BATUNUNGGAL,ORANG,BATUNUNGGAL,UPT GUMURUH,LAKI-LAKI,45,2019,real_bandung_reference
32,JAWA BARAT,3273,KOTA BANDUNG,3273160,32.73.12,BATUNUNGGAL,ORANG,BATUNUNGGAL,UPT GUMURUH,PEREMPUAN,45,2019,real_bandung_reference
32,JAWA BARAT,3273,KOTA BANDUNG,3273160,32.73.12,BATUNUNGGAL,ORANG,BATUNUNGGAL,UPT IBRAHIM ADJIE,LAKI-LAKI,34,2019,real_bandung_reference
32,JAWA BARAT,3273,KOTA BANDUNG,3273160,32.73.12,BATUNUNGGAL,ORANG,BATUNUNGGAL,UPT IBRAHIM ADJIE,PEREMPUAN,38,2019,real_bandung_reference
32,JAWA BARAT,3273,KOTA BANDUNG,3273141,32.73.20,ANTAPANI,ORANG,ANTAPANI,UPT JAJAWAY,LAKI-LAKI,42,2019,real_bandung_reference
32,JAWA BARAT,3273,KOTA BANDUNG,3273141,32.73.20,ANTAPANI,ORANG,ANTAPANI,UPT JAJAWAY,PEREMPUAN,34,2019,real_bandung_reference
32,JAWA BARAT,3273,KOTA BANDUNG,3273142,32.73.30,MANDALAJATI,ORANG,MANDALAJATI,UPT JATIHANDAP,LAKI-LAKI,14,2019,real_bandung_reference
32,JAWA BARAT,3273,KOTA BANDUNG,3273142,32.73.30,MANDALAJATI,ORANG,MANDALAJATI,UPT JATIHANDAP,PEREMPUAN,21,2019,real_bandung_reference
32,JAWA BARAT,3273,KOTA BANDUNG,3273250,32.73.01,SUKASARI,ORANG,SUKASARI,UPT KARANGSETRA,LAKI-LAKI,30,2019,real_bandung_reference
32,JAWA BARAT,3273,KOTA BANDUNG,3273250,32.73.01,SUKASARI,ORANG,SUKASARI,UPT KARANGSETRA,PEREMPUAN,24,2019,real_bandung_reference
32,JAWA BARAT,3273,KOTA BANDUNG,3273040,32.73.17,BOJONGLOA KIDUL,ORANG,BOJONGLOA KIDUL,UPT KOPO,LAKI-LAKI,46,2019,real_bandung_reference
32,JAWA BARAT,3273,KOTA BANDUNG,3273040,32.73.17,BOJONGLOA KIDUL,ORANG,BOJONGLOA KIDUL,UPT KOPO,PEREMPUAN,48,2019,real_bandung_reference
32,JAWA BARAT,3273,KOTA BANDUNG,3273080,32.73.21,BANDUNG KIDUL,ORANG,BANDUNG KIDUL,UPT KUJANG SARI,LAKI-LAKI,51,2019,real_bandung_reference
32,JAWA BARAT,3273,KOTA BANDUNG,3273080,32.73.21,BANDUNG KIDUL,ORANG,BANDUNG KIDUL,UPT KUJANG SARI,PEREMPUAN,41,2019,real_bandung_reference
32,JAWA BARAT,3273,KOTA BANDUNG,3273250,32.73.01,SUKASARI,ORANG,SUKASARI,UPT LEDENG,LAKI-LAKI,13,2019,real_bandung_reference
32,JAWA BARAT,3273,KOTA BANDUNG,3273250,32.73.01,SUKASARI,ORANG,SUKASARI,UPT LEDENG,PEREMPUAN,12,2019,real_bandung_reference
32,JAWA BARAT,3273,KOTA BANDUNG,3273050,32.73.10,ASTANA ANYAR,ORANG,ASTANAANYAR,UPT LIOGENTENG,LAKI-LAKI,4,2019,real_bandung_reference
32,JAWA BARAT,3273,KOTA BANDUNG,3273050,32.73.10,ASTANA ANYAR,ORANG,ASTANAANYAR,UPT LIOGENTENG,PEREMPUAN,2,2019,real_bandung_reference
32,JAWA BARAT,3273,KOTA BANDUNG,3273142,32.73.30,MANDALAJATI,ORANG,MANDALAJATI,UPT MANDALA MEKAR,LAKI-LAKI,11,2019,real_bandung_reference
32,JAWA BARAT,3273,KOTA BANDUNG,3273142,32.73.30,MANDALAJATI,ORANG,MANDALAJATI,UPT MANDALA MEKAR,PEREMPUAN,12,2019,real_bandung_reference
32,JAWA BARAT,3273,KOTA BANDUNG,3273090,32.73.22,BUAHBATU,ORANG,BUAHBATU,UPT MARGAHAYU RAYA,LAKI-LAKI,64,2019,real_bandung_reference
32,JAWA BARAT,3273,KOTA BANDUNG,3273090,32.73.22,BUAHBATU,ORANG,BUAHBATU,UPT MARGAHAYU RAYA,PEREMPUAN,54,2019,real_bandung_reference
32,JAWA BARAT,3273,KOTA BANDUNG,3273080,32.73.21,BANDUNG KIDUL,ORANG,BANDUNG KIDUL,UPT MENGGER,LAKI-LAKI,5,2019,real_bandung_reference
32,JAWA BARAT,3273,KOTA BANDUNG,3273080,32.73.21,BANDUNG KIDUL,ORANG,BANDUNG KIDUL,UPT MENGGER,PEREMPUAN,9,2019,real_bandung_reference
32,JAWA BARAT,3273,KOTA BANDUNG,3273060,32.73.11,REGOL,ORANG,REGOL,UPT MOCH. RAMDAN,LAKI-LAKI,24,2019,real_bandung_reference
32,JAWA BARAT,3273,KOTA BANDUNG,3273060,32.73.11,REGOL,ORANG,REGOL,UPT MOCH. RAMDAN,PEREMPUAN,33,2019,real_bandung_reference
32,JAWA BARAT,3273,KOTA BANDUNG,3273220,32.73.18,CIBEUNYING KALER,ORANG,CIBEUNYING KALER,UPT NEGLASARI,LAKI-LAKI,29,2019,real_bandung_reference
32,JAWA BARAT,3273,KOTA BANDUNG,3273220,32.73.18,CIBEUNYING KALER,ORANG,CIBEUNYING KALER,UPT NEGLASARI,PEREMPUAN,24,2019,real_bandung_reference
32,JAWA BARAT,3273,KOTA BANDUNG,3273210,32.73.14,CIBEUNYING KIDUL,ORANG,CIBEUNYING KIDUL,UPT PADASUKA,LAKI-LAKI,70,2019,real_bandung_reference
32,JAWA BARAT,3273,KOTA BANDUNG,3273210,32.73.14,CIBEUNYING KIDUL,ORANG,CIBEUNYING KIDUL,UPT PADASUKA,PEREMPUAN,47,2019,real_bandung_reference
32,JAWA BARAT,3273,KOTA BANDUNG,3273050,32.73.10,ASTANA ANYAR,ORANG,ASTANAANYAR,UPT PAGARSIH,LAKI-LAKI,12,2019,real_bandung_reference
32,JAWA BARAT,3273,KOTA BANDUNG,3273050,32.73.10,ASTANA ANYAR,ORANG,ASTANAANYAR,UPT PAGARSIH,PEREMPUAN,11,2019,real_bandung_reference
32,JAWA BARAT,3273,KOTA BANDUNG,3273030,32.73.04,BOJONGLOA KALER,ORANG,BOJONGLOA KALER,UPT PAKIRARKIR,LAKI-LAKI,18,2019,real_bandung_reference
32,JAWA BARAT,3273,KOTA BANDUNG,3273030,32.73.04,BOJONGLOA KALER,ORANG,BOJONGLOA KALER,UPT PAKIRARKIR,PEREMPUAN,17,2019,real_bandung_reference
32,JAWA BARAT,3273,KOTA BANDUNG,3273142,32.73.30,MANDALAJATI,ORANG,MANDALAJATI,UPT PAMULANG,LAKI-LAKI,8,2019,real_bandung_reference
32,JAWA BARAT,3273,KOTA BANDUNG,3273142,32.73.30,MANDALAJATI,ORANG,MANDALAJATI,UPT PAMULANG,PEREMPUAN,8,2019,real_bandung_reference
32,JAWA BARAT,3273,KOTA BANDUNG,3273111,32.73.28,PANYILEUKAN,ORANG,PANYILEUKAN,UPT PANGHEGAR,LAKI-LAKI,25,2019,real_bandung_reference
32,JAWA BARAT,3273,KOTA BANDUNG,3273111,32.73.28,PANYILEUKAN,ORANG,PANYILEUKAN,UPT PANGHEGAR,PEREMPUAN,21,2019,real_bandung_reference
32,JAWA BARAT,3273,KOTA BANDUNG,3273111,32.73.28,PANYILEUKAN,ORANG,PANYILEUKAN,UPT PANYILEUKAN,LAKI-LAKI,17,2019,real_bandung_reference
32,JAWA BARAT,3273,KOTA BANDUNG,3273111,32.73.28,PANYILEUKAN,ORANG,PANYILEUKAN,UPT PANYILEUKAN,PEREMPUAN,14,2019,real_bandung_reference
32,JAWA BARAT,3273,KOTA BANDUNG,3273080,32.73.21,BANDUNG KIDUL,ORANG,BANDUNG KIDUL,UPT PASAWAHAN,LAKI-LAKI,2,2019,real_bandung_reference
32,JAWA BARAT,3273,KOTA BANDUNG,3273080,32.73.21,BANDUNG KIDUL,ORANG,BANDUNG KIDUL,UPT PASAWAHAN,PEREMPUAN,2,2019,real_bandung_reference
32,JAWA BARAT,3273,KOTA BANDUNG,3273120,32.73.26,UJUNGBERUNG,ORANG,UJUNG BERUNG,UPT PASIRJATI,LAKI-LAKI,53,2019,real_bandung_reference
32,JAWA BARAT,3273,KOTA BANDUNG,3273120,32.73.26,UJUNGBERUNG,ORANG,UJUNG BERUNG,UPT PASIRJATI,PEREMPUAN,49,2019,real_bandung_reference
32,JAWA BARAT,3273,KOTA BANDUNG,3273190,32.73.06,CICENDO,ORANG,CICENDO,UPT PASIRKALIKI,LAKI-LAKI,50,2019,real_bandung_reference
32,JAWA BARAT,3273,KOTA BANDUNG,3273190,32.73.06,CICENDO,ORANG,CICENDO,UPT PASIRKALIKI,PEREMPUAN,42,2019,real_bandung_reference
32,JAWA BARAT,3273,KOTA BANDUNG,3273210,32.73.14,CIBEUNYING KIDUL,ORANG,CIBEUNYING KIDUL,UPT PASIRLAYUNG,LAKI-LAKI,51,2019,real_bandung_reference
32,JAWA BARAT,3273,KOTA BANDUNG,3273210,32.73.14,CIBEUNYING KIDUL,ORANG,CIBEUNYING KIDUL,UPT PASIRLAYUNG,PEREMPUAN,38,2019,real_bandung_reference
32,JAWA BARAT,3273,KOTA BANDUNG,3273060,32.73.11,REGOL,ORANG,REGOL,UPT PASIRLUYU,LAKI-LAKI,18,2019,real_bandung_reference
32,JAWA BARAT,3273,KOTA BANDUNG,3273060,32.73.11,REGOL,ORANG,REGOL,UPT PASIRLUYU,PEREMPUAN,23,2019,real_bandung_reference
32,JAWA BARAT,3273,KOTA BANDUNG,3273060,32.73.11,REGOL,ORANG,REGOL,UPT PASUNDAN,LAKI-LAKI,10,2019,real_bandung_reference
32,JAWA BARAT,3273,KOTA BANDUNG,3273060,32.73.11,REGOL,ORANG,REGOL,UPT PASUNDAN,PEREMPUAN,12,2019,real_bandung_reference
32,JAWA BARAT,3273,KOTA BANDUNG,3273050,32.73.10,ASTANA ANYAR,ORANG,ASTANAANYAR,UPT PELINDUNG HEWAN,LAKI-LAKI,22,2019,real_bandung_reference
32,JAWA BARAT,3273,KOTA BANDUNG,3273050,32.73.10,ASTANA ANYAR,ORANG,ASTANAANYAR,UPT PELINDUNG HEWAN,PEREMPUAN,24,2019,real_bandung_reference
32,JAWA BARAT,3273,KOTA BANDUNG,3273230,32.73.02,COBLONG,ORANG,COBLONG,UPT PUTER,LAKI-LAKI,41,2019,real_bandung_reference
32,JAWA BARAT,3273,KOTA BANDUNG,3273230,32.73.02,COBLONG,ORANG,COBLONG,UPT PUTER,PEREMPUAN,19,2019,real_bandung_reference
32,JAWA BARAT,3273,KOTA BANDUNG,3273101,32.73.27,GEDEBAGE,ORANG,GEDEBAGE,UPT RIUNG BANDUNG,LAKI-LAKI,35,2019,real_bandung_reference
32,JAWA BARAT,3273,KOTA BANDUNG,3273101,32.73.27,GEDEBAGE,ORANG,GEDEBAGE,UPT RIUNG BANDUNG,PEREMPUAN,35,2019,real_bandung_reference
32,JAWA BARAT,3273,KOTA BANDUNG,3273130,32.73.24,ARCAMANIK,ORANG,ARCAMANIK,UPT RUSUNAWA,LAKI-LAKI,83,2019,real_bandung_reference
32,JAWA BARAT,3273,KOTA BANDUNG,3273130,32.73.24,ARCAMANIK,ORANG,ARCAMANIK,UPT RUSUNAWA,PEREMPUAN,51,2019,real_bandung_reference
32,JAWA BARAT,3273,KOTA BANDUNG,3273200,32.73.09,BANDUNG WETAN,ORANG,BANDUNG WETAN,UPT SALAM,LAKI-LAKI,11,2019,real_bandung_reference
32,JAWA BARAT,3273,KOTA BANDUNG,3273200,32.73.09,BANDUNG WETAN,ORANG,BANDUNG WETAN,UPT SALAM,PEREMPUAN,9,2019,real_bandung_reference
32,JAWA BARAT,3273,KOTA BANDUNG,3273250,32.73.01,SUKASARI,ORANG,SUKASARI,UPT SARIJADI,LAKI-LAKI,31,2019,real_bandung_reference
32,JAWA BARAT,3273,KOTA BANDUNG,3273250,32.73.01,SUKASARI,ORANG,SUKASARI,UPT SARIJADI,PEREMPUAN,34,2019,real_bandung_reference
32,JAWA BARAT,3273,KOTA BANDUNG,3273090,32.73.22,BUAHBATU,ORANG,BUAHBATU,UPT SEKEJATI,LAKI-LAKI,38,2019,real_bandung_reference
32,JAWA BARAT,3273,KOTA BANDUNG,3273090,32.73.22,BUAHBATU,ORANG,BUAHBATU,UPT SEKEJATI,PEREMPUAN,46,2019,real_bandung_reference
32,JAWA BARAT,3273,KOTA BANDUNG,3273230,32.73.02,COBLONG,ORANG,COBLONG,UPT SEKELOA,LAKI-LAKI,16,2019,real_bandung_reference
32,JAWA BARAT,3273,KOTA BANDUNG,3273230,32.73.02,COBLONG,ORANG,COBLONG,UPT SEKELOA,PEREMPUAN,21,2019,real_bandung_reference
32,JAWA BARAT,3273,KOTA BANDUNG,3273142,32.73.30,MANDALAJATI,ORANG,MANDALAJATI,UPT SINDANG JAYA,LAKI-LAKI,31,2019,real_bandung_reference
32,JAWA BARAT,3273,KOTA BANDUNG,3273142,32.73.30,MANDALAJATI,ORANG,MANDALAJATI,UPT SINDANG JAYA,PEREMPUAN,28,2019,real_bandung_reference
32,JAWA BARAT,3273,KOTA BANDUNG,3273240,32.73.07,SUKAJADI,ORANG,SUKAJADI,UPT SUKAGALIH,LAKI-LAKI,26,2019,real_bandung_reference
32,JAWA BARAT,3273,KOTA BANDUNG,3273240,32.73.07,SUKAJADI,ORANG,SUKAJADI,UPT SUKAGALIH,PEREMPUAN,37,2019,real_bandung_reference
32,JAWA BARAT,3273,KOTA BANDUNG,3273020,32.73.03,BABAKAN CIPARAY,ORANG,BABAKAN CIPARAY,UPT SUKAHAJI,LAKI-LAKI,22,2019,real_bandung_reference
32,JAWA BARAT,3273,KOTA BANDUNG,3273020,32.73.03,BABAKAN CIPARAY,ORANG,BABAKAN CIPARAY,UPT SUKAHAJI,PEREMPUAN,35,2019,real_bandung_reference
32,JAWA BARAT,3273,KOTA BANDUNG,3273240,32.73.07,SUKAJADI,ORANG,SUKAJADI,UPT SUKAJADI,LAKI-LAKI,65,2019,real_bandung_reference
32,JAWA BARAT,3273,KOTA BANDUNG,3273240,32.73.07,SUKAJADI,ORANG,SUKAJADI,UPT SUKAJADI,PEREMPUAN,47,2019,real_bandung_reference
32,JAWA BARAT,3273,KOTA BANDUNG,3273190,32.73.06,CICENDO,ORANG,CICENDO,UPT SUKARAJA,LAKI-LAKI,8,2019,real_bandung_reference
32,JAWA BARAT,3273,KOTA BANDUNG,3273190,32.73.06,CICENDO,ORANG,CICENDO,UPT SUKARAJA,PEREMPUAN,10,2019,real_bandung_reference
32,JAWA BARAT,3273,KOTA BANDUNG,3273250,32.73.01,SUKASARI,ORANG,SUKASARI,UPT SUKARASA,LAKI-LAKI,15,2019,real_bandung_reference
32,JAWA BARAT,3273,KOTA BANDUNG,3273250,32.73.01,SUKASARI,ORANG,SUKASARI,UPT SUKARASA,PEREMPUAN,17,2019,real_bandung_reference
32,JAWA BARAT,3273,KOTA BANDUNG,3273240,32.73.07,SUKAJADI,ORANG,SUKAJADI,UPT SUKAWARNA,LAKI-LAKI,20,2019,real_bandung_reference
32,JAWA BARAT,3273,KOTA BANDUNG,3273240,32.73.07,SUKAJADI,ORANG,SUKAJADI,UPT SUKAWARNA,PEREMPUAN,12,2019,real_bandung_reference
32,JAWA BARAT,3273,KOTA BANDUNG,3273070,32.73.13,LENGKONG,ORANG,LENGKONG,UPT SURYALAYA,LAKI-LAKI,5,2019,real_bandung_reference
32,JAWA BARAT,3273,KOTA BANDUNG,3273070,32.73.13,LENGKONG,ORANG,LENGKONG,UPT SURYALAYA,PEREMPUAN,4,2019,real_bandung_reference
32,JAWA BARAT,3273,KOTA BANDUNG,3273070,32.73.13,LENGKONG,ORANG,LENGKONG,UPT TALAGABODAS,LAKI-LAKI,22,2019,real_bandung_reference
32,JAWA BARAT,3273,KOTA BANDUNG,3273070,32.73.13,LENGKONG,ORANG,LENGKONG,UPT TALAGABODAS,PEREMPUAN,17,2019,real_bandung_reference
32,JAWA BARAT,3273,KOTA BANDUNG,3273200,32.73.09,BANDUNG WETAN,ORANG,BANDUNG WETAN,UPT TAMANSARI,LAKI-LAKI,22,2019,real_bandung_reference
32,JAWA BARAT,3273,KOTA BANDUNG,3273200,32.73.09,BANDUNG WETAN,ORANG,BANDUNG WETAN,UPT TAMANSARI,PEREMPUAN,20,2019,real_bandung_reference
32,JAWA BARAT,3273,KOTA BANDUNG,3273170,32.73.19,SUMUR BANDUNG,ORANG,SUMUR BANDUNG,UPT TAMBLONG,LAKI-LAKI,20,2019,real_bandung_reference
32,JAWA BARAT,3273,KOTA BANDUNG,3273170,32.73.19,SUMUR BANDUNG,ORANG,SUMUR BANDUNG,UPT TAMBLONG,PEREMPUAN,14,2019,real_bandung_reference
32,JAWA BARAT,3273,KOTA BANDUNG,3273120,32.73.26,UJUNGBERUNG,ORANG,UJUNG BERUNG,UPT UJUNGBERUNG INDAH,LAKI-LAKI,60,2019,real_bandung_reference
32,JAWA BARAT,3273,KOTA BANDUNG,3273120,32.73.26,UJUNGBERUNG,ORANG,UJUNG BERUNG,UPT UJUNGBERUNG INDAH,PEREMPUAN,60,2019,real_bandung_reference
32,JAWA BARAT,3273,KOTA BANDUNG,3273160,32.73.12,BATUNUNGGAL,ORANG,BATUNUNGGAL,UPT AHMAD YANI,LAKI-LAKI,20,2020,real_bandung_reference
32,JAWA BARAT,3273,KOTA BANDUNG,3273160,32.73.12,BATUNUNGGAL,ORANG,BATUNUNGGAL,UPT AHMAD YANI,PEREMPUAN,12,2020,real_bandung_reference
32,JAWA BARAT,3273,KOTA BANDUNG,3273141,32.73.20,ANTAPANI,ORANG,ANTAPANI,UPT ANTAPANI,LAKI-LAKI,18,2020,real_bandung_reference
32,JAWA BARAT,3273,KOTA BANDUNG,3273141,32.73.20,ANTAPANI,ORANG,ANTAPANI,UPT ANTAPANI,PEREMPUAN,23,2020,real_bandung_reference
32,JAWA BARAT,3273,KOTA BANDUNG,3273130,32.73.24,ARCAMANIK,ORANG,ARCAMANIK,UPT ARCAMANIK,LAKI-LAKI,27,2020,real_bandung_reference
32,JAWA BARAT,3273,KOTA BANDUNG,3273130,32.73.24,ARCAMANIK,ORANG,ARCAMANIK,UPT ARCAMANIK,PEREMPUAN,28,2020,real_bandung_reference
32,JAWA BARAT,3273,KOTA BANDUNG,3273050,32.73.10,ASTANA ANYAR,ORANG,ASTANAANYAR,UPT ASTANAANYAR,LAKI-LAKI,5,2020,real_bandung_reference
32,JAWA BARAT,3273,KOTA BANDUNG,3273050,32.73.10,ASTANA ANYAR,ORANG,ASTANAANYAR,UPT ASTANAANYAR,PEREMPUAN,8,2020,real_bandung_reference
32,JAWA BARAT,3273,KOTA BANDUNG,3273150,32.73.16,KIARACONDONG,ORANG,KIARACONDONG,UPT BABAKAN SURABAYA,LAKI-LAKI,12,2020,real_bandung_reference
32,JAWA BARAT,3273,KOTA BANDUNG,3273150,32.73.16,KIARACONDONG,ORANG,KIARACONDONG,UPT BABAKAN SURABAYA,PEREMPUAN,12,2020,real_bandung_reference
32,JAWA BARAT,3273,KOTA BANDUNG,3273030,32.73.04,BOJONGLOA KALER,ORANG,BOJONGLOA KALER,UPT BABAKAN TAROGONG,LAKI-LAKI,10,2020,real_bandung_reference
32,JAWA BARAT,3273,KOTA BANDUNG,3273030,32.73.04,BOJONGLOA KALER,ORANG,BOJONGLOA KALER,UPT BABAKAN TAROGONG,PEREMPUAN,13,2020,real_bandung_reference
32,JAWA BARAT,3273,KOTA BANDUNG,3273150,32.73.16,KIARACONDONG,ORANG,KIARACONDONG,UPT BABAKANSARI,LAKI-LAKI,50,2020,real_bandung_reference
32,JAWA BARAT,3273,KOTA BANDUNG,3273150,32.73.16,KIARACONDONG,ORANG,KIARACONDONG,UPT BABAKANSARI,PEREMPUAN,37,2020,real_bandung_reference
32,JAWA BARAT,3273,KOTA BANDUNG,3273180,32.73.05,ANDIR,ORANG,ANDIR,UPT BABATAN,LAKI-LAKI,14,2020,real_bandung_reference
32,JAWA BARAT,3273,KOTA BANDUNG,3273180,32.73.05,ANDIR,ORANG,ANDIR,UPT BABATAN,PEREMPUAN,19,2020,real_bandung_reference
32,JAWA BARAT,3273,KOTA BANDUNG,3273170,32.73.19,SUMUR BANDUNG,ORANG,SUMUR BANDUNG,UPT BALAIKOTA,LAKI-LAKI,8,2020,real_bandung_reference
32,JAWA BARAT,3273,KOTA BANDUNG,3273170,32.73.19,SUMUR BANDUNG,ORANG,SUMUR BANDUNG,UPT BALAIKOTA,PEREMPUAN,10,2020,real_bandung_reference
32,JAWA BARAT,3273,KOTA BANDUNG,3273020,32.73.03,BABAKAN CIPARAY,ORANG,BABAKAN CIPARAY,UPT CARINGIN,LAKI-LAKI,26,2020,real_bandung_reference
32,JAWA BARAT,3273,KOTA BANDUNG,3273020,32.73.03,BABAKAN CIPARAY,ORANG,BABAKAN CIPARAY,UPT CARINGIN,PEREMPUAN,14,2020,real_bandung_reference
32,JAWA BARAT,3273,KOTA BANDUNG,3273101,32.73.27,GEDEBAGE,ORANG,GEDEBAGE,UPT CEMPAKA ARUM,LAKI-LAKI,10,2020,real_bandung_reference
32,JAWA BARAT,3273,KOTA BANDUNG,3273101,32.73.27,GEDEBAGE,ORANG,GEDEBAGE,UPT CEMPAKA ARUM,PEREMPUAN,13,2020,real_bandung_reference
32,JAWA BARAT,3273,KOTA BANDUNG,3273030,32.73.04,BOJONGLOA KALER,ORANG,BOJONGLOA KALER,UPT CETARIP,LAKI-LAKI,28,2020,real_bandung_reference
32,JAWA BARAT,3273,KOTA BANDUNG,3273030,32.73.04,BOJONGLOA KALER,ORANG,BOJONGLOA KALER,UPT CETARIP,PEREMPUAN,26,2020,real_bandung_reference
32,JAWA BARAT,3273,KOTA BANDUNG,3273040,32.73.17,BOJONGLOA KIDUL,ORANG,BOJONGLOA KIDUL,UPT CIBADUYUT KIDUL,LAKI-LAKI,1,2020,real_bandung_reference
32,JAWA BARAT,3273,KOTA BANDUNG,3273040,32.73.17,BOJONGLOA KIDUL,ORANG,BOJONGLOA KIDUL,UPT CIBADUYUT KIDUL,PEREMPUAN,2,2020,real_bandung_reference
32,JAWA BARAT,3273,KOTA BANDUNG,3273040,32.73.17,BOJONGLOA KIDUL,ORANG,BOJONGLOA KIDUL,UPT CIBADUYUT WETAN,LAKI-LAKI,1,2020,real_bandung_reference
32,JAWA BARAT,3273,KOTA BANDUNG,3273040,32.73.17,BOJONGLOA KIDUL,ORANG,BOJONGLOA KIDUL,UPT CIBADUYUT WETAN,PEREMPUAN,5,2020,real_bandung_reference
32,JAWA BARAT,3273,KOTA BANDUNG,3273110,32.73.25,CIBIRU,ORANG,CIBIRU,UPT CIBIRU,LAKI-LAKI,11,2020,real_bandung_reference
32,JAWA BARAT,3273,KOTA BANDUNG,3273110,32.73.25,CIBIRU,ORANG,CIBIRU,UPT CIBIRU,PEREMPUAN,7,2020,real_bandung_reference
32,JAWA BARAT,3273,KOTA BANDUNG,3273020,32.73.03,BABAKAN CIPARAY,ORANG,BABAKAN CIPARAY,UPT CIBOLERANG,LAKI-LAKI,9,2020,real_bandung_reference
32,JAWA BARAT,3273,KOTA BANDUNG,3273020,32.73.03,BABAKAN CIPARAY,ORANG,BABAKAN CIPARAY,UPT CIBOLERANG,PEREMPUAN,5,2020,real_bandung_reference
32,JAWA BARAT,3273,KOTA BANDUNG,3273010,32.73.15,BANDUNG KULON,ORANG,BANDUNG KULON,UPT CIBUNTU,LAKI-LAKI,14,2020,real_bandung_reference
32,JAWA BARAT,3273,KOTA BANDUNG,3273010,32.73.15,BANDUNG KULON,ORANG,BANDUNG KULON,UPT CIBUNTU,PEREMPUAN,8,2020,real_bandung_reference
32,JAWA BARAT,3273,KOTA BANDUNG,3273220,32.73.18,CIBEUNYING KALER,ORANG,CIBEUNYING KALER,UPT CIGADUNG,LAKI-LAKI,14,2020,real_bandung_reference
32,JAWA BARAT,3273,KOTA BANDUNG,3273220,32.73.18,CIBEUNYING KALER,ORANG,CIBEUNYING KALER,UPT CIGADUNG,PEREMPUAN,16,2020,real_bandung_reference
32,JAWA BARAT,3273,KOTA BANDUNG,3273010,32.73.15,BANDUNG KULON,ORANG,BANDUNG KULON,UPT CIGONDEWAH,LAKI-LAKI,7,2020,real_bandung_reference
32,JAWA BARAT,3273,KOTA BANDUNG,3273010,32.73.15,BANDUNG KULON,ORANG,BANDUNG KULON,UPT CIGONDEWAH,PEREMPUAN,6,2020,real_bandung_reference
32,JAWA BARAT,3273,KOTA BANDUNG,3273070,32.73.13,LENGKONG,ORANG,LENGKONG,UPT CIJAGRA BARU,LAKI-LAKI,7,2020,real_bandung_reference
32,JAWA BARAT,3273,KOTA BANDUNG,3273070,32.73.13,LENGKONG,ORANG,LENGKONG,UPT CIJAGRA BARU,PEREMPUAN,6,2020,real_bandung_reference
32,JAWA BARAT,3273,KOTA BANDUNG,3273070,32.73.13,LENGKONG,ORANG,LENGKONG,UPT CIJAGRA LAMA,LAKI-LAKI,26,2020,real_bandung_reference
32,JAWA BARAT,3273,KOTA BANDUNG,3273070,32.73.13,LENGKONG,ORANG,LENGKONG,UPT CIJAGRA LAMA,PEREMPUAN,22,2020,real_bandung_reference
32,JAWA BARAT,3273,KOTA BANDUNG,3273010,32.73.15,BANDUNG KULON,ORANG,BANDUNG KULON,UPT CIJERAH,LAKI-LAKI,13,2020,real_bandung_reference
32,JAWA BARAT,3273,KOTA BANDUNG,3273010,32.73.15,BANDUNG KULON,ORANG,BANDUNG KULON,UPT CIJERAH,PEREMPUAN,16,2020,real_bandung_reference
32,JAWA BARAT,3273,KOTA BANDUNG,3273230,32.73.02,COBLONG,ORANG,COBLONG,UPT CIKUTRA LAMA,LAKI-LAKI,30,2020,real_bandung_reference
32,JAWA BARAT,3273,KOTA BANDUNG,3273230,32.73.02,COBLONG,ORANG,COBLONG,UPT CIKUTRA LAMA,PEREMPUAN,18,2020,real_bandung_reference
32,JAWA BARAT,3273,KOTA BANDUNG,3273110,32.73.25,CIBIRU,ORANG,CIBIRU,UPT CILENGKRANG,LAKI-LAKI,4,2020,real_bandung_reference
32,JAWA BARAT,3273,KOTA BANDUNG,3273110,32.73.25,CIBIRU,ORANG,CIBIRU,UPT CILENGKRANG,PEREMPUAN,4,2020,real_bandung_reference
32,JAWA BARAT,3273,KOTA BANDUNG,3273121,32.73.29,CINAMBO,ORANG,CINAMBO,UPT CINAMBO,LAKI-LAKI,18,2020,real_bandung_reference
32,JAWA BARAT,3273,KOTA BANDUNG,3273121,32.73.29,CINAMBO,ORANG,CINAMBO,UPT CINAMBO,PEREMPUAN,18,2020,real_bandung_reference
32,JAWA BARAT,3273,KOTA BANDUNG,3273110,32.73.25,CIBIRU,ORANG,CIBIRU,UPT CIPADUNG,LAKI-LAKI,21,2020,real_bandung_reference
32,JAWA BARAT,3273,KOTA BANDUNG,3273110,32.73.25,CIBIRU,ORANG,CIBIRU,UPT CIPADUNG,PEREMPUAN,25,2020,real_bandung_reference
32,JAWA BARAT,3273,KOTA BANDUNG,3273260,32.73.08,CIDADAP,ORANG,CIDADAP,UPT CIPAKU,LAKI-LAKI,8,2020,real_bandung_reference
32,JAWA BARAT,3273,KOTA BANDUNG,3273260,32.73.08,CIDADAP,ORANG,CIDADAP,UPT CIPAKU,PEREMPUAN,3,2020,real_bandung_reference
32,JAWA BARAT,3273,KOTA BANDUNG,3273100,32.73.23,RANCASARI,ORANG,RANCASARI,UPT CIPAMOKOLAN,LAKI-LAKI,56,2020,real_bandung_reference
32,JAWA BARAT,3273,KOTA BANDUNG,3273100,32.73.23,RANCASARI,ORANG,RANCASARI,UPT CIPAMOKOLAN,PEREMPUAN,43,2020,real_bandung_reference
32,JAWA BARAT,3273,KOTA BANDUNG,3273260,32.73.08,CIDADAP,ORANG,CIDADAP,UPT CIUMBULEUIT,LAKI-LAKI,26,2020,real_bandung_reference
32,JAWA BARAT,3273,KOTA BANDUNG,3273260,32.73.08,CIDADAP,ORANG,CIDADAP,UPT CIUMBULEUIT,PEREMPUAN,23,2020,real_bandung_reference
32,JAWA BARAT,3273,KOTA BANDUNG,3273230,32.73.02,COBLONG,ORANG,COBLONG,UPT DAGO,LAKI-LAKI,44,2020,real_bandung_reference
32,JAWA BARAT,3273,KOTA BANDUNG,3273230,32.73.02,COBLONG,ORANG,COBLONG,UPT DAGO,PEREMPUAN,34,2020,real_bandung_reference
32,JAWA BARAT,3273,KOTA BANDUNG,3273100,32.73.23,RANCASARI,ORANG,RANCASARI,UPT DERWATI,LAKI-LAKI,22,2020,real_bandung_reference
32,JAWA BARAT,3273,KOTA BANDUNG,3273100,32.73.23,RANCASARI,ORANG,RANCASARI,UPT DERWATI,PEREMPUAN,22,2020,real_bandung_reference
32,JAWA BARAT,3273,KOTA BANDUNG,3273180,32.73.05,ANDIR,ORANG,ANDIR,UPT GARUDA,LAKI-LAKI,29,2020,real_bandung_reference
32,JAWA BARAT,3273,KOTA BANDUNG,3273180,32.73.05,ANDIR,ORANG,ANDIR,UPT GARUDA,PEREMPUAN,22,2020,real_bandung_reference
32,JAWA BARAT,3273,KOTA BANDUNG,3273142,32.73.30,MANDALAJATI,ORANG,MANDALAJATI,UPT GIRIMANDE,LAKI-LAKI,12,2020,real_bandung_reference
32,JAWA BARAT,3273,KOTA BANDUNG,3273142,32.73.30,MANDALAJATI,ORANG,MANDALAJATI,UPT GIRIMANDE,PEREMPUAN,7,2020,real_bandung_reference
32,JAWA BARAT,3273,KOTA BANDUNG,3273141,32.73.20,ANTAPANI,ORANG,ANTAPANI,UPT GRIYA ANTAPANI,LAKI-LAKI,15,2020,real_bandung_reference
32,JAWA BARAT,3273,KOTA BANDUNG,3273141,32.73.20,ANTAPANI,ORANG,ANTAPANI,UPT GRIYA ANTAPANI,PEREMPUAN,18,2020,real_bandung_reference
32,JAWA BARAT,3273,KOTA BANDUNG,3273160,32.73.12,BATUNUNGGAL,ORANG,BATUNUNGGAL,UPT GUMURUH,LAKI-LAKI,35,2020,real_bandung_reference
32,JAWA BARAT,3273,KOTA BANDUNG,3273160,32.73.12,BATUNUNGGAL,ORANG,BATUNUNGGAL,UPT GUMURUH,PEREMPUAN,21,2020,real_bandung_reference
32,JAWA BARAT,3273,KOTA BANDUNG,3273160,32.73.12,BATUNUNGGAL,ORANG,BATUNUNGGAL,UPT IBRAHIM ADJIE,LAKI-LAKI,27,2020,real_bandung_reference
32,JAWA BARAT,3273,KOTA BANDUNG,3273160,32.73.12,BATUNUNGGAL,ORANG,BATUNUNGGAL,UPT IBRAHIM ADJIE,PEREMPUAN,16,2020,real_bandung_reference
32,JAWA BARAT,3273,KOTA BANDUNG,3273141,32.73.20,ANTAPANI,ORANG,ANTAPANI,UPT JAJAWAY,LAKI-LAKI,18,2020,real_bandung_reference
32,JAWA BARAT,3273,KOTA BANDUNG,3273141,32.73.20,ANTAPANI,ORANG,ANTAPANI,UPT JAJAWAY,PEREMPUAN,28,2020,real_bandung_reference
32,JAWA BARAT,3273,KOTA BANDUNG,3273142,32.73.30,MANDALAJATI,ORANG,MANDALAJATI,UPT JATIHANDAP,LAKI-LAKI,6,2020,real_bandung_reference
32,JAWA BARAT,3273,KOTA BANDUNG,3273142,32.73.30,MANDALAJATI,ORANG,MANDALAJATI,UPT JATIHANDAP,PEREMPUAN,1,2020,real_bandung_reference
32,JAWA BARAT,3273,KOTA BANDUNG,3273250,32.73.01,SUKASARI,ORANG,SUKASARI,UPT KARANGSETRA,LAKI-LAKI,18,2020,real_bandung_reference
32,JAWA BARAT,3273,KOTA BANDUNG,3273250,32.73.01,SUKASARI,ORANG,SUKASARI,UPT KARANGSETRA,PEREMPUAN,17,2020,real_bandung_reference
32,JAWA BARAT,3273,KOTA BANDUNG,3273040,32.73.17,BOJONGLOA KIDUL,ORANG,BOJONGLOA KIDUL,UPT KOPO,LAKI-LAKI,26,2020,real_bandung_reference
32,JAWA BARAT,3273,KOTA BANDUNG,3273040,32.73.17,BOJONGLOA KIDUL,ORANG,BOJONGLOA KIDUL,UPT KOPO,PEREMPUAN,15,2020,real_bandung_reference
32,JAWA BARAT,3273,KOTA BANDUNG,3273080,32.73.21,BANDUNG KIDUL,ORANG,BANDUNG KIDUL,UPT KUJANG SARI,LAKI-LAKI,30,2020,real_bandung_reference
32,JAWA BARAT,3273,KOTA BANDUNG,3273080,32.73.21,BANDUNG KIDUL,ORANG,BANDUNG KIDUL,UPT KUJANG SARI,PEREMPUAN,25,2020,real_bandung_reference
32,JAWA BARAT,3273,KOTA BANDUNG,3273250,32.73.01,SUKASARI,ORANG,SUKASARI,UPT LEDENG,LAKI-LAKI,5,2020,real_bandung_reference
32,JAWA BARAT,3273,KOTA BANDUNG,3273250,32.73.01,SUKASARI,ORANG,SUKASARI,UPT LEDENG,PEREMPUAN,7,2020,real_bandung_reference
32,JAWA BARAT,3273,KOTA BANDUNG,3273050,32.73.10,ASTANA ANYAR,ORANG,ASTANAANYAR,UPT LIOGENTENG,LAKI-LAKI,5,2020,real_bandung_reference
32,JAWA BARAT,3273,KOTA BANDUNG,3273050,32.73.10,ASTANA ANYAR,ORANG,ASTANAANYAR,UPT LIOGENTENG,PEREMPUAN,1,2020,real_bandung_reference
32,JAWA BARAT,3273,KOTA BANDUNG,3273142,32.73.30,MANDALAJATI,ORANG,MANDALAJATI,UPT MANDALA MEKAR,LAKI-LAKI,10,2020,real_bandung_reference
32,JAWA BARAT,3273,KOTA BANDUNG,3273142,32.73.30,MANDALAJATI,ORANG,MANDALAJATI,UPT MANDALA MEKAR,PEREMPUAN,8,2020,real_bandung_reference
32,JAWA BARAT,3273,KOTA BANDUNG,3273090,32.73.22,BUAHBATU,ORANG,BUAHBATU,UPT MARGAHAYU RAYA,LAKI-LAKI,57,2020,real_bandung_reference
32,JAWA BARAT,3273,KOTA BANDUNG,3273090,32.73.22,BUAHBATU,ORANG,BUAHBATU,UPT MARGAHAYU RAYA,PEREMPUAN,58,2020,real_bandung_reference
32,JAWA BARAT,3273,KOTA BANDUNG,3273080,32.73.21,BANDUNG KIDUL,ORANG,BANDUNG KIDUL,UPT MENGGER,LAKI-LAKI,5,2020,real_bandung_reference
32,JAWA BARAT,3273,KOTA BANDUNG,3273080,32.73.21,BANDUNG KIDUL,ORANG,BANDUNG KIDUL,UPT MENGGER,PEREMPUAN,4,2020,real_bandung_reference
32,JAWA BARAT,3273,KOTA BANDUNG,3273060,32.73.11,REGOL,ORANG,REGOL,UPT MOCH. RAMDAN,LAKI-LAKI,17,2020,real_bandung_reference
32,JAWA BARAT,3273,KOTA BANDUNG,3273060,32.73.11,REGOL,ORANG,REGOL,UPT MOCH. RAMDAN,PEREMPUAN,7,2020,real_bandung_reference
32,JAWA BARAT,3273,KOTA BANDUNG,3273220,32.73.18,CIBEUNYING KALER,ORANG,CIBEUNYING KALER,UPT NEGLASARI,LAKI-LAKI,30,2020,real_bandung_reference
32,JAWA BARAT,3273,KOTA BANDUNG,3273220,32.73.18,CIBEUNYING KALER,ORANG,CIBEUNYING KALER,UPT NEGLASARI,PEREMPUAN,25,2020,real_bandung_reference
32,JAWA BARAT,3273,KOTA BANDUNG,3273210,32.73.14,CIBEUNYING KIDUL,ORANG,CIBEUNYING KIDUL,UPT PADASUKA,LAKI-LAKI,29,2020,real_bandung_reference
32,JAWA BARAT,3273,KOTA BANDUNG,3273210,32.73.14,CIBEUNYING KIDUL,ORANG,CIBEUNYING KIDUL,UPT PADASUKA,PEREMPUAN,25,2020,real_bandung_reference
32,JAWA BARAT,3273,KOTA BANDUNG,3273050,32.73.10,ASTANA ANYAR,ORANG,ASTANAANYAR,UPT PAGARSIH,LAKI-LAKI,24,2020,real_bandung_reference
32,JAWA BARAT,3273,KOTA BANDUNG,3273050,32.73.10,ASTANA ANYAR,ORANG,ASTANAANYAR,UPT PAGARSIH,PEREMPUAN,10,2020,real_bandung_reference
32,JAWA BARAT,3273,KOTA BANDUNG,3273142,32.73.30,MANDALAJATI,ORANG,MANDALAJATI,UPT PAMULANG,LAKI-LAKI,5,2020,real_bandung_reference
32,JAWA BARAT,3273,KOTA BANDUNG,3273142,32.73.30,MANDALAJATI,ORANG,MANDALAJATI,UPT PAMULANG,PEREMPUAN,3,2020,real_bandung_reference
32,JAWA BARAT,3273,KOTA BANDUNG,3273111,32.73.28,PANYILEUKAN,ORANG,PANYILEUKAN,UPT PANGHEGAR,LAKI-LAKI,34,2020,real_bandung_reference
32,JAWA BARAT,3273,KOTA BANDUNG,3273111,32.73.28,PANYILEUKAN,ORANG,PANYILEUKAN,UPT PANGHEGAR,PEREMPUAN,24,2020,real_bandung_reference
32,JAWA BARAT,3273,KOTA BANDUNG,3273111,32.73.28,PANYILEUKAN,ORANG,PANYILEUKAN,UPT PANYILEUKAN,LAKI-LAKI,9,2020,real_bandung_reference
32,JAWA BARAT,3273,KOTA BANDUNG,3273111,32.73.28,PANYILEUKAN,ORANG,PANYILEUKAN,UPT PANYILEUKAN,PEREMPUAN,10,2020,real_bandung_reference
32,JAWA BARAT,3273,KOTA BANDUNG,3273080,32.73.21,BANDUNG KIDUL,ORANG,BANDUNG KIDUL,UPT PASAWAHAN,LAKI-LAKI,0,2020,real_bandung_reference
32,JAWA BARAT,3273,KOTA BANDUNG,3273080,32.73.21,BANDUNG KIDUL,ORANG,BANDUNG KIDUL,UPT PASAWAHAN,PEREMPUAN,1,2020,real_bandung_reference
32,JAWA BARAT,3273,KOTA BANDUNG,3273120,32.73.26,UJUNGBERUNG,ORANG,UJUNG BERUNG,UPT PASIRJATI,LAKI-LAKI,28,2020,real_bandung_reference
32,JAWA BARAT,3273,KOTA BANDUNG,3273120,32.73.26,UJUNGBERUNG,ORANG,UJUNG BERUNG,UPT PASIRJATI,PEREMPUAN,27,2020,real_bandung_reference
32,JAWA BARAT,3273,KOTA BANDUNG,3273190,32.73.06,CICENDO,ORANG,CICENDO,UPT PASIRKALIKI,LAKI-LAKI,40,2020,real_bandung_reference
32,JAWA BARAT,3273,KOTA BANDUNG,3273190,32.73.06,CICENDO,ORANG,CICENDO,UPT PASIRKALIKI,PEREMPUAN,27,2020,real_bandung_reference
32,JAWA BARAT,3273,KOTA BANDUNG,3273210,32.73.14,CIBEUNYING KIDUL,ORANG,CIBEUNYING KIDUL,UPT PASIRLAYUNG,LAKI-LAKI,23,2020,real_bandung_reference
32,JAWA BARAT,3273,KOTA BANDUNG,3273210,32.73.14,CIBEUNYING KIDUL,ORANG,CIBEUNYING KIDUL,UPT PASIRLAYUNG,PEREMPUAN,13,2020,real_bandung_reference
32,JAWA BARAT,3273,KOTA BANDUNG,3273060,32.73.11,REGOL,ORANG,REGOL,UPT PASIRLUYU,LAKI-LAKI,12,2020,real_bandung_reference
32,JAWA BARAT,3273,KOTA BANDUNG,3273060,32.73.11,REGOL,ORANG,REGOL,UPT PASIRLUYU,PEREMPUAN,15,2020,real_bandung_reference
32,JAWA BARAT,3273,KOTA BANDUNG,3273060,32.73.11,REGOL,ORANG,REGOL,UPT PASUNDAN,LAKI-LAKI,7,2020,real_bandung_reference
32,JAWA BARAT,3273,KOTA BANDUNG,3273060,32.73.11,REGOL,ORANG,REGOL,UPT PASUNDAN,PEREMPUAN,9,2020,real_bandung_reference
32,JAWA BARAT,3273,KOTA BANDUNG,3273050,32.73.10,ASTANA ANYAR,ORANG,ASTANAANYAR,UPT PELINDUNG HEWAN,LAKI-LAKI,6,2020,real_bandung_reference
32,JAWA BARAT,3273,KOTA BANDUNG,3273050,32.73.10,ASTANA ANYAR,ORANG,ASTANAANYAR,UPT PELINDUNG HEWAN,PEREMPUAN,7,2020,real_bandung_reference
32,JAWA BARAT,3273,KOTA BANDUNG,3273230,32.73.02,COBLONG,ORANG,COBLONG,UPT PUTER,LAKI-LAKI,19,2020,real_bandung_reference
32,JAWA BARAT,3273,KOTA BANDUNG,3273230,32.73.02,COBLONG,ORANG,COBLONG,UPT PUTER,PEREMPUAN,19,2020,real_bandung_reference
32,JAWA BARAT,3273,KOTA BANDUNG,3273101,32.73.27,GEDEBAGE,ORANG,GEDEBAGE,UPT RIUNG BANDUNG,LAKI-LAKI,22,2020,real_bandung_reference
32,JAWA BARAT,3273,KOTA BANDUNG,3273101,32.73.27,GEDEBAGE,ORANG,GEDEBAGE,UPT RIUNG BANDUNG,PEREMPUAN,19,2020,real_bandung_reference
32,JAWA BARAT,3273,KOTA BANDUNG,3273130,32.73.24,ARCAMANIK,ORANG,ARCAMANIK,UPT RUSUNAWA,LAKI-LAKI,44,2020,real_bandung_reference
32,JAWA BARAT,3273,KOTA BANDUNG,3273130,32.73.24,ARCAMANIK,ORANG,ARCAMANIK,UPT RUSUNAWA,PEREMPUAN,40,2020,real_bandung_reference
32,JAWA BARAT,3273,KOTA BANDUNG,3273200,32.73.09,BANDUNG WETAN,ORANG,BANDUNG WETAN,UPT SALAM,LAKI-LAKI,11,2020,real_bandung_reference
32,JAWA BARAT,3273,KOTA BANDUNG,3273200,32.73.09,BANDUNG WETAN,ORANG,BANDUNG WETAN,UPT SALAM,PEREMPUAN,10,2020,real_bandung_reference
32,JAWA BARAT,3273,KOTA BANDUNG,3273250,32.73.01,SUKASARI,ORANG,SUKASARI,UPT SARIJADI,LAKI-LAKI,24,2020,real_bandung_reference
32,JAWA BARAT,3273,KOTA BANDUNG,3273250,32.73.01,SUKASARI,ORANG,SUKASARI,UPT SARIJADI,PEREMPUAN,20,2020,real_bandung_reference
32,JAWA BARAT,3273,KOTA BANDUNG,3273090,32.73.22,BUAHBATU,ORANG,BUAHBATU,UPT SEKEJATI,LAKI-LAKI,27,2020,real_bandung_reference
32,JAWA BARAT,3273,KOTA BANDUNG,3273090,32.73.22,BUAHBATU,ORANG,BUAHBATU,UPT SEKEJATI,PEREMPUAN,38,2020,real_bandung_reference
32,JAWA BARAT,3273,KOTA BANDUNG,3273230,32.73.02,COBLONG,ORANG,COBLONG,UPT SEKELOA,LAKI-LAKI,14,2020,real_bandung_reference
32,JAWA BARAT,3273,KOTA BANDUNG,3273230,32.73.02,COBLONG,ORANG,COBLONG,UPT SEKELOA,PEREMPUAN,11,2020,real_bandung_reference
32,JAWA BARAT,3273,KOTA BANDUNG,3273142,32.73.30,MANDALAJATI,ORANG,MANDALAJATI,UPT SINDANG JAYA,LAKI-LAKI,23,2020,real_bandung_reference
32,JAWA BARAT,3273,KOTA BANDUNG,3273142,32.73.30,MANDALAJATI,ORANG,MANDALAJATI,UPT SINDANG JAYA,PEREMPUAN,12,2020,real_bandung_reference
32,JAWA BARAT,3273,KOTA BANDUNG,3273240,32.73.07,SUKAJADI,ORANG,SUKAJADI,UPT SUKAGALIH,LAKI-LAKI,11,2020,real_bandung_reference
32,JAWA BARAT,3273,KOTA BANDUNG,3273240,32.73.07,SUKAJADI,ORANG,SUKAJADI,UPT SUKAGALIH,PEREMPUAN,11,2020,real_bandung_reference
32,JAWA BARAT,3273,KOTA BANDUNG,3273020,32.73.03,BABAKAN CIPARAY,ORANG,BABAKAN CIPARAY,UPT SUKAHAJI,LAKI-LAKI,18,2020,real_bandung_reference
32,JAWA BARAT,3273,KOTA BANDUNG,3273020,32.73.03,BABAKAN CIPARAY,ORANG,BABAKAN CIPARAY,UPT SUKAHAJI,PEREMPUAN,18,2020,real_bandung_reference
32,JAWA BARAT,3273,KOTA BANDUNG,3273240,32.73.07,SUKAJADI,ORANG,SUKAJADI,UPT SUKAJADI,LAKI-LAKI,36,2020,real_bandung_reference
32,JAWA BARAT,3273,KOTA BANDUNG,3273240,32.73.07,SUKAJADI,ORANG,SUKAJADI,UPT SUKAJADI,PEREMPUAN,33,2020,real_bandung_reference
32,JAWA BARAT,3273,KOTA BANDUNG,3273030,32.73.04,BOJONGLOA KALER,ORANG,BOJONGLOA KALER,UPT SUKAPARKIR,LAKI-LAKI,5,2020,real_bandung_reference
32,JAWA BARAT,3273,KOTA BANDUNG,3273030,32.73.04,BOJONGLOA KALER,ORANG,BOJONGLOA KALER,UPT SUKAPARKIR,PEREMPUAN,11,2020,real_bandung_reference
32,JAWA BARAT,3273,KOTA BANDUNG,3273190,32.73.06,CICENDO,ORANG,CICENDO,UPT SUKARAJA,LAKI-LAKI,4,2020,real_bandung_reference
32,JAWA BARAT,3273,KOTA BANDUNG,3273190,32.73.06,CICENDO,ORANG,CICENDO,UPT SUKARAJA,PEREMPUAN,11,2020,real_bandung_reference
32,JAWA BARAT,3273,KOTA BANDUNG,3273250,32.73.01,SUKASARI,ORANG,SUKASARI,UPT SUKARASA,LAKI-LAKI,5,2020,real_bandung_reference
32,JAWA BARAT,3273,KOTA BANDUNG,3273250,32.73.01,SUKASARI,ORANG,SUKASARI,UPT SUKARASA,PEREMPUAN,4,2020,real_bandung_reference
32,JAWA BARAT,3273,KOTA BANDUNG,3273240,32.73.07,SUKAJADI,ORANG,SUKAJADI,UPT SUKAWARNA,LAKI-LAKI,10,2020,real_bandung_reference
32,JAWA BARAT,3273,KOTA BANDUNG,3273240,32.73.07,SUKAJADI,ORANG,SUKAJADI,UPT SUKAWARNA,PEREMPUAN,4,2020,real_bandung_reference
32,JAWA BARAT,3273,KOTA BANDUNG,3273070,32.73.13,LENGKONG,ORANG,LENGKONG,UPT SURYALAYA,LAKI-LAKI,4,2020,real_bandung_reference
32,JAWA BARAT,3273,KOTA BANDUNG,3273070,32.73.13,LENGKONG,ORANG,LENGKONG,UPT SURYALAYA,PEREMPUAN,3,2020,real_bandung_reference
32,JAWA BARAT,3273,KOTA BANDUNG,3273070,32.73.13,LENGKONG,ORANG,LENGKONG,UPT TALAGABODAS,LAKI-LAKI,13,2020,real_bandung_reference
32,JAWA BARAT,3273,KOTA BANDUNG,3273070,32.73.13,LENGKONG,ORANG,LENGKONG,UPT TALAGABODAS,PEREMPUAN,16,2020,real_bandung_reference
32,JAWA BARAT,3273,KOTA BANDUNG,3273200,32.73.09,BANDUNG WETAN,ORANG,BANDUNG WETAN,UPT TAMANSARI,LAKI-LAKI,11,2020,real_bandung_reference
32,JAWA BARAT,3273,KOTA BANDUNG,3273200,32.73.09,BANDUNG WETAN,ORANG,BANDUNG WETAN,UPT TAMANSARI,PEREMPUAN,15,2020,real_bandung_reference
32,JAWA BARAT,3273,KOTA BANDUNG,3273170,32.73.19,SUMUR BANDUNG,ORANG,SUMUR BANDUNG,UPT TAMBLONG,LAKI-LAKI,25,2020,real_bandung_reference
32,JAWA BARAT,3273,KOTA BANDUNG,3273170,32.73.19,SUMUR BANDUNG,ORANG,SUMUR BANDUNG,UPT TAMBLONG,PEREMPUAN,16,2020,real_bandung_reference
32,JAWA BARAT,3273,KOTA BANDUNG,3273120,32.73.26,UJUNGBERUNG,ORANG,UJUNG BERUNG,UPT UJUNGBERUNG INDAH,LAKI-LAKI,44,2020,real_bandung_reference
32,JAWA BARAT,3273,KOTA BANDUNG,3273120,32.73.26,UJUNGBERUNG,ORANG,UJUNG BERUNG,UPT UJUNGBERUNG INDAH,PEREMPUAN,38,2020,real_bandung_reference
32,JAWA BARAT,3273,KOTA BANDUNG,3273160,32.73.12,BATUNUNGGAL,ORANG,BATUNUNGGAL,UPT AHMAD YANI,LAKI-LAKI,8,2021,real_bandung_reference
32,JAWA BARAT,3273,KOTA BANDUNG,3273160,32.73.12,BATUNUNGGAL,ORANG,BATUNUNGGAL,UPT AHMAD YANI,PEREMPUAN,6,2021,real_bandung_reference
32,JAWA BARAT,3273,KOTA BANDUNG,3273141,32.73.20,ANTAPANI,ORANG,ANTAPANI,UPT ANTAPANI,LAKI-LAKI,65,2021,real_bandung_reference
32,JAWA BARAT,3273,KOTA BANDUNG,3273141,32.73.20,ANTAPANI,ORANG,ANTAPANI,UPT ANTAPANI,PEREMPUAN,48,2021,real_bandung_reference
32,JAWA BARAT,3273,KOTA BANDUNG,3273130,32.73.24,ARCAMANIK,ORANG,ARCAMANIK,UPT ARCAMANIK,LAKI-LAKI,35,2021,real_bandung_reference
32,JAWA BARAT,3273,KOTA BANDUNG,3273130,32.73.24,ARCAMANIK,ORANG,ARCAMANIK,UPT ARCAMANIK,PEREMPUAN,28,2021,real_bandung_reference
32,JAWA BARAT,3273,KOTA BANDUNG,3273050,32.73.10,ASTANA ANYAR,ORANG,ASTANAANYAR,UPT ASTANAANYAR,LAKI-LAKI,4,2021,real_bandung_reference
32,JAWA BARAT,3273,KOTA BANDUNG,3273050,32.73.10,ASTANA ANYAR,ORANG,ASTANAANYAR,UPT ASTANAANYAR,PEREMPUAN,11,2021,real_bandung_reference
32,JAWA BARAT,3273,KOTA BANDUNG,3273150,32.73.16,KIARACONDONG,ORANG,KIARACONDONG,UPT BABAKAN SURABAYA,LAKI-LAKI,26,2021,real_bandung_reference
32,JAWA BARAT,3273,KOTA BANDUNG,3273150,32.73.16,KIARACONDONG,ORANG,KIARACONDONG,UPT BABAKAN SURABAYA,PEREMPUAN,25,2021,real_bandung_reference
32,JAWA BARAT,3273,KOTA BANDUNG,3273030,32.73.04,BOJONGLOA KALER,ORANG,BOJONGLOA KALER,UPT BABAKAN TAROGONG,LAKI-LAKI,30,2021,real_bandung_reference
32,JAWA BARAT,3273,KOTA BANDUNG,3273030,32.73.04,BOJONGLOA KALER,ORANG,BOJONGLOA KALER,UPT BABAKAN TAROGONG,PEREMPUAN,34,2021,real_bandung_reference
32,JAWA BARAT,3273,KOTA BANDUNG,3273150,32.73.16,KIARACONDONG,ORANG,KIARACONDONG,UPT BABAKANSARI,LAKI-LAKI,86,2021,real_bandung_reference
32,JAWA BARAT,3273,KOTA BANDUNG,3273150,32.73.16,KIARACONDONG,ORANG,KIARACONDONG,UPT BABAKANSARI,PEREMPUAN,65,2021,real_bandung_reference
32,JAWA BARAT,3273,KOTA BANDUNG,3273180,32.73.05,ANDIR,ORANG,ANDIR,UPT BABATAN,LAKI-LAKI,34,2021,real_bandung_reference
32,JAWA BARAT,3273,KOTA BANDUNG,3273180,32.73.05,ANDIR,ORANG,ANDIR,UPT BABATAN,PEREMPUAN,21,2021,real_bandung_reference
32,JAWA BARAT,3273,KOTA BANDUNG,3273170,32.73.19,SUMUR BANDUNG,ORANG,SUMUR BANDUNG,UPT BALAIKOTA,LAKI-LAKI,7,2021,real_bandung_reference
32,JAWA BARAT,3273,KOTA BANDUNG,3273170,32.73.19,SUMUR BANDUNG,ORANG,SUMUR BANDUNG,UPT BALAIKOTA,PEREMPUAN,14,2021,real_bandung_reference
32,JAWA BARAT,3273,KOTA BANDUNG,3273020,32.73.03,BABAKAN CIPARAY,ORANG,BABAKAN CIPARAY,UPT CARINGIN,LAKI-LAKI,34,2021,real_bandung_reference
32,JAWA BARAT,3273,KOTA BANDUNG,3273020,32.73.03,BABAKAN CIPARAY,ORANG,BABAKAN CIPARAY,UPT CARINGIN,PEREMPUAN,27,2021,real_bandung_reference
32,JAWA BARAT,3273,KOTA BANDUNG,3273101,32.73.27,GEDEBAGE,ORANG,GEDEBAGE,UPT CEMPAKA ARUM,LAKI-LAKI,2,2021,real_bandung_reference
32,JAWA BARAT,3273,KOTA BANDUNG,3273101,32.73.27,GEDEBAGE,ORANG,GEDEBAGE,UPT CEMPAKA ARUM,PEREMPUAN,7,2021,real_bandung_reference
32,JAWA BARAT,3273,KOTA BANDUNG,3273030,32.73.04,BOJONGLOA KALER,ORANG,BOJONGLOA KALER,UPT CETARIP,LAKI-LAKI,40,2021,real_bandung_reference
32,JAWA BARAT,3273,KOTA BANDUNG,3273030,32.73.04,BOJONGLOA KALER,ORANG,BOJONGLOA KALER,UPT CETARIP,PEREMPUAN,23,2021,real_bandung_reference
32,JAWA BARAT,3273,KOTA BANDUNG,3273040,32.73.17,BOJONGLOA KIDUL,ORANG,BOJONGLOA KIDUL,UPT CIBADUYUT KIDUL,LAKI-LAKI,6,2021,real_bandung_reference
32,JAWA BARAT,3273,KOTA BANDUNG,3273040,32.73.17,BOJONGLOA KIDUL,ORANG,BOJONGLOA KIDUL,UPT CIBADUYUT KIDUL,PEREMPUAN,10,2021,real_bandung_reference
32,JAWA BARAT,3273,KOTA BANDUNG,3273040,32.73.17,BOJONGLOA KIDUL,ORANG,BOJONGLOA KIDUL,UPT CIBADUYUT WETAN,LAKI-LAKI,6,2021,real_bandung_reference
32,JAWA BARAT,3273,KOTA BANDUNG,3273040,32.73.17,BOJONGLOA KIDUL,ORANG,BOJONGLOA KIDUL,UPT CIBADUYUT WETAN,PEREMPUAN,5,2021,real_bandung_reference
32,JAWA BARAT,3273,KOTA BANDUNG,3273110,32.73.25,CIBIRU,ORANG,CIBIRU,UPT CIBIRU,LAKI-LAKI,10,2021,real_bandung_reference
32,JAWA BARAT,3273,KOTA BANDUNG,3273110,32.73.25,CIBIRU,ORANG,CIBIRU,UPT CIBIRU,PEREMPUAN,7,2021,real_bandung_reference
32,JAWA BARAT,3273,KOTA BANDUNG,3273020,32.73.03,BABAKAN CIPARAY,ORANG,BABAKAN CIPARAY,UPT CIBOLERANG,LAKI-LAKI,5,2021,real_bandung_reference
32,JAWA BARAT,3273,KOTA BANDUNG,3273020,32.73.03,BABAKAN CIPARAY,ORANG,BABAKAN CIPARAY,UPT CIBOLERANG,PEREMPUAN,7,2021,real_bandung_reference
32,JAWA BARAT,3273,KOTA BANDUNG,3273010,32.73.15,BANDUNG KULON,ORANG,BANDUNG KULON,UPT CIBUNTU,LAKI-LAKI,29,2021,real_bandung_reference
32,JAWA BARAT,3273,KOTA BANDUNG,3273010,32.73.15,BANDUNG KULON,ORANG,BANDUNG KULON,UPT CIBUNTU,PEREMPUAN,21,2021,real_bandung_reference
32,JAWA BARAT,3273,KOTA BANDUNG,3273220,32.73.18,CIBEUNYING KALER,ORANG,CIBEUNYING KALER,UPT CIGADUNG,LAKI-LAKI,44,2021,real_bandung_reference
32,JAWA BARAT,3273,KOTA BANDUNG,3273220,32.73.18,CIBEUNYING KALER,ORANG,CIBEUNYING KALER,UPT CIGADUNG,PEREMPUAN,41,2021,real_bandung_reference
32,JAWA BARAT,3273,KOTA BANDUNG,3273010,32.73.15,BANDUNG KULON,ORANG,BANDUNG KULON,UPT CIGONDEWAH,LAKI-LAKI,10,2021,real_bandung_reference
32,JAWA BARAT,3273,KOTA BANDUNG,3273010,32.73.15,BANDUNG KULON,ORANG,BANDUNG KULON,UPT CIGONDEWAH,PEREMPUAN,14,2021,real_bandung_reference
32,JAWA BARAT,3273,KOTA BANDUNG,3273070,32.73.13,LENGKONG,ORANG,LENGKONG,UPT CIJAGRA BARU,LAKI-LAKI,13,2021,real_bandung_reference
32,JAWA BARAT,3273,KOTA BANDUNG,3273070,32.73.13,LENGKONG,ORANG,LENGKONG,UPT CIJAGRA BARU,PEREMPUAN,8,2021,real_bandung_reference
32,JAWA BARAT,3273,KOTA BANDUNG,3273070,32.73.13,LENGKONG,ORANG,LENGKONG,UPT CIJAGRA LAMA,LAKI-LAKI,39,2021,real_bandung_reference
32,JAWA BARAT,3273,KOTA BANDUNG,3273070,32.73.13,LENGKONG,ORANG,LENGKONG,UPT CIJAGRA LAMA,PEREMPUAN,36,2021,real_bandung_reference
32,JAWA BARAT,3273,KOTA BANDUNG,3273010,32.73.15,BANDUNG KULON,ORANG,BANDUNG KULON,UPT CIJERAH,LAKI-LAKI,22,2021,real_bandung_reference
32,JAWA BARAT,3273,KOTA BANDUNG,3273010,32.73.15,BANDUNG KULON,ORANG,BANDUNG KULON,UPT CIJERAH,PEREMPUAN,17,2021,real_bandung_reference
32,JAWA BARAT,3273,KOTA BANDUNG,3273230,32.73.02,COBLONG,ORANG,COBLONG,UPT CIKUTRA LAMA,LAKI-LAKI,22,2021,real_bandung_reference
32,JAWA BARAT,3273,KOTA BANDUNG,3273230,32.73.02,COBLONG,ORANG,COBLONG,UPT CIKUTRA LAMA,PEREMPUAN,17,2021,real_bandung_reference
32,JAWA BARAT,3273,KOTA BANDUNG,3273110,32.73.25,CIBIRU,ORANG,CIBIRU,UPT CILENGKRANG,LAKI-LAKI,9,2021,real_bandung_reference
32,JAWA BARAT,3273,KOTA BANDUNG,3273110,32.73.25,CIBIRU,ORANG,CIBIRU,UPT CILENGKRANG,PEREMPUAN,8,2021,real_bandung_reference
32,JAWA BARAT,3273,KOTA BANDUNG,3273121,32.73.29,CINAMBO,ORANG,CINAMBO,UPT CINAMBO,LAKI-LAKI,18,2021,real_bandung_reference
32,JAWA BARAT,3273,KOTA BANDUNG,3273121,32.73.29,CINAMBO,ORANG,CINAMBO,UPT CINAMBO,PEREMPUAN,17,2021,real_bandung_reference
32,JAWA BARAT,3273,KOTA BANDUNG,3273110,32.73.25,CIBIRU,ORANG,CIBIRU,UPT CIPADUNG,LAKI-LAKI,29,2021,real_bandung_reference
32,JAWA BARAT,3273,KOTA BANDUNG,3273110,32.73.25,CIBIRU,ORANG,CIBIRU,UPT CIPADUNG,PEREMPUAN,31,2021,real_bandung_reference
32,JAWA BARAT,3273,KOTA BANDUNG,3273260,32.73.08,CIDADAP,ORANG,CIDADAP,UPT CIPAKU,LAKI-LAKI,5,2021,real_bandung_reference
32,JAWA BARAT,3273,KOTA BANDUNG,3273260,32.73.08,CIDADAP,ORANG,CIDADAP,UPT CIPAKU,PEREMPUAN,9,2021,real_bandung_reference
32,JAWA BARAT,3273,KOTA BANDUNG,3273100,32.73.23,RANCASARI,ORANG,RANCASARI,UPT CIPAMOKOLAN,LAKI-LAKI,66,2021,real_bandung_reference
32,JAWA BARAT,3273,KOTA BANDUNG,3273100,32.73.23,RANCASARI,ORANG,RANCASARI,UPT CIPAMOKOLAN,PEREMPUAN,63,2021,real_bandung_reference
32,JAWA BARAT,3273,KOTA BANDUNG,3273260,32.73.08,CIDADAP,ORANG,CIDADAP,UPT CIUMBULEUIT,LAKI-LAKI,23,2021,real_bandung_reference
32,JAWA BARAT,3273,KOTA BANDUNG,3273260,32.73.08,CIDADAP,ORANG,CIDADAP,UPT CIUMBULEUIT,PEREMPUAN,37,2021,real_bandung_reference
32,JAWA BARAT,3273,KOTA BANDUNG,3273230,32.73.02,COBLONG,ORANG,COBLONG,UPT DAGO,LAKI-LAKI,39,2021,real_bandung_reference
32,JAWA BARAT,3273,KOTA BANDUNG,3273230,32.73.02,COBLONG,ORANG,COBLONG,UPT DAGO,PEREMPUAN,40,2021,real_bandung_reference
32,JAWA BARAT,3273,KOTA BANDUNG,3273100,32.73.23,RANCASARI,ORANG,RANCASARI,UPT DERWATI,LAKI-LAKI,30,2021,real_bandung_reference
32,JAWA BARAT,3273,KOTA BANDUNG,3273100,32.73.23,RANCASARI,ORANG,RANCASARI,UPT DERWATI,PEREMPUAN,28,2021,real_bandung_reference
32,JAWA BARAT,3273,KOTA BANDUNG,3273180,32.73.05,ANDIR,ORANG,ANDIR,UPT GARUDA,LAKI-LAKI,35,2021,real_bandung_reference
32,JAWA BARAT,3273,KOTA BANDUNG,3273180,32.73.05,ANDIR,ORANG,ANDIR,UPT GARUDA,PEREMPUAN,33,2021,real_bandung_reference
32,JAWA BARAT,3273,KOTA BANDUNG,3273142,32.73.30,MANDALAJATI,ORANG,MANDALAJATI,UPT GIRIMANDE,LAKI-LAKI,10,2021,real_bandung_reference
32,JAWA BARAT,3273,KOTA BANDUNG,3273142,32.73.30,MANDALAJATI,ORANG,MANDALAJATI,UPT GIRIMANDE,PEREMPUAN,4,2021,real_bandung_reference
32,JAWA BARAT,3273,KOTA BANDUNG,3273141,32.73.20,ANTAPANI,ORANG,ANTAPANI,UPT GRIYA ANTAPANI,LAKI-LAKI,30,2021,real_bandung_reference
32,JAWA BARAT,3273,KOTA BANDUNG,3273141,32.73.20,ANTAPANI,ORANG,ANTAPANI,UPT GRIYA ANTAPANI,PEREMPUAN,27,2021,real_bandung_reference
32,JAWA BARAT,3273,KOTA BANDUNG,3273160,32.73.12,BATUNUNGGAL,ORANG,BATUNUNGGAL,UPT GUMURUH,LAKI-LAKI,33,2021,real_bandung_reference
32,JAWA BARAT,3273,KOTA BANDUNG,3273160,32.73.12,BATUNUNGGAL,ORANG,BATUNUNGGAL,UPT GUMURUH,PEREMPUAN,26,2021,real_bandung_reference
32,JAWA BARAT,3273,KOTA BANDUNG,3273160,32.73.12,BATUNUNGGAL,ORANG,BATUNUNGGAL,UPT IBRAHIM ADJIE,LAKI-LAKI,19,2021,real_bandung_reference
32,JAWA BARAT,3273,KOTA BANDUNG,3273160,32.73.12,BATUNUNGGAL,ORANG,BATUNUNGGAL,UPT IBRAHIM ADJIE,PEREMPUAN,27,2021,real_bandung_reference
32,JAWA BARAT,3273,KOTA BANDUNG,3273141,32.73.20,ANTAPANI,ORANG,ANTAPANI,UPT JAJAWAY,LAKI-LAKI,39,2021,real_bandung_reference
32,JAWA BARAT,3273,KOTA BANDUNG,3273141,32.73.20,ANTAPANI,ORANG,ANTAPANI,UPT JAJAWAY,PEREMPUAN,30,2021,real_bandung_reference
32,JAWA BARAT,3273,KOTA BANDUNG,3273142,32.73.30,MANDALAJATI,ORANG,MANDALAJATI,UPT JATIHANDAP,LAKI-LAKI,4,2021,real_bandung_reference
32,JAWA BARAT,3273,KOTA BANDUNG,3273142,32.73.30,MANDALAJATI,ORANG,MANDALAJATI,UPT JATIHANDAP,PEREMPUAN,13,2021,real_bandung_reference
32,JAWA BARAT,3273,KOTA BANDUNG,3273250,32.73.01,SUKASARI,ORANG,SUKASARI,UPT KARANGSETRA,LAKI-LAKI,22,2021,real_bandung_reference
32,JAWA BARAT,3273,KOTA BANDUNG,3273250,32.73.01,SUKASARI,ORANG,SUKASARI,UPT KARANGSETRA,PEREMPUAN,15,2021,real_bandung_reference
32,JAWA BARAT,3273,KOTA BANDUNG,3273040,32.73.17,BOJONGLOA KIDUL,ORANG,BOJONGLOA KIDUL,UPT KOPO,LAKI-LAKI,42,2021,real_bandung_reference
32,JAWA BARAT,3273,KOTA BANDUNG,3273040,32.73.17,BOJONGLOA KIDUL,ORANG,BOJONGLOA KIDUL,UPT KOPO,PEREMPUAN,45,2021,real_bandung_reference
32,JAWA BARAT,3273,KOTA BANDUNG,3273080,32.73.21,BANDUNG KIDUL,ORANG,BANDUNG KIDUL,UPT KUJANG SARI,LAKI-LAKI,45,2021,real_bandung_reference
32,JAWA BARAT,3273,KOTA BANDUNG,3273080,32.73.21,BANDUNG KIDUL,ORANG,BANDUNG KIDUL,UPT KUJANG SARI,PEREMPUAN,41,2021,real_bandung_reference
32,JAWA BARAT,3273,KOTA BANDUNG,3273250,32.73.01,SUKASARI,ORANG,SUKASARI,UPT LEDENG,LAKI-LAKI,4,2021,real_bandung_reference
32,JAWA BARAT,3273,KOTA BANDUNG,3273250,32.73.01,SUKASARI,ORANG,SUKASARI,UPT LEDENG,PEREMPUAN,4,2021,real_bandung_reference
32,JAWA BARAT,3273,KOTA BANDUNG,3273050,32.73.10,ASTANA ANYAR,ORANG,ASTANAANYAR,UPT LIOGENTENG,LAKI-LAKI,8,2021,real_bandung_reference
32,JAWA BARAT,3273,KOTA BANDUNG,3273050,32.73.10,ASTANA ANYAR,ORANG,ASTANAANYAR,UPT LIOGENTENG,PEREMPUAN,3,2021,real_bandung_reference
32,JAWA BARAT,3273,KOTA BANDUNG,3273142,32.73.30,MANDALAJATI,ORANG,MANDALAJATI,UPT MANDALA MEKAR,LAKI-LAKI,9,2021,real_bandung_reference
32,JAWA BARAT,3273,KOTA BANDUNG,3273142,32.73.30,MANDALAJATI,ORANG,MANDALAJATI,UPT MANDALA MEKAR,PEREMPUAN,10,2021,real_bandung_reference
32,JAWA BARAT,3273,KOTA BANDUNG,3273090,32.73.22,BUAHBATU,ORANG,BUAHBATU,UPT MARGAHAYU RAYA,LAKI-LAKI,65,2021,real_bandung_reference
32,JAWA BARAT,3273,KOTA BANDUNG,3273090,32.73.22,BUAHBATU,ORANG,BUAHBATU,UPT MARGAHAYU RAYA,PEREMPUAN,47,2021,real_bandung_reference
32,JAWA BARAT,3273,KOTA BANDUNG,3273080,32.73.21,BANDUNG KIDUL,ORANG,BANDUNG KIDUL,UPT MENGGER,LAKI-LAKI,11,2021,real_bandung_reference
32,JAWA BARAT,3273,KOTA BANDUNG,3273080,32.73.21,BANDUNG KIDUL,ORANG,BANDUNG KIDUL,UPT MENGGER,PEREMPUAN,4,2021,real_bandung_reference
32,JAWA BARAT,3273,KOTA BANDUNG,3273060,32.73.11,REGOL,ORANG,REGOL,UPT MOCH. RAMDAN,LAKI-LAKI,21,2021,real_bandung_reference
32,JAWA BARAT,3273,KOTA BANDUNG,3273060,32.73.11,REGOL,ORANG,REGOL,UPT MOCH. RAMDAN,PEREMPUAN,19,2021,real_bandung_reference
32,JAWA BARAT,3273,KOTA BANDUNG,3273220,32.73.18,CIBEUNYING KALER,ORANG,CIBEUNYING KALER,UPT NEGLASARI,LAKI-LAKI,17,2021,real_bandung_reference
32,JAWA BARAT,3273,KOTA BANDUNG,3273220,32.73.18,CIBEUNYING KALER,ORANG,CIBEUNYING KALER,UPT NEGLASARI,PEREMPUAN,19,2021,real_bandung_reference
32,JAWA BARAT,3273,KOTA BANDUNG,3273210,32.73.14,CIBEUNYING KIDUL,ORANG,CIBEUNYING KIDUL,UPT PADASUKA,LAKI-LAKI,52,2021,real_bandung_reference
32,JAWA BARAT,3273,KOTA BANDUNG,3273210,32.73.14,CIBEUNYING KIDUL,ORANG,CIBEUNYING KIDUL,UPT PADASUKA,PEREMPUAN,52,2021,real_bandung_reference
32,JAWA BARAT,3273,KOTA BANDUNG,3273050,32.73.10,ASTANA ANYAR,ORANG,ASTANAANYAR,UPT PAGARSIH,LAKI-LAKI,7,2021,real_bandung_reference
32,JAWA BARAT,3273,KOTA BANDUNG,3273050,32.73.10,ASTANA ANYAR,ORANG,ASTANAANYAR,UPT PAGARSIH,PEREMPUAN,8,2021,real_bandung_reference
32,JAWA BARAT,3273,KOTA BANDUNG,3273142,32.73.30,MANDALAJATI,ORANG,MANDALAJATI,UPT PAMULANG,LAKI-LAKI,5,2021,real_bandung_reference
32,JAWA BARAT,3273,KOTA BANDUNG,3273142,32.73.30,MANDALAJATI,ORANG,MANDALAJATI,UPT PAMULANG,PEREMPUAN,4,2021,real_bandung_reference
32,JAWA BARAT,3273,KOTA BANDUNG,3273111,32.73.28,PANYILEUKAN,ORANG,PANYILEUKAN,UPT PANGHEGAR,LAKI-LAKI,14,2021,real_bandung_reference
32,JAWA BARAT,3273,KOTA BANDUNG,3273111,32.73.28,PANYILEUKAN,ORANG,PANYILEUKAN,UPT PANGHEGAR,PEREMPUAN,12,2021,real_bandung_reference
32,JAWA BARAT,3273,KOTA BANDUNG,3273111,32.73.28,PANYILEUKAN,ORANG,PANYILEUKAN,UPT PANYILEUKAN,LAKI-LAKI,15,2021,real_bandung_reference
32,JAWA BARAT,3273,KOTA BANDUNG,3273111,32.73.28,PANYILEUKAN,ORANG,PANYILEUKAN,UPT PANYILEUKAN,PEREMPUAN,17,2021,real_bandung_reference
32,JAWA BARAT,3273,KOTA BANDUNG,3273080,32.73.21,BANDUNG KIDUL,ORANG,BANDUNG KIDUL,UPT PASAWAHAN,LAKI-LAKI,4,2021,real_bandung_reference
32,JAWA BARAT,3273,KOTA BANDUNG,3273080,32.73.21,BANDUNG KIDUL,ORANG,BANDUNG KIDUL,UPT PASAWAHAN,PEREMPUAN,5,2021,real_bandung_reference
32,JAWA BARAT,3273,KOTA BANDUNG,3273120,32.73.26,UJUNGBERUNG,ORANG,UJUNG BERUNG,UPT PASIRJATI,LAKI-LAKI,24,2021,real_bandung_reference
32,JAWA BARAT,3273,KOTA BANDUNG,3273120,32.73.26,UJUNGBERUNG,ORANG,UJUNG BERUNG,UPT PASIRJATI,PEREMPUAN,33,2021,real_bandung_reference
32,JAWA BARAT,3273,KOTA BANDUNG,3273190,32.73.06,CICENDO,ORANG,CICENDO,UPT PASIRKALIKI,LAKI-LAKI,43,2021,real_bandung_reference
32,JAWA BARAT,3273,KOTA BANDUNG,3273190,32.73.06,CICENDO,ORANG,CICENDO,UPT PASIRKALIKI,PEREMPUAN,40,2021,real_bandung_reference
32,JAWA BARAT,3273,KOTA BANDUNG,3273210,32.73.14,CIBEUNYING KIDUL,ORANG,CIBEUNYING KIDUL,UPT PASIRLAYUNG,LAKI-LAKI,22,2021,real_bandung_reference
32,JAWA BARAT,3273,KOTA BANDUNG,3273210,32.73.14,CIBEUNYING KIDUL,ORANG,CIBEUNYING KIDUL,UPT PASIRLAYUNG,PEREMPUAN,14,2021,real_bandung_reference
32,JAWA BARAT,3273,KOTA BANDUNG,3273060,32.73.11,REGOL,ORANG,REGOL,UPT PASIRLUYU,LAKI-LAKI,19,2021,real_bandung_reference
32,JAWA BARAT,3273,KOTA BANDUNG,3273060,32.73.11,REGOL,ORANG,REGOL,UPT PASIRLUYU,PEREMPUAN,24,2021,real_bandung_reference
32,JAWA BARAT,3273,KOTA BANDUNG,3273060,32.73.11,REGOL,ORANG,REGOL,UPT PASUNDAN,LAKI-LAKI,8,2021,real_bandung_reference
32,JAWA BARAT,3273,KOTA BANDUNG,3273060,32.73.11,REGOL,ORANG,REGOL,UPT PASUNDAN,PEREMPUAN,8,2021,real_bandung_reference
32,JAWA BARAT,3273,KOTA BANDUNG,3273050,32.73.10,ASTANA ANYAR,ORANG,ASTANAANYAR,UPT PELINDUNG HEWAN,LAKI-LAKI,16,2021,real_bandung_reference
32,JAWA BARAT,3273,KOTA BANDUNG,3273050,32.73.10,ASTANA ANYAR,ORANG,ASTANAANYAR,UPT PELINDUNG HEWAN,PEREMPUAN,18,2021,real_bandung_reference
32,JAWA BARAT,3273,KOTA BANDUNG,3273230,32.73.02,COBLONG,ORANG,COBLONG,UPT PUTER,LAKI-LAKI,18,2021,real_bandung_reference
32,JAWA BARAT,3273,KOTA BANDUNG,3273230,32.73.02,COBLONG,ORANG,COBLONG,UPT PUTER,PEREMPUAN,20,2021,real_bandung_reference
32,JAWA BARAT,3273,KOTA BANDUNG,3273101,32.73.27,GEDEBAGE,ORANG,GEDEBAGE,UPT RIUNG BANDUNG,LAKI-LAKI,43,2021,real_bandung_reference
32,JAWA BARAT,3273,KOTA BANDUNG,3273101,32.73.27,GEDEBAGE,ORANG,GEDEBAGE,UPT RIUNG BANDUNG,PEREMPUAN,33,2021,real_bandung_reference
32,JAWA BARAT,3273,KOTA BANDUNG,3273130,32.73.24,ARCAMANIK,ORANG,ARCAMANIK,UPT RUSUNAWA,LAKI-LAKI,40,2021,real_bandung_reference
32,JAWA BARAT,3273,KOTA BANDUNG,3273130,32.73.24,ARCAMANIK,ORANG,ARCAMANIK,UPT RUSUNAWA,PEREMPUAN,28,2021,real_bandung_reference
32,JAWA BARAT,3273,KOTA BANDUNG,3273200,32.73.09,BANDUNG WETAN,ORANG,BANDUNG WETAN,UPT SALAM,LAKI-LAKI,8,2021,real_bandung_reference
32,JAWA BARAT,3273,KOTA BANDUNG,3273200,32.73.09,BANDUNG WETAN,ORANG,BANDUNG WETAN,UPT SALAM,PEREMPUAN,4,2021,real_bandung_reference
32,JAWA BARAT,3273,KOTA BANDUNG,3273250,32.73.01,SUKASARI,ORANG,SUKASARI,UPT SARIJADI,LAKI-LAKI,34,2021,real_bandung_reference
32,JAWA BARAT,3273,KOTA BANDUNG,3273250,32.73.01,SUKASARI,ORANG,SUKASARI,UPT SARIJADI,PEREMPUAN,24,2021,real_bandung_reference
32,JAWA BARAT,3273,KOTA BANDUNG,3273090,32.73.22,BUAHBATU,ORANG,BUAHBATU,UPT SEKEJATI,LAKI-LAKI,34,2021,real_bandung_reference
32,JAWA BARAT,3273,KOTA BANDUNG,3273090,32.73.22,BUAHBATU,ORANG,BUAHBATU,UPT SEKEJATI,PEREMPUAN,39,2021,real_bandung_reference
32,JAWA BARAT,3273,KOTA BANDUNG,3273230,32.73.02,COBLONG,ORANG,COBLONG,UPT SEKELOA,LAKI-LAKI,12,2021,real_bandung_reference
32,JAWA BARAT,3273,KOTA BANDUNG,3273230,32.73.02,COBLONG,ORANG,COBLONG,UPT SEKELOA,PEREMPUAN,5,2021,real_bandung_reference
32,JAWA BARAT,3273,KOTA BANDUNG,3273142,32.73.30,MANDALAJATI,ORANG,MANDALAJATI,UPT SINDANG JAYA,LAKI-LAKI,19,2021,real_bandung_reference
32,JAWA BARAT,3273,KOTA BANDUNG,3273142,32.73.30,MANDALAJATI,ORANG,MANDALAJATI,UPT SINDANG JAYA,PEREMPUAN,31,2021,real_bandung_reference
32,JAWA BARAT,3273,KOTA BANDUNG,3273240,32.73.07,SUKAJADI,ORANG,SUKAJADI,UPT SUKAGALIH,LAKI-LAKI,25,2021,real_bandung_reference
32,JAWA BARAT,3273,KOTA BANDUNG,3273240,32.73.07,SUKAJADI,ORANG,SUKAJADI,UPT SUKAGALIH,PEREMPUAN,15,2021,real_bandung_reference
32,JAWA BARAT,3273,KOTA BANDUNG,3273020,32.73.03,BABAKAN CIPARAY,ORANG,BABAKAN CIPARAY,UPT SUKAHAJI,LAKI-LAKI,34,2021,real_bandung_reference
32,JAWA BARAT,3273,KOTA BANDUNG,3273020,32.73.03,BABAKAN CIPARAY,ORANG,BABAKAN CIPARAY,UPT SUKAHAJI,PEREMPUAN,24,2021,real_bandung_reference
32,JAWA BARAT,3273,KOTA BANDUNG,3273240,32.73.07,SUKAJADI,ORANG,SUKAJADI,UPT SUKAJADI,LAKI-LAKI,72,2021,real_bandung_reference
32,JAWA BARAT,3273,KOTA BANDUNG,3273240,32.73.07,SUKAJADI,ORANG,SUKAJADI,UPT SUKAJADI,PEREMPUAN,75,2021,real_bandung_reference
32,JAWA BARAT,3273,KOTA BANDUNG,3273030,32.73.04,BOJONGLOA KALER,ORANG,BOJONGLOA KALER,UPT SUKAPARKIR,LAKI-LAKI,20,2021,real_bandung_reference
32,JAWA BARAT,3273,KOTA BANDUNG,3273030,32.73.04,BOJONGLOA KALER,ORANG,BOJONGLOA KALER,UPT SUKAPARKIR,PEREMPUAN,17,2021,real_bandung_reference
32,JAWA BARAT,3273,KOTA BANDUNG,3273190,32.73.06,CICENDO,ORANG,CICENDO,UPT SUKARAJA,LAKI-LAKI,19,2021,real_bandung_reference
32,JAWA BARAT,3273,KOTA BANDUNG,3273190,32.73.06,CICENDO,ORANG,CICENDO,UPT SUKARAJA,PEREMPUAN,12,2021,real_bandung_reference
32,JAWA BARAT,3273,KOTA BANDUNG,3273250,32.73.01,SUKASARI,ORANG,SUKASARI,UPT SUKARASA,LAKI-LAKI,15,2021,real_bandung_reference
32,JAWA BARAT,3273,KOTA BANDUNG,3273250,32.73.01,SUKASARI,ORANG,SUKASARI,UPT SUKARASA,PEREMPUAN,16,2021,real_bandung_reference
32,JAWA BARAT,3273,KOTA BANDUNG,3273240,32.73.07,SUKAJADI,ORANG,SUKAJADI,UPT SUKAWARNA,LAKI-LAKI,17,2021,real_bandung_reference
32,JAWA BARAT,3273,KOTA BANDUNG,3273240,32.73.07,SUKAJADI,ORANG,SUKAJADI,UPT SUKAWARNA,PEREMPUAN,11,2021,real_bandung_reference
32,JAWA BARAT,3273,KOTA BANDUNG,3273070,32.73.13,LENGKONG,ORANG,LENGKONG,UPT SURYALAYA,LAKI-LAKI,5,2021,real_bandung_reference
32,JAWA BARAT,3273,KOTA BANDUNG,3273070,32.73.13,LENGKONG,ORANG,LENGKONG,UPT SURYALAYA,PEREMPUAN,8,2021,real_bandung_reference
32,JAWA BARAT,3273,KOTA BANDUNG,3273070,32.73.13,LENGKONG,ORANG,LENGKONG,UPT TALAGABODAS,LAKI-LAKI,13,2021,real_bandung_reference
32,JAWA BARAT,3273,KOTA BANDUNG,3273070,32.73.13,LENGKONG,ORANG,LENGKONG,UPT TALAGABODAS,PEREMPUAN,12,2021,real_bandung_reference
32,JAWA BARAT,3273,KOTA BANDUNG,3273200,32.73.09,BANDUNG WETAN,ORANG,BANDUNG WETAN,UPT TAMANSARI,LAKI-LAKI,15,2021,real_bandung_reference
32,JAWA BARAT,3273,KOTA BANDUNG,3273200,32.73.09,BANDUNG WETAN,ORANG,BANDUNG WETAN,UPT TAMANSARI,PEREMPUAN,19,2021,real_bandung_reference
32,JAWA BARAT,3273,KOTA BANDUNG,3273170,32.73.19,SUMUR BANDUNG,ORANG,SUMUR BANDUNG,UPT TAMBLONG,LAKI-LAKI,17,2021,real_bandung_reference
32,JAWA BARAT,3273,KOTA BANDUNG,3273170,32.73.19,SUMUR BANDUNG,ORANG,SUMUR BANDUNG,UPT TAMBLONG,PEREMPUAN,16,2021,real_bandung_reference
32,JAWA BARAT,3273,KOTA BANDUNG,3273120,32.73.26,UJUNGBERUNG,ORANG,UJUNG BERUNG,UPT UJUNGBERUNG INDAH,LAKI-LAKI,52,2021,real_bandung_reference
32,JAWA BARAT,3273,KOTA BANDUNG,3273120,32.73.26,UJUNGBERUNG,ORANG,UJUNG BERUNG,UPT UJUNGBERUNG INDAH,PEREMPUAN,56,2021,real_bandung_reference
32,JAWA BARAT,3273,KOTA BANDUNG,3273160,32.73.12,BATUNUNGGAL,ORANG,BATUNUNGGAL,UPT AHMAD YANI,LAKI-LAKI,15,2022,real_bandung_reference
32,JAWA BARAT,3273,KOTA BANDUNG,3273160,32.73.12,BATUNUNGGAL,ORANG,BATUNUNGGAL,UPT AHMAD YANI,PEREMPUAN,19,2022,real_bandung_reference
32,JAWA BARAT,3273,KOTA BANDUNG,3273141,32.73.20,ANTAPANI,ORANG,ANTAPANI,UPT ANTAPANI,LAKI-LAKI,48,2022,real_bandung_reference
32,JAWA BARAT,3273,KOTA BANDUNG,3273141,32.73.20,ANTAPANI,ORANG,ANTAPANI,UPT ANTAPANI,PEREMPUAN,38,2022,real_bandung_reference
32,JAWA BARAT,3273,KOTA BANDUNG,3273130,32.73.24,ARCAMANIK,ORANG,ARCAMANIK,UPT ARCAMANIK,LAKI-LAKI,54,2022,real_bandung_reference
32,JAWA BARAT,3273,KOTA BANDUNG,3273130,32.73.24,ARCAMANIK,ORANG,ARCAMANIK,UPT ARCAMANIK,PEREMPUAN,56,2022,real_bandung_reference
32,JAWA BARAT,3273,KOTA BANDUNG,3273050,32.73.10,ASTANA ANYAR,ORANG,ASTANAANYAR,UPT ASTANAANYAR,LAKI-LAKI,11,2022,real_bandung_reference
32,JAWA BARAT,3273,KOTA BANDUNG,3273050,32.73.10,ASTANA ANYAR,ORANG,ASTANAANYAR,UPT ASTANAANYAR,PEREMPUAN,12,2022,real_bandung_reference
32,JAWA BARAT,3273,KOTA BANDUNG,3273150,32.73.16,KIARACONDONG,ORANG,KIARACONDONG,UPT BABAKAN SURABAYA,LAKI-LAKI,32,2022,real_bandung_reference
32,JAWA BARAT,3273,KOTA BANDUNG,3273150,32.73.16,KIARACONDONG,ORANG,KIARACONDONG,UPT BABAKAN SURABAYA,PEREMPUAN,33,2022,real_bandung_reference
32,JAWA BARAT,3273,KOTA BANDUNG,3273030,32.73.04,BOJONGLOA KALER,ORANG,BOJONGLOA KALER,UPT BABAKAN TAROGONG,LAKI-LAKI,34,2022,real_bandung_reference
32,JAWA BARAT,3273,KOTA BANDUNG,3273030,32.73.04,BOJONGLOA KALER,ORANG,BOJONGLOA KALER,UPT BABAKAN TAROGONG,PEREMPUAN,37,2022,real_bandung_reference
32,JAWA BARAT,3273,KOTA BANDUNG,3273150,32.73.16,KIARACONDONG,ORANG,KIARACONDONG,UPT BABAKANSARI,LAKI-LAKI,91,2022,real_bandung_reference
32,JAWA BARAT,3273,KOTA BANDUNG,3273150,32.73.16,KIARACONDONG,ORANG,KIARACONDONG,UPT BABAKANSARI,PEREMPUAN,94,2022,real_bandung_reference
32,JAWA BARAT,3273,KOTA BANDUNG,3273180,32.73.05,ANDIR,ORANG,ANDIR,UPT BABATAN,LAKI-LAKI,20,2022,real_bandung_reference
32,JAWA BARAT,3273,KOTA BANDUNG,3273180,32.73.05,ANDIR,ORANG,ANDIR,UPT BABATAN,PEREMPUAN,26,2022,real_bandung_reference
32,JAWA BARAT,3273,KOTA BANDUNG,3273170,32.73.19,SUMUR BANDUNG,ORANG,SUMUR BANDUNG,UPT BALAIKOTA,LAKI-LAKI,11,2022,real_bandung_reference
32,JAWA BARAT,3273,KOTA BANDUNG,3273170,32.73.19,SUMUR BANDUNG,ORANG,SUMUR BANDUNG,UPT BALAIKOTA,PEREMPUAN,6,2022,real_bandung_reference
32,JAWA BARAT,3273,KOTA BANDUNG,3273020,32.73.03,BABAKAN CIPARAY,ORANG,BABAKAN CIPARAY,UPT CARINGIN,LAKI-LAKI,27,2022,real_bandung_reference
32,JAWA BARAT,3273,KOTA BANDUNG,3273020,32.73.03,BABAKAN CIPARAY,ORANG,BABAKAN CIPARAY,UPT CARINGIN,PEREMPUAN,27,2022,real_bandung_reference
32,JAWA BARAT,3273,KOTA BANDUNG,3273101,32.73.27,GEDEBAGE,ORANG,GEDEBAGE,UPT CEMPAKA ARUM,LAKI-LAKI,16,2022,real_bandung_reference
32,JAWA BARAT,3273,KOTA BANDUNG,3273101,32.73.27,GEDEBAGE,ORANG,GEDEBAGE,UPT CEMPAKA ARUM,PEREMPUAN,18,2022,real_bandung_reference
32,JAWA BARAT,3273,KOTA BANDUNG,3273030,32.73.04,BOJONGLOA KALER,ORANG,BOJONGLOA KALER,UPT CETARIP,LAKI-LAKI,47,2022,real_bandung_reference
32,JAWA BARAT,3273,KOTA BANDUNG,3273030,32.73.04,BOJONGLOA KALER,ORANG,BOJONGLOA KALER,UPT CETARIP,PEREMPUAN,39,2022,real_bandung_reference
32,JAWA BARAT,3273,KOTA BANDUNG,3273040,32.73.17,BOJONGLOA KIDUL,ORANG,BOJONGLOA KIDUL,UPT CIBADUYUT KIDUL,LAKI-LAKI,3,2022,real_bandung_reference
32,JAWA BARAT,3273,KOTA BANDUNG,3273040,32.73.17,BOJONGLOA KIDUL,ORANG,BOJONGLOA KIDUL,UPT CIBADUYUT KIDUL,PEREMPUAN,2,2022,real_bandung_reference
32,JAWA BARAT,3273,KOTA BANDUNG,3273040,32.73.17,BOJONGLOA KIDUL,ORANG,BOJONGLOA KIDUL,UPT CIBADUYUT WETAN,LAKI-LAKI,9,2022,real_bandung_reference
32,JAWA BARAT,3273,KOTA BANDUNG,3273040,32.73.17,BOJONGLOA KIDUL,ORANG,BOJONGLOA KIDUL,UPT CIBADUYUT WETAN,PEREMPUAN,11,2022,real_bandung_reference
32,JAWA BARAT,3273,KOTA BANDUNG,3273110,32.73.25,CIBIRU,ORANG,CIBIRU,UPT CIBIRU,LAKI-LAKI,15,2022,real_bandung_reference
32,JAWA BARAT,3273,KOTA BANDUNG,3273110,32.73.25,CIBIRU,ORANG,CIBIRU,UPT CIBIRU,PEREMPUAN,27,2022,real_bandung_reference
32,JAWA BARAT,3273,KOTA BANDUNG,3273020,32.73.03,BABAKAN CIPARAY,ORANG,BABAKAN CIPARAY,UPT CIBOLERANG,LAKI-LAKI,8,2022,real_bandung_reference
32,JAWA BARAT,3273,KOTA BANDUNG,3273020,32.73.03,BABAKAN CIPARAY,ORANG,BABAKAN CIPARAY,UPT CIBOLERANG,PEREMPUAN,5,2022,real_bandung_reference
32,JAWA BARAT,3273,KOTA BANDUNG,3273010,32.73.15,BANDUNG KULON,ORANG,BANDUNG KULON,UPT CIBUNTU,LAKI-LAKI,32,2022,real_bandung_reference
32,JAWA BARAT,3273,KOTA BANDUNG,3273010,32.73.15,BANDUNG KULON,ORANG,BANDUNG KULON,UPT CIBUNTU,PEREMPUAN,24,2022,real_bandung_reference
32,JAWA BARAT,3273,KOTA BANDUNG,3273220,32.73.18,CIBEUNYING KALER,ORANG,CIBEUNYING KALER,UPT CIGADUNG,LAKI-LAKI,32,2022,real_bandung_reference
32,JAWA BARAT,3273,KOTA BANDUNG,3273220,32.73.18,CIBEUNYING KALER,ORANG,CIBEUNYING KALER,UPT CIGADUNG,PEREMPUAN,45,2022,real_bandung_reference
32,JAWA BARAT,3273,KOTA BANDUNG,3273010,32.73.15,BANDUNG KULON,ORANG,BANDUNG KULON,UPT CIGONDEWAH,LAKI-LAKI,20,2022,real_bandung_reference
32,JAWA BARAT,3273,KOTA BANDUNG,3273010,32.73.15,BANDUNG KULON,ORANG,BANDUNG KULON,UPT CIGONDEWAH,PEREMPUAN,11,2022,real_bandung_reference
32,JAWA BARAT,3273,KOTA BANDUNG,3273070,32.73.13,LENGKONG,ORANG,LENGKONG,UPT CIJAGRA BARU,LAKI-LAKI,27,2022,real_bandung_reference
32,JAWA BARAT,3273,KOTA BANDUNG,3273070,32.73.13,LENGKONG,ORANG,LENGKONG,UPT CIJAGRA BARU,PEREMPUAN,14,2022,real_bandung_reference
32,JAWA BARAT,3273,KOTA BANDUNG,3273070,32.73.13,LENGKONG,ORANG,LENGKONG,UPT CIJAGRA LAMA,LAKI-LAKI,62,2022,real_bandung_reference
32,JAWA BARAT,3273,KOTA BANDUNG,3273070,32.73.13,LENGKONG,ORANG,LENGKONG,UPT CIJAGRA LAMA,PEREMPUAN,42,2022,real_bandung_reference
32,JAWA BARAT,3273,KOTA BANDUNG,3273010,32.73.15,BANDUNG KULON,ORANG,BANDUNG KULON,UPT CIJERAH,LAKI-LAKI,15,2022,real_bandung_reference
32,JAWA BARAT,3273,KOTA BANDUNG,3273010,32.73.15,BANDUNG KULON,ORANG,BANDUNG KULON,UPT CIJERAH,PEREMPUAN,14,2022,real_bandung_reference
32,JAWA BARAT,3273,KOTA BANDUNG,3273230,32.73.02,COBLONG,ORANG,COBLONG,UPT CIKUTRA LAMA,LAKI-LAKI,31,2022,real_bandung_reference
32,JAWA BARAT,3273,KOTA BANDUNG,3273230,32.73.02,COBLONG,ORANG,COBLONG,UPT CIKUTRA LAMA,PEREMPUAN,39,2022,real_bandung_reference
32,JAWA BARAT,3273,KOTA BANDUNG,3273110,32.73.25,CIBIRU,ORANG,CIBIRU,UPT CILENGKRANG,LAKI-LAKI,19,2022,real_bandung_reference
32,JAWA BARAT,3273,KOTA BANDUNG,3273110,32.73.25,CIBIRU,ORANG,CIBIRU,UPT CILENGKRANG,PEREMPUAN,17,2022,real_bandung_reference
32,JAWA BARAT,3273,KOTA BANDUNG,3273121,32.73.29,CINAMBO,ORANG,CINAMBO,UPT CINAMBO,LAKI-LAKI,29,2022,real_bandung_reference
32,JAWA BARAT,3273,KOTA BANDUNG,3273121,32.73.29,CINAMBO,ORANG,CINAMBO,UPT CINAMBO,PEREMPUAN,39,2022,real_bandung_reference
32,JAWA BARAT,3273,KOTA BANDUNG,3273110,32.73.25,CIBIRU,ORANG,CIBIRU,UPT CIPADUNG,LAKI-LAKI,68,2022,real_bandung_reference
32,JAWA BARAT,3273,KOTA BANDUNG,3273110,32.73.25,CIBIRU,ORANG,CIBIRU,UPT CIPADUNG,PEREMPUAN,49,2022,real_bandung_reference
32,JAWA BARAT,3273,KOTA BANDUNG,3273260,32.73.08,CIDADAP,ORANG,CIDADAP,UPT CIPAKU,LAKI-LAKI,8,2022,real_bandung_reference
32,JAWA BARAT,3273,KOTA BANDUNG,3273260,32.73.08,CIDADAP,ORANG,CIDADAP,UPT CIPAKU,PEREMPUAN,9,2022,real_bandung_reference
32,JAWA BARAT,3273,KOTA BANDUNG,3273100,32.73.23,RANCASARI,ORANG,RANCASARI,UPT CIPAMOKOLAN,LAKI-LAKI,107,2022,real_bandung_reference
32,JAWA BARAT,3273,KOTA BANDUNG,3273100,32.73.23,RANCASARI,ORANG,RANCASARI,UPT CIPAMOKOLAN,PEREMPUAN,96,2022,real_bandung_reference
32,JAWA BARAT,3273,KOTA BANDUNG,3273260,32.73.08,CIDADAP,ORANG,CIDADAP,UPT CIUMBULEUIT,LAKI-LAKI,58,2022,real_bandung_reference
32,JAWA BARAT,3273,KOTA BANDUNG,3273260,32.73.08,CIDADAP,ORANG,CIDADAP,UPT CIUMBULEUIT,PEREMPUAN,52,2022,real_bandung_reference
32,JAWA BARAT,3273,KOTA BANDUNG,3273230,32.73.02,COBLONG,ORANG,COBLONG,UPT DAGO,LAKI-LAKI,77,2022,real_bandung_reference
32,JAWA BARAT,3273,KOTA BANDUNG,3273230,32.73.02,COBLONG,ORANG,COBLONG,UPT DAGO,PEREMPUAN,75,2022,real_bandung_reference
32,JAWA BARAT,3273,KOTA BANDUNG,3273100,32.73.23,RANCASARI,ORANG,RANCASARI,UPT DERWATI,LAKI-LAKI,44,2022,real_bandung_reference
32,JAWA BARAT,3273,KOTA BANDUNG,3273100,32.73.23,RANCASARI,ORANG,RANCASARI,UPT DERWATI,PEREMPUAN,41,2022,real_bandung_reference
32,JAWA BARAT,3273,KOTA BANDUNG,3273180,32.73.05,ANDIR,ORANG,ANDIR,UPT GARUDA,LAKI-LAKI,40,2022,real_bandung_reference
32,JAWA BARAT,3273,KOTA BANDUNG,3273180,32.73.05,ANDIR,ORANG,ANDIR,UPT GARUDA,PEREMPUAN,27,2022,real_bandung_reference
32,JAWA BARAT,3273,KOTA BANDUNG,3273142,32.73.30,MANDALAJATI,ORANG,MANDALAJATI,UPT GIRIMANDE,LAKI-LAKI,9,2022,real_bandung_reference
32,JAWA BARAT,3273,KOTA BANDUNG,3273142,32.73.30,MANDALAJATI,ORANG,MANDALAJATI,UPT GIRIMANDE,PEREMPUAN,9,2022,real_bandung_reference
32,JAWA BARAT,3273,KOTA BANDUNG,3273141,32.73.20,ANTAPANI,ORANG,ANTAPANI,UPT GRIYA ANTAPANI,LAKI-LAKI,36,2022,real_bandung_reference
32,JAWA BARAT,3273,KOTA BANDUNG,3273141,32.73.20,ANTAPANI,ORANG,ANTAPANI,UPT GRIYA ANTAPANI,PEREMPUAN,43,2022,real_bandung_reference
32,JAWA BARAT,3273,KOTA BANDUNG,3273160,32.73.12,BATUNUNGGAL,ORANG,BATUNUNGGAL,UPT GUMURUH,LAKI-LAKI,54,2022,real_bandung_reference
32,JAWA BARAT,3273,KOTA BANDUNG,3273160,32.73.12,BATUNUNGGAL,ORANG,BATUNUNGGAL,UPT GUMURUH,PEREMPUAN,62,2022,real_bandung_reference
32,JAWA BARAT,3273,KOTA BANDUNG,3273160,32.73.12,BATUNUNGGAL,ORANG,BATUNUNGGAL,UPT IBRAHIM ADJIE,LAKI-LAKI,34,2022,real_bandung_reference
32,JAWA BARAT,3273,KOTA BANDUNG,3273160,32.73.12,BATUNUNGGAL,ORANG,BATUNUNGGAL,UPT IBRAHIM ADJIE,PEREMPUAN,29,2022,real_bandung_reference
32,JAWA BARAT,3273,KOTA BANDUNG,3273141,32.73.20,ANTAPANI,ORANG,ANTAPANI,UPT JAJAWAY,LAKI-LAKI,53,2022,real_bandung_reference
32,JAWA BARAT,3273,KOTA BANDUNG,3273141,32.73.20,ANTAPANI,ORANG,ANTAPANI,UPT JAJAWAY,PEREMPUAN,43,2022,real_bandung_reference
32,JAWA BARAT,3273,KOTA BANDUNG,3273142,32.73.30,MANDALAJATI,ORANG,MANDALAJATI,UPT JATIHANDAP,LAKI-LAKI,16,2022,real_bandung_reference
32,JAWA BARAT,3273,KOTA BANDUNG,3273142,32.73.30,MANDALAJATI,ORANG,MANDALAJATI,UPT JATIHANDAP,PEREMPUAN,12,2022,real_bandung_reference
32,JAWA BARAT,3273,KOTA BANDUNG,3273250,32.73.01,SUKASARI,ORANG,SUKASARI,UPT KARANGSETRA,LAKI-LAKI,38,2022,real_bandung_reference
32,JAWA BARAT,3273,KOTA BANDUNG,3273250,32.73.01,SUKASARI,ORANG,SUKASARI,UPT KARANGSETRA,PEREMPUAN,28,2022,real_bandung_reference
32,JAWA BARAT,3273,KOTA BANDUNG,3273040,32.73.17,BOJONGLOA KIDUL,ORANG,BOJONGLOA KIDUL,UPT KOPO,LAKI-LAKI,38,2022,real_bandung_reference
32,JAWA BARAT,3273,KOTA BANDUNG,3273040,32.73.17,BOJONGLOA KIDUL,ORANG,BOJONGLOA KIDUL,UPT KOPO,PEREMPUAN,48,2022,real_bandung_reference
32,JAWA BARAT,3273,KOTA BANDUNG,3273080,32.73.21,BANDUNG KIDUL,ORANG,BANDUNG KIDUL,UPT KUJANG SARI,LAKI-LAKI,58,2022,real_bandung_reference
32,JAWA BARAT,3273,KOTA BANDUNG,3273080,32.73.21,BANDUNG KIDUL,ORANG,BANDUNG KIDUL,UPT KUJANG SARI,PEREMPUAN,80,2022,real_bandung_reference
32,JAWA BARAT,3273,KOTA BANDUNG,3273250,32.73.01,SUKASARI,ORANG,SUKASARI,UPT LEDENG,LAKI-LAKI,17,2022,real_bandung_reference
32,JAWA BARAT,3273,KOTA BANDUNG,3273250,32.73.01,SUKASARI,ORANG,SUKASARI,UPT LEDENG,PEREMPUAN,16,2022,real_bandung_reference
32,JAWA BARAT,3273,KOTA BANDUNG,3273050,32.73.10,ASTANA ANYAR,ORANG,ASTANAANYAR,UPT LIOGENTENG,LAKI-LAKI,3,2022,real_bandung_reference
32,JAWA BARAT,3273,KOTA BANDUNG,3273050,32.73.10,ASTANA ANYAR,ORANG,ASTANAANYAR,UPT LIOGENTENG,PEREMPUAN,5,2022,real_bandung_reference
32,JAWA BARAT,3273,KOTA BANDUNG,3273142,32.73.30,MANDALAJATI,ORANG,MANDALAJATI,UPT MANDALA MEKAR,LAKI-LAKI,9,2022,real_bandung_reference
32,JAWA BARAT,3273,KOTA BANDUNG,3273142,32.73.30,MANDALAJATI,ORANG,MANDALAJATI,UPT MANDALA MEKAR,PEREMPUAN,16,2022,real_bandung_reference
32,JAWA BARAT,3273,KOTA BANDUNG,3273090,32.73.22,BUAHBATU,ORANG,BUAHBATU,UPT MARGAHAYU RAYA,LAKI-LAKI,85,2022,real_bandung_reference
32,JAWA BARAT,3273,KOTA BANDUNG,3273090,32.73.22,BUAHBATU,ORANG,BUAHBATU,UPT MARGAHAYU RAYA,PEREMPUAN,99,2022,real_bandung_reference
32,JAWA BARAT,3273,KOTA BANDUNG,3273080,32.73.21,BANDUNG KIDUL,ORANG,BANDUNG KIDUL,UPT MENGGER,LAKI-LAKI,14,2022,real_bandung_reference
32,JAWA BARAT,3273,KOTA BANDUNG,3273080,32.73.21,BANDUNG KIDUL,ORANG,BANDUNG KIDUL,UPT MENGGER,PEREMPUAN,14,2022,real_bandung_reference
32,JAWA BARAT,3273,KOTA BANDUNG,3273060,32.73.11,REGOL,ORANG,REGOL,UPT MOCH. RAMDAN,LAKI-LAKI,36,2022,real_bandung_reference
32,JAWA BARAT,3273,KOTA BANDUNG,3273060,32.73.11,REGOL,ORANG,REGOL,UPT MOCH. RAMDAN,PEREMPUAN,36,2022,real_bandung_reference
32,JAWA BARAT,3273,KOTA BANDUNG,3273220,32.73.18,CIBEUNYING KALER,ORANG,CIBEUNYING KALER,UPT NEGLASARI,LAKI-LAKI,26,2022,real_bandung_reference
32,JAWA BARAT,3273,KOTA BANDUNG,3273220,32.73.18,CIBEUNYING KALER,ORANG,CIBEUNYING KALER,UPT NEGLASARI,PEREMPUAN,33,2022,real_bandung_reference
32,JAWA BARAT,3273,KOTA BANDUNG,3273210,32.73.14,CIBEUNYING KIDUL,ORANG,CIBEUNYING KIDUL,UPT PADASUKA,LAKI-LAKI,56,2022,real_bandung_reference
32,JAWA BARAT,3273,KOTA BANDUNG,3273210,32.73.14,CIBEUNYING KIDUL,ORANG,CIBEUNYING KIDUL,UPT PADASUKA,PEREMPUAN,60,2022,real_bandung_reference
32,JAWA BARAT,3273,KOTA BANDUNG,3273050,32.73.10,ASTANA ANYAR,ORANG,ASTANAANYAR,UPT PAGARSIH,LAKI-LAKI,16,2022,real_bandung_reference
32,JAWA BARAT,3273,KOTA BANDUNG,3273050,32.73.10,ASTANA ANYAR,ORANG,ASTANAANYAR,UPT PAGARSIH,PEREMPUAN,9,2022,real_bandung_reference
32,JAWA BARAT,3273,KOTA BANDUNG,3273142,32.73.30,MANDALAJATI,ORANG,MANDALAJATI,UPT PAMULANG,LAKI-LAKI,3,2022,real_bandung_reference
32,JAWA BARAT,3273,KOTA BANDUNG,3273142,32.73.30,MANDALAJATI,ORANG,MANDALAJATI,UPT PAMULANG,PEREMPUAN,5,2022,real_bandung_reference
32,JAWA BARAT,3273,KOTA BANDUNG,3273111,32.73.28,PANYILEUKAN,ORANG,PANYILEUKAN,UPT PANGHEGAR,LAKI-LAKI,44,2022,real_bandung_reference
32,JAWA BARAT,3273,KOTA BANDUNG,3273111,32.73.28,PANYILEUKAN,ORANG,PANYILEUKAN,UPT PANGHEGAR,PEREMPUAN,40,2022,real_bandung_reference
32,JAWA BARAT,3273,KOTA BANDUNG,3273111,32.73.28,PANYILEUKAN,ORANG,PANYILEUKAN,UPT PANYILEUKAN,LAKI-LAKI,19,2022,real_bandung_reference
32,JAWA BARAT,3273,KOTA BANDUNG,3273111,32.73.28,PANYILEUKAN,ORANG,PANYILEUKAN,UPT PANYILEUKAN,PEREMPUAN,21,2022,real_bandung_reference
32,JAWA BARAT,3273,KOTA BANDUNG,3273080,32.73.21,BANDUNG KIDUL,ORANG,BANDUNG KIDUL,UPT PASAWAHAN,LAKI-LAKI,1,2022,real_bandung_reference
32,JAWA BARAT,3273,KOTA BANDUNG,3273080,32.73.21,BANDUNG KIDUL,ORANG,BANDUNG KIDUL,UPT PASAWAHAN,PEREMPUAN,6,2022,real_bandung_reference
32,JAWA BARAT,3273,KOTA BANDUNG,3273120,32.73.26,UJUNGBERUNG,ORANG,UJUNG BERUNG,UPT PASIRJATI,LAKI-LAKI,48,2022,real_bandung_reference
32,JAWA BARAT,3273,KOTA BANDUNG,3273120,32.73.26,UJUNGBERUNG,ORANG,UJUNG BERUNG,UPT PASIRJATI,PEREMPUAN,48,2022,real_bandung_reference
32,JAWA BARAT,3273,KOTA BANDUNG,3273190,32.73.06,CICENDO,ORANG,CICENDO,UPT PASIRKALIKI,LAKI-LAKI,73,2022,real_bandung_reference
32,JAWA BARAT,3273,KOTA BANDUNG,3273190,32.73.06,CICENDO,ORANG,CICENDO,UPT PASIRKALIKI,PEREMPUAN,62,2022,real_bandung_reference
32,JAWA BARAT,3273,KOTA BANDUNG,3273210,32.73.14,CIBEUNYING KIDUL,ORANG,CIBEUNYING KIDUL,UPT PASIRLAYUNG,LAKI-LAKI,28,2022,real_bandung_reference
32,JAWA BARAT,3273,KOTA BANDUNG,3273210,32.73.14,CIBEUNYING KIDUL,ORANG,CIBEUNYING KIDUL,UPT PASIRLAYUNG,PEREMPUAN,29,2022,real_bandung_reference
32,JAWA BARAT,3273,KOTA BANDUNG,3273060,32.73.11,REGOL,ORANG,REGOL,UPT PASIRLUYU,LAKI-LAKI,21,2022,real_bandung_reference
32,JAWA BARAT,3273,KOTA BANDUNG,3273060,32.73.11,REGOL,ORANG,REGOL,UPT PASIRLUYU,PEREMPUAN,26,2022,real_bandung_reference
32,JAWA BARAT,3273,KOTA BANDUNG,3273060,32.73.11,REGOL,ORANG,REGOL,UPT PASUNDAN,LAKI-LAKI,22,2022,real_bandung_reference
32,JAWA BARAT,3273,KOTA BANDUNG,3273060,32.73.11,REGOL,ORANG,REGOL,UPT PASUNDAN,PEREMPUAN,9,2022,real_bandung_reference
32,JAWA BARAT,3273,KOTA BANDUNG,3273050,32.73.10,ASTANA ANYAR,ORANG,ASTANAANYAR,UPT PELINDUNG HEWAN,LAKI-LAKI,21,2022,real_bandung_reference
32,JAWA BARAT,3273,KOTA BANDUNG,3273050,32.73.10,ASTANA ANYAR,ORANG,ASTANAANYAR,UPT PELINDUNG HEWAN,PEREMPUAN,15,2022,real_bandung_reference
32,JAWA BARAT,3273,KOTA BANDUNG,3273230,32.73.02,COBLONG,ORANG,COBLONG,UPT PUTER,LAKI-LAKI,13,2022,real_bandung_reference
32,JAWA BARAT,3273,KOTA BANDUNG,3273230,32.73.02,COBLONG,ORANG,COBLONG,UPT PUTER,PEREMPUAN,14,2022,real_bandung_reference
32,JAWA BARAT,3273,KOTA BANDUNG,3273101,32.73.27,GEDEBAGE,ORANG,GEDEBAGE,UPT RIUNG BANDUNG,LAKI-LAKI,70,2022,real_bandung_reference
32,JAWA BARAT,3273,KOTA BANDUNG,3273101,32.73.27,GEDEBAGE,ORANG,GEDEBAGE,UPT RIUNG BANDUNG,PEREMPUAN,60,2022,real_bandung_reference
32,JAWA BARAT,3273,KOTA BANDUNG,3273130,32.73.24,ARCAMANIK,ORANG,ARCAMANIK,UPT RUSUNAWA,LAKI-LAKI,84,2022,real_bandung_reference
32,JAWA BARAT,3273,KOTA BANDUNG,3273130,32.73.24,ARCAMANIK,ORANG,ARCAMANIK,UPT RUSUNAWA,PEREMPUAN,81,2022,real_bandung_reference
32,JAWA BARAT,3273,KOTA BANDUNG,3273200,32.73.09,BANDUNG WETAN,ORANG,BANDUNG WETAN,UPT SALAM,LAKI-LAKI,14,2022,real_bandung_reference
32,JAWA BARAT,3273,KOTA BANDUNG,3273200,32.73.09,BANDUNG WETAN,ORANG,BANDUNG WETAN,UPT SALAM,PEREMPUAN,3,2022,real_bandung_reference
32,JAWA BARAT,3273,KOTA BANDUNG,3273250,32.73.01,SUKASARI,ORANG,SUKASARI,UPT SARIJADI,LAKI-LAKI,37,2022,real_bandung_reference
32,JAWA BARAT,3273,KOTA BANDUNG,3273250,32.73.01,SUKASARI,ORANG,SUKASARI,UPT SARIJADI,PEREMPUAN,32,2022,real_bandung_reference
32,JAWA BARAT,3273,KOTA BANDUNG,3273090,32.73.22,BUAHBATU,ORANG,BUAHBATU,UPT SEKEJATI,LAKI-LAKI,63,2022,real_bandung_reference
32,JAWA BARAT,3273,KOTA BANDUNG,3273090,32.73.22,BUAHBATU,ORANG,BUAHBATU,UPT SEKEJATI,PEREMPUAN,52,2022,real_bandung_reference
32,JAWA BARAT,3273,KOTA BANDUNG,3273230,32.73.02,COBLONG,ORANG,COBLONG,UPT SEKELOA,LAKI-LAKI,16,2022,real_bandung_reference
32,JAWA BARAT,3273,KOTA BANDUNG,3273230,32.73.02,COBLONG,ORANG,COBLONG,UPT SEKELOA,PEREMPUAN,21,2022,real_bandung_reference
32,JAWA BARAT,3273,KOTA BANDUNG,3273142,32.73.30,MANDALAJATI,ORANG,MANDALAJATI,UPT SINDANG JAYA,LAKI-LAKI,31,2022,real_bandung_reference
32,JAWA BARAT,3273,KOTA BANDUNG,3273142,32.73.30,MANDALAJATI,ORANG,MANDALAJATI,UPT SINDANG JAYA,PEREMPUAN,35,2022,real_bandung_reference
32,JAWA BARAT,3273,KOTA BANDUNG,3273240,32.73.07,SUKAJADI,ORANG,SUKAJADI,UPT SUKAGALIH,LAKI-LAKI,23,2022,real_bandung_reference
32,JAWA BARAT,3273,KOTA BANDUNG,3273240,32.73.07,SUKAJADI,ORANG,SUKAJADI,UPT SUKAGALIH,PEREMPUAN,20,2022,real_bandung_reference
32,JAWA BARAT,3273,KOTA BANDUNG,3273020,32.73.03,BABAKAN CIPARAY,ORANG,BABAKAN CIPARAY,UPT SUKAHAJI,LAKI-LAKI,19,2022,real_bandung_reference
32,JAWA BARAT,3273,KOTA BANDUNG,3273020,32.73.03,BABAKAN CIPARAY,ORANG,BABAKAN CIPARAY,UPT SUKAHAJI,PEREMPUAN,25,2022,real_bandung_reference
32,JAWA BARAT,3273,KOTA BANDUNG,3273240,32.73.07,SUKAJADI,ORANG,SUKAJADI,UPT SUKAJADI,LAKI-LAKI,80,2022,real_bandung_reference
32,JAWA BARAT,3273,KOTA BANDUNG,3273240,32.73.07,SUKAJADI,ORANG,SUKAJADI,UPT SUKAJADI,PEREMPUAN,68,2022,real_bandung_reference
32,JAWA BARAT,3273,KOTA BANDUNG,3273030,32.73.04,BOJONGLOA KALER,ORANG,BOJONGLOA KALER,UPT SUKAPARKIR,LAKI-LAKI,19,2022,real_bandung_reference
32,JAWA BARAT,3273,KOTA BANDUNG,3273030,32.73.04,BOJONGLOA KALER,ORANG,BOJONGLOA KALER,UPT SUKAPARKIR,PEREMPUAN,14,2022,real_bandung_reference
32,JAWA BARAT,3273,KOTA BANDUNG,3273190,32.73.06,CICENDO,ORANG,CICENDO,UPT SUKARAJA,LAKI-LAKI,18,2022,real_bandung_reference
32,JAWA BARAT,3273,KOTA BANDUNG,3273190,32.73.06,CICENDO,ORANG,CICENDO,UPT SUKARAJA,PEREMPUAN,25,2022,real_bandung_reference
32,JAWA BARAT,3273,KOTA BANDUNG,3273250,32.73.01,SUKASARI,ORANG,SUKASARI,UPT SUKARASA,LAKI-LAKI,15,2022,real_bandung_reference
32,JAWA BARAT,3273,KOTA BANDUNG,3273250,32.73.01,SUKASARI,ORANG,SUKASARI,UPT SUKARASA,PEREMPUAN,15,2022,real_bandung_reference
32,JAWA BARAT,3273,KOTA BANDUNG,3273240,32.73.07,SUKAJADI,ORANG,SUKAJADI,UPT SUKAWARNA,LAKI-LAKI,16,2022,real_bandung_reference
32,JAWA BARAT,3273,KOTA BANDUNG,3273240,32.73.07,SUKAJADI,ORANG,SUKAJADI,UPT SUKAWARNA,PEREMPUAN,16,2022,real_bandung_reference
32,JAWA BARAT,3273,KOTA BANDUNG,3273070,32.73.13,LENGKONG,ORANG,LENGKONG,UPT SURYALAYA,LAKI-LAKI,2,2022,real_bandung_reference
32,JAWA BARAT,3273,KOTA BANDUNG,3273070,32.73.13,LENGKONG,ORANG,LENGKONG,UPT SURYALAYA,PEREMPUAN,5,2022,real_bandung_reference
32,JAWA BARAT,3273,KOTA BANDUNG,3273070,32.73.13,LENGKONG,ORANG,LENGKONG,UPT TALAGABODAS,LAKI-LAKI,24,2022,real_bandung_reference
32,JAWA BARAT,3273,KOTA BANDUNG,3273070,32.73.13,LENGKONG,ORANG,LENGKONG,UPT TALAGABODAS,PEREMPUAN,24,2022,real_bandung_reference
32,JAWA BARAT,3273,KOTA BANDUNG,3273200,32.73.09,BANDUNG WETAN,ORANG,BANDUNG WETAN,UPT TAMANSARI,LAKI-LAKI,27,2022,real_bandung_reference
32,JAWA BARAT,3273,KOTA BANDUNG,3273200,32.73.09,BANDUNG WETAN,ORANG,BANDUNG WETAN,UPT TAMANSARI,PEREMPUAN,21,2022,real_bandung_reference
32,JAWA BARAT,3273,KOTA BANDUNG,3273170,32.73.19,SUMUR BANDUNG,ORANG,SUMUR BANDUNG,UPT TAMBLONG,LAKI-LAKI,30,2022,real_bandung_reference
32,JAWA BARAT,3273,KOTA BANDUNG,3273170,32.73.19,SUMUR BANDUNG,ORANG,SUMUR BANDUNG,UPT TAMBLONG,PEREMPUAN,19,2022,real_bandung_reference
32,JAWA BARAT,3273,KOTA BANDUNG,3273120,32.73.26,UJUNGBERUNG,ORANG,UJUNG BERUNG,UPT UJUNGBERUNG INDAH,LAKI-LAKI,57,2022,real_bandung_reference
32,JAWA BARAT,3273,KOTA BANDUNG,3273120,32.73.26,UJUNGBERUNG,ORANG,UJUNG BERUNG,UPT UJUNGBERUNG INDAH,PEREMPUAN,62,2022,real_bandung_reference
32,JAWA BARAT,3273,KOTA BANDUNG,3273160,32.73.12,BATUNUNGGAL,ORANG,BATUNUNGGAL,UPT AHMAD YANI,LAKI-LAKI,7,2023,real_bandung_reference
32,JAWA BARAT,3273,KOTA BANDUNG,3273160,32.73.12,BATUNUNGGAL,ORANG,BATUNUNGGAL,UPT AHMAD YANI,PEREMPUAN,8,2023,real_bandung_reference
32,JAWA BARAT,3273,KOTA BANDUNG,3273141,32.73.20,ANTAPANI,ORANG,ANTAPANI,UPT ANTAPANI,LAKI-LAKI,14,2023,real_bandung_reference
32,JAWA BARAT,3273,KOTA BANDUNG,3273141,32.73.20,ANTAPANI,ORANG,ANTAPANI,UPT ANTAPANI,PEREMPUAN,4,2023,real_bandung_reference
32,JAWA BARAT,3273,KOTA BANDUNG,3273130,32.73.24,ARCAMANIK,ORANG,ARCAMANIK,UPT ARCAMANIK,LAKI-LAKI,16,2023,real_bandung_reference
32,JAWA BARAT,3273,KOTA BANDUNG,3273130,32.73.24,ARCAMANIK,ORANG,ARCAMANIK,UPT ARCAMANIK,PEREMPUAN,19,2023,real_bandung_reference
32,JAWA BARAT,3273,KOTA BANDUNG,3273050,32.73.10,ASTANA ANYAR,ORANG,ASTANAANYAR,UPT ASTANA ANYAR,LAKI-LAKI,8,2023,real_bandung_reference
32,JAWA BARAT,3273,KOTA BANDUNG,3273050,32.73.10,ASTANA ANYAR,ORANG,ASTANAANYAR,UPT ASTANA ANYAR,PEREMPUAN,5,2023,real_bandung_reference
32,JAWA BARAT,3273,KOTA BANDUNG,3273150,32.73.16,KIARACONDONG,ORANG,KIARACONDONG,UPT BABAKAN SARI,LAKI-LAKI,34,2023,real_bandung_reference
32,JAWA BARAT,3273,KOTA BANDUNG,3273150,32.73.16,KIARACONDONG,ORANG,KIARACONDONG,UPT BABAKAN SARI,PEREMPUAN,23,2023,real_bandung_reference
32,JAWA BARAT,3273,KOTA BANDUNG,3273150,32.73.16,KIARACONDONG,ORANG,KIARACONDONG,UPT BABAKAN SURABAYA,LAKI-LAKI,2,2023,real_bandung_reference
32,JAWA BARAT,3273,KOTA BANDUNG,3273150,32.73.16,KIARACONDONG,ORANG,KIARACONDONG,UPT BABAKAN SURABAYA,PEREMPUAN,4,2023,real_bandung_reference
32,JAWA BARAT,3273,KOTA BANDUNG,3273030,32.73.04,BOJONGLOA KALER,ORANG,BOJONGLOA KALER,UPT BABAKAN TAROGONG,LAKI-LAKI,25,2023,real_bandung_reference
32,JAWA BARAT,3273,KOTA BANDUNG,3273030,32.73.04,BOJONGLOA KALER,ORANG,BOJONGLOA KALER,UPT BABAKAN TAROGONG,PEREMPUAN,26,2023,real_bandung_reference
32,JAWA BARAT,3273,KOTA BANDUNG,3273180,32.73.05,ANDIR,ORANG,ANDIR,UPT BABATAN,LAKI-LAKI,5,2023,real_bandung_reference
32,JAWA BARAT,3273,KOTA BANDUNG,3273180,32.73.05,ANDIR,ORANG,ANDIR,UPT BABATAN,PEREMPUAN,8,2023,real_bandung_reference
32,JAWA BARAT,3273,KOTA BANDUNG,3273170,32.73.19,SUMUR BANDUNG,ORANG,SUMUR BANDUNG,UPT BALAIKOTA,LAKI-LAKI,2,2023,real_bandung_reference
32,JAWA BARAT,3273,KOTA BANDUNG,3273170,32.73.19,SUMUR BANDUNG,ORANG,SUMUR BANDUNG,UPT BALAIKOTA,PEREMPUAN,3,2023,real_bandung_reference
32,JAWA BARAT,3273,KOTA BANDUNG,3273020,32.73.03,BABAKAN CIPARAY,ORANG,BABAKAN CIPARAY,UPT CARINGIN,LAKI-LAKI,15,2023,real_bandung_reference
32,JAWA BARAT,3273,KOTA BANDUNG,3273020,32.73.03,BABAKAN CIPARAY,ORANG,BABAKAN CIPARAY,UPT CARINGIN,PEREMPUAN,25,2023,real_bandung_reference
32,JAWA BARAT,3273,KOTA BANDUNG,3273101,32.73.27,GEDEBAGE,ORANG,GEDEBAGE,UPT CEMPAKA ARUM,LAKI-LAKI,5,2023,real_bandung_reference
32,JAWA BARAT,3273,KOTA BANDUNG,3273101,32.73.27,GEDEBAGE,ORANG,GEDEBAGE,UPT CEMPAKA ARUM,PEREMPUAN,5,2023,real_bandung_reference
32,JAWA BARAT,3273,KOTA BANDUNG,3273030,32.73.04,BOJONGLOA KALER,ORANG,BOJONGLOA KALER,UPT CETARIP,LAKI-LAKI,22,2023,real_bandung_reference
32,JAWA BARAT,3273,KOTA BANDUNG,3273030,32.73.04,BOJONGLOA KALER,ORANG,BOJONGLOA KALER,UPT CETARIP,PEREMPUAN,22,2023,real_bandung_reference
32,JAWA BARAT,3273,KOTA BANDUNG,3273040,32.73.17,BOJONGLOA KIDUL,ORANG,BOJONGLOA KIDUL,UPT CIBADUYUT KIDUL,LAKI-LAKI,2,2023,real_bandung_reference
32,JAWA BARAT,3273,KOTA BANDUNG,3273040,32.73.17,BOJONGLOA KIDUL,ORANG,BOJONGLOA KIDUL,UPT CIBADUYUT KIDUL,PEREMPUAN,11,2023,real_bandung_reference
32,JAWA BARAT,3273,KOTA BANDUNG,3273040,32.73.17,BOJONGLOA KIDUL,ORANG,BOJONGLOA KIDUL,UPT CIBADUYUT WETAN,LAKI-LAKI,16,2023,real_bandung_reference
32,JAWA BARAT,3273,KOTA BANDUNG,3273040,32.73.17,BOJONGLOA KIDUL,ORANG,BOJONGLOA KIDUL,UPT CIBADUYUT WETAN,PEREMPUAN,10,2023,real_bandung_reference
32,JAWA BARAT,3273,KOTA BANDUNG,3273110,32.73.25,CIBIRU,ORANG,CIBIRU,UPT CIBIRU,LAKI-LAKI,0,2023,real_bandung_reference
32,JAWA BARAT,3273,KOTA BANDUNG,3273110,32.73.25,CIBIRU,ORANG,CIBIRU,UPT CIBIRU,PEREMPUAN,2,2023,real_bandung_reference
32,JAWA BARAT,3273,KOTA BANDUNG,3273020,32.73.03,BABAKAN CIPARAY,ORANG,BABAKAN CIPARAY,UPT CIBOLERANG,LAKI-LAKI,13,2023,real_bandung_reference
32,JAWA BARAT,3273,KOTA BANDUNG,3273020,32.73.03,BABAKAN CIPARAY,ORANG,BABAKAN CIPARAY,UPT CIBOLERANG,PEREMPUAN,3,2023,real_bandung_reference
32,JAWA BARAT,3273,KOTA BANDUNG,3273010,32.73.15,BANDUNG KULON,ORANG,BANDUNG KULON,UPT CIBUNTU,LAKI-LAKI,12,2023,real_bandung_reference
32,JAWA BARAT,3273,KOTA BANDUNG,3273010,32.73.15,BANDUNG KULON,ORANG,BANDUNG KULON,UPT CIBUNTU,PEREMPUAN,10,2023,real_bandung_reference
32,JAWA BARAT,3273,KOTA BANDUNG,3273220,32.73.18,CIBEUNYING KALER,ORANG,CIBEUNYING KALER,UPT CIGADUNG,LAKI-LAKI,13,2023,real_bandung_reference
32,JAWA BARAT,3273,KOTA BANDUNG,3273220,32.73.18,CIBEUNYING KALER,ORANG,CIBEUNYING KALER,UPT CIGADUNG,PEREMPUAN,15,2023,real_bandung_reference
32,JAWA BARAT,3273,KOTA BANDUNG,3273010,32.73.15,BANDUNG KULON,ORANG,BANDUNG KULON,UPT CIGONDEWAH,LAKI-LAKI,4,2023,real_bandung_reference
32,JAWA BARAT,3273,KOTA BANDUNG,3273010,32.73.15,BANDUNG KULON,ORANG,BANDUNG KULON,UPT CIGONDEWAH,PEREMPUAN,3,2023,real_bandung_reference
32,JAWA BARAT,3273,KOTA BANDUNG,3273070,32.73.13,LENGKONG,ORANG,LENGKONG,UPT CIJAGRA BARU,LAKI-LAKI,5,2023,real_bandung_reference
32,JAWA BARAT,3273,KOTA BANDUNG,3273070,32.73.13,LENGKONG,ORANG,LENGKONG,UPT CIJAGRA BARU,PEREMPUAN,8,2023,real_bandung_reference
32,JAWA BARAT,3273,KOTA BANDUNG,3273070,32.73.13,LENGKONG,ORANG,LENGKONG,UPT CIJAGRA LAMA,LAKI-LAKI,13,2023,real_bandung_reference
32,JAWA BARAT,3273,KOTA BANDUNG,3273070,32.73.13,LENGKONG,ORANG,LENGKONG,UPT CIJAGRA LAMA,PEREMPUAN,15,2023,real_bandung_reference
32,JAWA BARAT,3273,KOTA BANDUNG,3273010,32.73.15,BANDUNG KULON,ORANG,BANDUNG KULON,UPT CIJERAH,LAKI-LAKI,4,2023,real_bandung_reference
32,JAWA BARAT,3273,KOTA BANDUNG,3273010,32.73.15,BANDUNG KULON,ORANG,BANDUNG KULON,UPT CIJERAH,PEREMPUAN,5,2023,real_bandung_reference
32,JAWA BARAT,3273,KOTA BANDUNG,3273230,32.73.02,COBLONG,ORANG,COBLONG,UPT CIKUTRA LAMA,LAKI-LAKI,14,2023,real_bandung_reference
32,JAWA BARAT,3273,KOTA BANDUNG,3273230,32.73.02,COBLONG,ORANG,COBLONG,UPT CIKUTRA LAMA,PEREMPUAN,13,2023,real_bandung_reference
32,JAWA BARAT,3273,KOTA BANDUNG,3273110,32.73.25,CIBIRU,ORANG,CIBIRU,UPT CILENGKRANG,LAKI-LAKI,0,2023,real_bandung_reference
32,JAWA BARAT,3273,KOTA BANDUNG,3273110,32.73.25,CIBIRU,ORANG,CIBIRU,UPT CILENGKRANG,PEREMPUAN,2,2023,real_bandung_reference
32,JAWA BARAT,3273,KOTA BANDUNG,3273121,32.73.29,CINAMBO,ORANG,CINAMBO,UPT CINAMBO,LAKI-LAKI,14,2023,real_bandung_reference
32,JAWA BARAT,3273,KOTA BANDUNG,3273121,32.73.29,CINAMBO,ORANG,CINAMBO,UPT CINAMBO,PEREMPUAN,13,2023,real_bandung_reference
32,JAWA BARAT,3273,KOTA BANDUNG,3273110,32.73.25,CIBIRU,ORANG,CIBIRU,UPT CIPADUNG,LAKI-LAKI,25,2023,real_bandung_reference
32,JAWA BARAT,3273,KOTA BANDUNG,3273110,32.73.25,CIBIRU,ORANG,CIBIRU,UPT CIPADUNG,PEREMPUAN,16,2023,real_bandung_reference
32,JAWA BARAT,3273,KOTA BANDUNG,3273260,32.73.08,CIDADAP,ORANG,CIDADAP,UPT CIPAKU,LAKI-LAKI,2,2023,real_bandung_reference
32,JAWA BARAT,3273,KOTA BANDUNG,3273260,32.73.08,CIDADAP,ORANG,CIDADAP,UPT CIPAKU,PEREMPUAN,1,2023,real_bandung_reference
32,JAWA BARAT,3273,KOTA BANDUNG,3273100,32.73.23,RANCASARI,ORANG,RANCASARI,UPT CIPAMOKOLAN,LAKI-LAKI,25,2023,real_bandung_reference
32,JAWA BARAT,3273,KOTA BANDUNG,3273100,32.73.23,RANCASARI,ORANG,RANCASARI,UPT CIPAMOKOLAN,PEREMPUAN,26,2023,real_bandung_reference
32,JAWA BARAT,3273,KOTA BANDUNG,3273260,32.73.08,CIDADAP,ORANG,CIDADAP,UPT CIUMBULEUIT,LAKI-LAKI,24,2023,real_bandung_reference
32,JAWA BARAT,3273,KOTA BANDUNG,3273260,32.73.08,CIDADAP,ORANG,CIDADAP,UPT CIUMBULEUIT,PEREMPUAN,13,2023,real_bandung_reference
32,JAWA BARAT,3273,KOTA BANDUNG,3273230,32.73.02,COBLONG,ORANG,COBLONG,UPT DAGO,LAKI-LAKI,29,2023,real_bandung_reference
32,JAWA BARAT,3273,KOTA BANDUNG,3273230,32.73.02,COBLONG,ORANG,COBLONG,UPT DAGO,PEREMPUAN,22,2023,real_bandung_reference
32,JAWA BARAT,3273,KOTA BANDUNG,3273100,32.73.23,RANCASARI,ORANG,RANCASARI,UPT DERWATI,LAKI-LAKI,9,2023,real_bandung_reference
32,JAWA BARAT,3273,KOTA BANDUNG,3273100,32.73.23,RANCASARI,ORANG,RANCASARI,UPT DERWATI,PEREMPUAN,7,2023,real_bandung_reference
32,JAWA BARAT,3273,KOTA BANDUNG,3273180,32.73.05,ANDIR,ORANG,ANDIR,UPT GARUDA,LAKI-LAKI,19,2023,real_bandung_reference
32,JAWA BARAT,3273,KOTA BANDUNG,3273180,32.73.05,ANDIR,ORANG,ANDIR,UPT GARUDA,PEREMPUAN,6,2023,real_bandung_reference
32,JAWA BARAT,3273,KOTA BANDUNG,3273142,32.73.30,MANDALAJATI,ORANG,MANDALAJATI,UPT GIRIMANDE,LAKI-LAKI,4,2023,real_bandung_reference
32,JAWA BARAT,3273,KOTA BANDUNG,3273142,32.73.30,MANDALAJATI,ORANG,MANDALAJATI,UPT GIRIMANDE,PEREMPUAN,5,2023,real_bandung_reference
32,JAWA BARAT,3273,KOTA BANDUNG,3273141,32.73.20,ANTAPANI,ORANG,ANTAPANI,UPT GRIYA ANTAPANI,LAKI-LAKI,10,2023,real_bandung_reference
32,JAWA BARAT,3273,KOTA BANDUNG,3273141,32.73.20,ANTAPANI,ORANG,ANTAPANI,UPT GRIYA ANTAPANI,PEREMPUAN,8,2023,real_bandung_reference
32,JAWA BARAT,3273,KOTA BANDUNG,3273160,32.73.12,BATUNUNGGAL,ORANG,BATUNUNGGAL,UPT GUMURUH,LAKI-LAKI,15,2023,real_bandung_reference
32,JAWA BARAT,3273,KOTA BANDUNG,3273160,32.73.12,BATUNUNGGAL,ORANG,BATUNUNGGAL,UPT GUMURUH,PEREMPUAN,13,2023,real_bandung_reference
32,JAWA BARAT,3273,KOTA BANDUNG,3273160,32.73.12,BATUNUNGGAL,ORANG,BATUNUNGGAL,UPT IBRAHIM AJI,LAKI-LAKI,11,2023,real_bandung_reference
32,JAWA BARAT,3273,KOTA BANDUNG,3273160,32.73.12,BATUNUNGGAL,ORANG,BATUNUNGGAL,UPT IBRAHIM AJI,PEREMPUAN,11,2023,real_bandung_reference
32,JAWA BARAT,3273,KOTA BANDUNG,3273141,32.73.20,ANTAPANI,ORANG,ANTAPANI,UPT JAJAWAY,LAKI-LAKI,29,2023,real_bandung_reference
32,JAWA BARAT,3273,KOTA BANDUNG,3273141,32.73.20,ANTAPANI,ORANG,ANTAPANI,UPT JAJAWAY,PEREMPUAN,23,2023,real_bandung_reference
32,JAWA BARAT,3273,KOTA BANDUNG,3273142,32.73.30,MANDALAJATI,ORANG,MANDALAJATI,UPT JATIHANDAP,LAKI-LAKI,7,2023,real_bandung_reference
32,JAWA BARAT,3273,KOTA BANDUNG,3273142,32.73.30,MANDALAJATI,ORANG,MANDALAJATI,UPT JATIHANDAP,PEREMPUAN,8,2023,real_bandung_reference
32,JAWA BARAT,3273,KOTA BANDUNG,3273250,32.73.01,SUKASARI,ORANG,SUKASARI,UPT KARANGSETRA,LAKI-LAKI,9,2023,real_bandung_reference
32,JAWA BARAT,3273,KOTA BANDUNG,3273250,32.73.01,SUKASARI,ORANG,SUKASARI,UPT KARANGSETRA,PEREMPUAN,8,2023,real_bandung_reference
32,JAWA BARAT,3273,KOTA BANDUNG,3273040,32.73.17,BOJONGLOA KIDUL,ORANG,BOJONGLOA KIDUL,UPT KOPO,LAKI-LAKI,20,2023,real_bandung_reference
32,JAWA BARAT,3273,KOTA BANDUNG,3273040,32.73.17,BOJONGLOA KIDUL,ORANG,BOJONGLOA KIDUL,UPT KOPO,PEREMPUAN,21,2023,real_bandung_reference
32,JAWA BARAT,3273,KOTA BANDUNG,3273080,32.73.21,BANDUNG KIDUL,ORANG,BANDUNG KIDUL,UPT KUJANG SARI,LAKI-LAKI,17,2023,real_bandung_reference
32,JAWA BARAT,3273,KOTA BANDUNG,3273080,32.73.21,BANDUNG KIDUL,ORANG,BANDUNG KIDUL,UPT KUJANG SARI,PEREMPUAN,22,2023,real_bandung_reference
32,JAWA BARAT,3273,KOTA BANDUNG,3273250,32.73.01,SUKASARI,ORANG,SUKASARI,UPT LEDENG,LAKI-LAKI,4,2023,real_bandung_reference
32,JAWA BARAT,3273,KOTA BANDUNG,3273250,32.73.01,SUKASARI,ORANG,SUKASARI,UPT LEDENG,PEREMPUAN,2,2023,real_bandung_reference
32,JAWA BARAT,3273,KOTA BANDUNG,3273050,32.73.10,ASTANA ANYAR,ORANG,ASTANAANYAR,UPT LIOGENTENG,LAKI-LAKI,5,2023,real_bandung_reference
32,JAWA BARAT,3273,KOTA BANDUNG,3273050,32.73.10,ASTANA ANYAR,ORANG,ASTANAANYAR,UPT LIOGENTENG,PEREMPUAN,4,2023,real_bandung_reference
32,JAWA BARAT,3273,KOTA BANDUNG,3273060,32.73.11,REGOL,ORANG,REGOL,UPT M.RAMDAN,LAKI-LAKI,21,2023,real_bandung_reference
32,JAWA BARAT,3273,KOTA BANDUNG,3273060,32.73.11,REGOL,ORANG,REGOL,UPT M.RAMDAN,PEREMPUAN,6,2023,real_bandung_reference
32,JAWA BARAT,3273,KOTA BANDUNG,3273142,32.73.30,MANDALAJATI,ORANG,MANDALAJATI,UPT MANDALA MEKAR,LAKI-LAKI,4,2023,real_bandung_reference
32,JAWA BARAT,3273,KOTA BANDUNG,3273142,32.73.30,MANDALAJATI,ORANG,MANDALAJATI,UPT MANDALA MEKAR,PEREMPUAN,7,2023,real_bandung_reference
32,JAWA BARAT,3273,KOTA BANDUNG,3273090,32.73.22,BUAHBATU,ORANG,BUAHBATU,UPT MARGAHAYU RAYA,LAKI-LAKI,30,2023,real_bandung_reference
32,JAWA BARAT,3273,KOTA BANDUNG,3273090,32.73.22,BUAHBATU,ORANG,BUAHBATU,UPT MARGAHAYU RAYA,PEREMPUAN,30,2023,real_bandung_reference
32,JAWA BARAT,3273,KOTA BANDUNG,3273080,32.73.21,BANDUNG KIDUL,ORANG,BANDUNG KIDUL,UPT MENGGER,LAKI-LAKI,10,2023,real_bandung_reference
32,JAWA BARAT,3273,KOTA BANDUNG,3273080,32.73.21,BANDUNG KIDUL,ORANG,BANDUNG KIDUL,UPT MENGGER,PEREMPUAN,9,2023,real_bandung_reference
32,JAWA BARAT,3273,KOTA BANDUNG,3273220,32.73.18,CIBEUNYING KALER,ORANG,CIBEUNYING KALER,UPT NEGLASARI,LAKI-LAKI,12,2023,real_bandung_reference
32,JAWA BARAT,3273,KOTA BANDUNG,3273220,32.73.18,CIBEUNYING KALER,ORANG,CIBEUNYING KALER,UPT NEGLASARI,PEREMPUAN,10,2023,real_bandung_reference
32,JAWA BARAT,3273,KOTA BANDUNG,3273210,32.73.14,CIBEUNYING KIDUL,ORANG,CIBEUNYING KIDUL,UPT PADASUKA,LAKI-LAKI,16,2023,real_bandung_reference
32,JAWA BARAT,3273,KOTA BANDUNG,3273210,32.73.14,CIBEUNYING KIDUL,ORANG,CIBEUNYING KIDUL,UPT PADASUKA,PEREMPUAN,20,2023,real_bandung_reference
32,JAWA BARAT,3273,KOTA BANDUNG,3273050,32.73.10,ASTANA ANYAR,ORANG,ASTANAANYAR,UPT PAGARSIH,LAKI-LAKI,11,2023,real_bandung_reference
32,JAWA BARAT,3273,KOTA BANDUNG,3273050,32.73.10,ASTANA ANYAR,ORANG,ASTANAANYAR,UPT PAGARSIH,PEREMPUAN,7,2023,real_bandung_reference
32,JAWA BARAT,3273,KOTA BANDUNG,3273142,32.73.30,MANDALAJATI,ORANG,MANDALAJATI,UPT PAMULANG,LAKI-LAKI,6,2023,real_bandung_reference
32,JAWA BARAT,3273,KOTA BANDUNG,3273142,32.73.30,MANDALAJATI,ORANG,MANDALAJATI,UPT PAMULANG,PEREMPUAN,8,2023,real_bandung_reference
32,JAWA BARAT,3273,KOTA BANDUNG,3273111,32.73.28,PANYILEUKAN,ORANG,PANYILEUKAN,UPT PANGHEGAR,LAKI-LAKI,17,2023,real_bandung_reference
32,JAWA BARAT,3273,KOTA BANDUNG,3273111,32.73.28,PANYILEUKAN,ORANG,PANYILEUKAN,UPT PANGHEGAR,PEREMPUAN,12,2023,real_bandung_reference
32,JAWA BARAT,3273,KOTA BANDUNG,3273111,32.73.28,PANYILEUKAN,ORANG,PANYILEUKAN,UPT PANYILEUKAN,LAKI-LAKI,7,2023,real_bandung_reference
32,JAWA BARAT,3273,KOTA BANDUNG,3273111,32.73.28,PANYILEUKAN,ORANG,PANYILEUKAN,UPT PANYILEUKAN,PEREMPUAN,7,2023,real_bandung_reference
32,JAWA BARAT,3273,KOTA BANDUNG,3273080,32.73.21,BANDUNG KIDUL,ORANG,BANDUNG KIDUL,UPT PASAWAHAN,LAKI-LAKI,3,2023,real_bandung_reference
32,JAWA BARAT,3273,KOTA BANDUNG,3273080,32.73.21,BANDUNG KIDUL,ORANG,BANDUNG KIDUL,UPT PASAWAHAN,PEREMPUAN,2,2023,real_bandung_reference
32,JAWA BARAT,3273,KOTA BANDUNG,3273120,32.73.26,UJUNGBERUNG,ORANG,UJUNG BERUNG,UPT PASIRJATI,LAKI-LAKI,4,2023,real_bandung_reference
32,JAWA BARAT,3273,KOTA BANDUNG,3273120,32.73.26,UJUNGBERUNG,ORANG,UJUNG BERUNG,UPT PASIRJATI,PEREMPUAN,3,2023,real_bandung_reference
32,JAWA BARAT,3273,KOTA BANDUNG,3273190,32.73.06,CICENDO,ORANG,CICENDO,UPT PASIRKALIKI,LAKI-LAKI,11,2023,real_bandung_reference
32,JAWA BARAT,3273,KOTA BANDUNG,3273190,32.73.06,CICENDO,ORANG,CICENDO,UPT PASIRKALIKI,PEREMPUAN,18,2023,real_bandung_reference
32,JAWA BARAT,3273,KOTA BANDUNG,3273210,32.73.14,CIBEUNYING KIDUL,ORANG,CIBEUNYING KIDUL,UPT PASIRLAYUNG,LAKI-LAKI,12,2023,real_bandung_reference
32,JAWA BARAT,3273,KOTA BANDUNG,3273210,32.73.14,CIBEUNYING KIDUL,ORANG,CIBEUNYING KIDUL,UPT PASIRLAYUNG,PEREMPUAN,9,2023,real_bandung_reference
32,JAWA BARAT,3273,KOTA BANDUNG,3273060,32.73.11,REGOL,ORANG,REGOL,UPT PASIRLUYU,LAKI-LAKI,16,2023,real_bandung_reference
32,JAWA BARAT,3273,KOTA BANDUNG,3273060,32.73.11,REGOL,ORANG,REGOL,UPT PASIRLUYU,PEREMPUAN,7,2023,real_bandung_reference
32,JAWA BARAT,3273,KOTA BANDUNG,3273060,32.73.11,REGOL,ORANG,REGOL,UPT PASUNDAN,LAKI-LAKI,5,2023,real_bandung_reference
32,JAWA BARAT,3273,KOTA BANDUNG,3273060,32.73.11,REGOL,ORANG,REGOL,UPT PASUNDAN,PEREMPUAN,5,2023,real_bandung_reference
32,JAWA BARAT,3273,KOTA BANDUNG,3273050,32.73.10,ASTANA ANYAR,ORANG,ASTANAANYAR,UPT PELINDUNG HEWAN,LAKI-LAKI,20,2023,real_bandung_reference
32,JAWA BARAT,3273,KOTA BANDUNG,3273050,32.73.10,ASTANA ANYAR,ORANG,ASTANAANYAR,UPT PELINDUNG HEWAN,PEREMPUAN,14,2023,real_bandung_reference
32,JAWA BARAT,3273,KOTA BANDUNG,3273230,32.73.02,COBLONG,ORANG,COBLONG,UPT PUTER,LAKI-LAKI,11,2023,real_bandung_reference
32,JAWA BARAT,3273,KOTA BANDUNG,3273230,32.73.02,COBLONG,ORANG,COBLONG,UPT PUTER,PEREMPUAN,6,2023,real_bandung_reference
32,JAWA BARAT,3273,KOTA BANDUNG,3273101,32.73.27,GEDEBAGE,ORANG,GEDEBAGE,UPT RIUNG BANDUNG,LAKI-LAKI,10,2023,real_bandung_reference
32,JAWA BARAT,3273,KOTA BANDUNG,3273101,32.73.27,GEDEBAGE,ORANG,GEDEBAGE,UPT RIUNG BANDUNG,PEREMPUAN,8,2023,real_bandung_reference
32,JAWA BARAT,3273,KOTA BANDUNG,3273130,32.73.24,ARCAMANIK,ORANG,ARCAMANIK,UPT RUSUNAWA,LAKI-LAKI,25,2023,real_bandung_reference
32,JAWA BARAT,3273,KOTA BANDUNG,3273130,32.73.24,ARCAMANIK,ORANG,ARCAMANIK,UPT RUSUNAWA,PEREMPUAN,22,2023,real_bandung_reference
32,JAWA BARAT,3273,KOTA BANDUNG,3273200,32.73.09,BANDUNG WETAN,ORANG,BANDUNG WETAN,UPT SALAM,LAKI-LAKI,5,2023,real_bandung_reference
32,JAWA BARAT,3273,KOTA BANDUNG,3273200,32.73.09,BANDUNG WETAN,ORANG,BANDUNG WETAN,UPT SALAM,PEREMPUAN,6,2023,real_bandung_reference
32,JAWA BARAT,3273,KOTA BANDUNG,3273250,32.73.01,SUKASARI,ORANG,SUKASARI,UPT SARIJADI,LAKI-LAKI,12,2023,real_bandung_reference
32,JAWA BARAT,3273,KOTA BANDUNG,3273250,32.73.01,SUKASARI,ORANG,SUKASARI,UPT SARIJADI,PEREMPUAN,13,2023,real_bandung_reference
32,JAWA BARAT,3273,KOTA BANDUNG,3273090,32.73.22,BUAHBATU,ORANG,BUAHBATU,UPT SEKEJATI,LAKI-LAKI,23,2023,real_bandung_reference
32,JAWA BARAT,3273,KOTA BANDUNG,3273090,32.73.22,BUAHBATU,ORANG,BUAHBATU,UPT SEKEJATI,PEREMPUAN,22,2023,real_bandung_reference
32,JAWA BARAT,3273,KOTA BANDUNG,3273230,32.73.02,COBLONG,ORANG,COBLONG,UPT SEKELOA,LAKI-LAKI,1,2023,real_bandung_reference
32,JAWA BARAT,3273,KOTA BANDUNG,3273230,32.73.02,COBLONG,ORANG,COBLONG,UPT SEKELOA,PEREMPUAN,1,2023,real_bandung_reference
32,JAWA BARAT,3273,KOTA BANDUNG,3273142,32.73.30,MANDALAJATI,ORANG,MANDALAJATI,UPT SINDANGJAYA,LAKI-LAKI,6,2023,real_bandung_reference
32,JAWA BARAT,3273,KOTA BANDUNG,3273142,32.73.30,MANDALAJATI,ORANG,MANDALAJATI,UPT SINDANGJAYA,PEREMPUAN,7,2023,real_bandung_reference
32,JAWA BARAT,3273,KOTA BANDUNG,3273240,32.73.07,SUKAJADI,ORANG,SUKAJADI,UPT SUKAGALIH,LAKI-LAKI,14,2023,real_bandung_reference
32,JAWA BARAT,3273,KOTA BANDUNG,3273240,32.73.07,SUKAJADI,ORANG,SUKAJADI,UPT SUKAGALIH,PEREMPUAN,9,2023,real_bandung_reference
32,JAWA BARAT,3273,KOTA BANDUNG,3273020,32.73.03,BABAKAN CIPARAY,ORANG,BABAKAN CIPARAY,UPT SUKAHAJI,LAKI-LAKI,20,2023,real_bandung_reference
32,JAWA BARAT,3273,KOTA BANDUNG,3273020,32.73.03,BABAKAN CIPARAY,ORANG,BABAKAN CIPARAY,UPT SUKAHAJI,PEREMPUAN,21,2023,real_bandung_reference
32,JAWA BARAT,3273,KOTA BANDUNG,3273240,32.73.07,SUKAJADI,ORANG,SUKAJADI,UPT SUKAJADI,LAKI-LAKI,26,2023,real_bandung_reference
32,JAWA BARAT,3273,KOTA BANDUNG,3273240,32.73.07,SUKAJADI,ORANG,SUKAJADI,UPT SUKAJADI,PEREMPUAN,32,2023,real_bandung_reference
32,JAWA BARAT,3273,KOTA BANDUNG,3273030,32.73.04,BOJONGLOA KALER,ORANG,BOJONGLOA KALER,UPT SUKAPAKIR,LAKI-LAKI,12,2023,real_bandung_reference
32,JAWA BARAT,3273,KOTA BANDUNG,3273030,32.73.04,BOJONGLOA KALER,ORANG,BOJONGLOA KALER,UPT SUKAPAKIR,PEREMPUAN,9,2023,real_bandung_reference
32,JAWA BARAT,3273,KOTA BANDUNG,3273190,32.73.06,CICENDO,ORANG,CICENDO,UPT SUKARAJA,LAKI-LAKI,9,2023,real_bandung_reference
32,JAWA BARAT,3273,KOTA BANDUNG,3273190,32.73.06,CICENDO,ORANG,CICENDO,UPT SUKARAJA,PEREMPUAN,5,2023,real_bandung_reference
32,JAWA BARAT,3273,KOTA BANDUNG,3273250,32.73.01,SUKASARI,ORANG,SUKASARI,UPT SUKARASA,LAKI-LAKI,4,2023,real_bandung_reference
32,JAWA BARAT,3273,KOTA BANDUNG,3273250,32.73.01,SUKASARI,ORANG,SUKASARI,UPT SUKARASA,PEREMPUAN,5,2023,real_bandung_reference
32,JAWA BARAT,3273,KOTA BANDUNG,3273240,32.73.07,SUKAJADI,ORANG,SUKAJADI,UPT SUKAWARNA,LAKI-LAKI,2,2023,real_bandung_reference
32,JAWA BARAT,3273,KOTA BANDUNG,3273240,32.73.07,SUKAJADI,ORANG,SUKAJADI,UPT SUKAWARNA,PEREMPUAN,2,2023,real_bandung_reference
32,JAWA BARAT,3273,KOTA BANDUNG,3273070,32.73.13,LENGKONG,ORANG,LENGKONG,UPT SURYALAYA,LAKI-LAKI,1,2023,real_bandung_reference
32,JAWA BARAT,3273,KOTA BANDUNG,3273070,32.73.13,LENGKONG,ORANG,LENGKONG,UPT SURYALAYA,PEREMPUAN,1,2023,real_bandung_reference
32,JAWA BARAT,3273,KOTA BANDUNG,3273070,32.73.13,LENGKONG,ORANG,LENGKONG,UPT TALAGA BODAS,LAKI-LAKI,9,2023,real_bandung_reference
32,JAWA BARAT,3273,KOTA BANDUNG,3273070,32.73.13,LENGKONG,ORANG,LENGKONG,UPT TALAGA BODAS,PEREMPUAN,13,2023,real_bandung_reference
32,JAWA BARAT,3273,KOTA BANDUNG,3273200,32.73.09,BANDUNG WETAN,ORANG,BANDUNG WETAN,UPT TAMAN SARI,LAKI-LAKI,13,2023,real_bandung_reference
32,JAWA BARAT,3273,KOTA BANDUNG,3273200,32.73.09,BANDUNG WETAN,ORANG,BANDUNG WETAN,UPT TAMAN SARI,PEREMPUAN,8,2023,real_bandung_reference
32,JAWA BARAT,3273,KOTA BANDUNG,3273170,32.73.19,SUMUR BANDUNG,ORANG,SUMUR BANDUNG,UPT TAMBLONG,LAKI-LAKI,9,2023,real_bandung_reference
32,JAWA BARAT,3273,KOTA BANDUNG,3273170,32.73.19,SUMUR BANDUNG,ORANG,SUMUR BANDUNG,UPT TAMBLONG,PEREMPUAN,13,2023,real_bandung_reference
32,JAWA BARAT,3273,KOTA BANDUNG,3273120,32.73.26,UJUNGBERUNG,ORANG,UJUNG BERUNG,UPT UJUNG BERUNG INDAH,LAKI-LAKI,33,2023,real_bandung_reference
32,JAWA BARAT,3273,KOTA BANDUNG,3273120,32.73.26,UJUNGBERUNG,ORANG,UJUNG BERUNG,UPT UJUNG BERUNG INDAH,PEREMPUAN,22,2023,real_bandung_reference
32,JAWA BARAT,3273,KOTA BANDUNG,3273160,32.73.12,BATUNUNGGAL,ORANG,BATUNUNGGAL,UPT AHMAD YANI,LAKI-LAKI,20,2024,real_bandung_reference
32,JAWA BARAT,3273,KOTA BANDUNG,3273160,32.73.12,BATUNUNGGAL,ORANG,BATUNUNGGAL,UPT AHMAD YANI,PEREMPUAN,19,2024,real_bandung_reference
32,JAWA BARAT,3273,KOTA BANDUNG,3273141,32.73.20,ANTAPANI,ORANG,ANTAPANI,UPT ANTAPANI,LAKI-LAKI,36,2024,real_bandung_reference
32,JAWA BARAT,3273,KOTA BANDUNG,3273141,32.73.20,ANTAPANI,ORANG,ANTAPANI,UPT ANTAPANI,PEREMPUAN,40,2024,real_bandung_reference
32,JAWA BARAT,3273,KOTA BANDUNG,3273130,32.73.24,ARCAMANIK,ORANG,ARCAMANIK,UPT ARCAMANIK,LAKI-LAKI,50,2024,real_bandung_reference
32,JAWA BARAT,3273,KOTA BANDUNG,3273130,32.73.24,ARCAMANIK,ORANG,ARCAMANIK,UPT ARCAMANIK,PEREMPUAN,37,2024,real_bandung_reference
32,JAWA BARAT,3273,KOTA BANDUNG,3273050,32.73.10,ASTANA ANYAR,ORANG,ASTANAANYAR,UPT ASTANA ANYAR,LAKI-LAKI,13,2024,real_bandung_reference
32,JAWA BARAT,3273,KOTA BANDUNG,3273050,32.73.10,ASTANA ANYAR,ORANG,ASTANAANYAR,UPT ASTANA ANYAR,PEREMPUAN,9,2024,real_bandung_reference
32,JAWA BARAT,3273,KOTA BANDUNG,3273150,32.73.16,KIARACONDONG,ORANG,KIARACONDONG,UPT BABAKAN SARI,LAKI-LAKI,145,2024,real_bandung_reference
32,JAWA BARAT,3273,KOTA BANDUNG,3273150,32.73.16,KIARACONDONG,ORANG,KIARACONDONG,UPT BABAKAN SARI,PEREMPUAN,111,2024,real_bandung_reference
32,JAWA BARAT,3273,KOTA BANDUNG,3273150,32.73.16,KIARACONDONG,ORANG,KIARACONDONG,UPT BABAKAN SURABAYA,LAKI-LAKI,37,2024,real_bandung_reference
32,JAWA BARAT,3273,KOTA BANDUNG,3273150,32.73.16,KIARACONDONG,ORANG,KIARACONDONG,UPT BABAKAN SURABAYA,PEREMPUAN,48,2024,real_bandung_reference
32,JAWA BARAT,3273,KOTA BANDUNG,3273030,32.73.04,BOJONGLOA KALER,ORANG,BOJONGLOA KALER,UPT BABAKAN TAROGONG,LAKI-LAKI,22,2024,real_bandung_reference
32,JAWA BARAT,3273,KOTA BANDUNG,3273030,32.73.04,BOJONGLOA KALER,ORANG,BOJONGLOA KALER,UPT BABAKAN TAROGONG,PEREMPUAN,19,2024,real_bandung_reference
32,JAWA BARAT,3273,KOTA BANDUNG,3273180,32.73.05,ANDIR,ORANG,ANDIR,UPT BABATAN,LAKI-LAKI,26,2024,real_bandung_reference
32,JAWA BARAT,3273,KOTA BANDUNG,3273180,32.73.05,ANDIR,ORANG,ANDIR,UPT BABATAN,PEREMPUAN,21,2024,real_bandung_reference
32,JAWA BARAT,3273,KOTA BANDUNG,3273170,32.73.19,SUMUR BANDUNG,ORANG,SUMUR BANDUNG,UPT BALAI KOTA,LAKI-LAKI,8,2024,real_bandung_reference
32,JAWA BARAT,3273,KOTA BANDUNG,3273170,32.73.19,SUMUR BANDUNG,ORANG,SUMUR BANDUNG,UPT BALAI KOTA,PEREMPUAN,8,2024,real_bandung_reference
32,JAWA BARAT,3273,KOTA BANDUNG,3273020,32.73.03,BABAKAN CIPARAY,ORANG,BABAKAN CIPARAY,UPT CARINGIN,LAKI-LAKI,53,2024,real_bandung_reference
32,JAWA BARAT,3273,KOTA BANDUNG,3273020,32.73.03,BABAKAN CIPARAY,ORANG,BABAKAN CIPARAY,UPT CARINGIN,PEREMPUAN,44,2024,real_bandung_reference
32,JAWA BARAT,3273,KOTA BANDUNG,3273101,32.73.27,GEDEBAGE,ORANG,GEDEBAGE,UPT CEMPAKA ARUM,LAKI-LAKI,37,2024,real_bandung_reference
32,JAWA BARAT,3273,KOTA BANDUNG,3273101,32.73.27,GEDEBAGE,ORANG,GEDEBAGE,UPT CEMPAKA ARUM,PEREMPUAN,26,2024,real_bandung_reference
32,JAWA BARAT,3273,KOTA BANDUNG,3273030,32.73.04,BOJONGLOA KALER,ORANG,BOJONGLOA KALER,UPT CETARIP,LAKI-LAKI,48,2024,real_bandung_reference
32,JAWA BARAT,3273,KOTA BANDUNG,3273030,32.73.04,BOJONGLOA KALER,ORANG,BOJONGLOA KALER,UPT CETARIP,PEREMPUAN,56,2024,real_bandung_reference
32,JAWA BARAT,3273,KOTA BANDUNG,3273040,32.73.17,BOJONGLOA KIDUL,ORANG,BOJONGLOA KIDUL,UPT CIBADUYUT KIDUL,LAKI-LAKI,24,2024,real_bandung_reference
32,JAWA BARAT,3273,KOTA BANDUNG,3273040,32.73.17,BOJONGLOA KIDUL,ORANG,BOJONGLOA KIDUL,UPT CIBADUYUT KIDUL,PEREMPUAN,31,2024,real_bandung_reference
32,JAWA BARAT,3273,KOTA BANDUNG,3273040,32.73.17,BOJONGLOA KIDUL,ORANG,BOJONGLOA KIDUL,UPT CIBADUYUT WETAN,LAKI-LAKI,13,2024,real_bandung_reference
32,JAWA BARAT,3273,KOTA BANDUNG,3273040,32.73.17,BOJONGLOA KIDUL,ORANG,BOJONGLOA KIDUL,UPT CIBADUYUT WETAN,PEREMPUAN,14,2024,real_bandung_reference
32,JAWA BARAT,3273,KOTA BANDUNG,3273110,32.73.25,CIBIRU,ORANG,CIBIRU,UPT CIBIRU,LAKI-LAKI,20,2024,real_bandung_reference
32,JAWA BARAT,3273,KOTA BANDUNG,3273110,32.73.25,CIBIRU,ORANG,CIBIRU,UPT CIBIRU,PEREMPUAN,22,2024,real_bandung_reference
32,JAWA BARAT,3273,KOTA BANDUNG,3273020,32.73.03,BABAKAN CIPARAY,ORANG,BABAKAN CIPARAY,UPT CIBOLERANG,LAKI-LAKI,17,2024,real_bandung_reference
32,JAWA BARAT,3273,KOTA BANDUNG,3273020,32.73.03,BABAKAN CIPARAY,ORANG,BABAKAN CIPARAY,UPT CIBOLERANG,PEREMPUAN,11,2024,real_bandung_reference
32,JAWA BARAT,3273,KOTA BANDUNG,3273010,32.73.15,BANDUNG KULON,ORANG,BANDUNG KULON,UPT CIBUNTU,LAKI-LAKI,44,2024,real_bandung_reference
32,JAWA BARAT,3273,KOTA BANDUNG,3273010,32.73.15,BANDUNG KULON,ORANG,BANDUNG KULON,UPT CIBUNTU,PEREMPUAN,35,2024,real_bandung_reference
32,JAWA BARAT,3273,KOTA BANDUNG,3273220,32.73.18,CIBEUNYING KALER,ORANG,CIBEUNYING KALER,UPT CIGADUNG,LAKI-LAKI,67,2024,real_bandung_reference
32,JAWA BARAT,3273,KOTA BANDUNG,3273220,32.73.18,CIBEUNYING KALER,ORANG,CIBEUNYING KALER,UPT CIGADUNG,PEREMPUAN,51,2024,real_bandung_reference
32,JAWA BARAT,3273,KOTA BANDUNG,3273010,32.73.15,BANDUNG KULON,ORANG,BANDUNG KULON,UPT CIGONDEWAH,LAKI-LAKI,30,2024,real_bandung_reference
32,JAWA BARAT,3273,KOTA BANDUNG,3273010,32.73.15,BANDUNG KULON,ORANG,BANDUNG KULON,UPT CIGONDEWAH,PEREMPUAN,28,2024,real_bandung_reference
32,JAWA BARAT,3273,KOTA BANDUNG,3273070,32.73.13,LENGKONG,ORANG,LENGKONG,UPT CIJAGRA BARU,LAKI-LAKI,27,2024,real_bandung_reference
32,JAWA BARAT,3273,KOTA BANDUNG,3273070,32.73.13,LENGKONG,ORANG,LENGKONG,UPT CIJAGRA BARU,PEREMPUAN,24,2024,real_bandung_reference
32,JAWA BARAT,3273,KOTA BANDUNG,3273070,32.73.13,LENGKONG,ORANG,LENGKONG,UPT CIJAGRA LAMA,LAKI-LAKI,30,2024,real_bandung_reference
32,JAWA BARAT,3273,KOTA BANDUNG,3273070,32.73.13,LENGKONG,ORANG,LENGKONG,UPT CIJAGRA LAMA,PEREMPUAN,35,2024,real_bandung_reference
32,JAWA BARAT,3273,KOTA BANDUNG,3273010,32.73.15,BANDUNG KULON,ORANG,BANDUNG KULON,UPT CIJERAH,LAKI-LAKI,27,2024,real_bandung_reference
32,JAWA BARAT,3273,KOTA BANDUNG,3273010,32.73.15,BANDUNG KULON,ORANG,BANDUNG KULON,UPT CIJERAH,PEREMPUAN,24,2024,real_bandung_reference
32,JAWA BARAT,3273,KOTA BANDUNG,3273230,32.73.02,COBLONG,ORANG,COBLONG,UPT CIKUTRA LAMA,LAKI-LAKI,35,2024,real_bandung_reference
32,JAWA BARAT,3273,KOTA BANDUNG,3273230,32.73.02,COBLONG,ORANG,COBLONG,UPT CIKUTRA LAMA,PEREMPUAN,25,2024,real_bandung_reference
32,JAWA BARAT,3273,KOTA BANDUNG,3273110,32.73.25,CIBIRU,ORANG,CIBIRU,UPT CILENGKRANG,LAKI-LAKI,87,2024,real_bandung_reference
32,JAWA BARAT,3273,KOTA BANDUNG,3273110,32.73.25,CIBIRU,ORANG,CIBIRU,UPT CILENGKRANG,PEREMPUAN,86,2024,real_bandung_reference
32,JAWA BARAT,3273,KOTA BANDUNG,3273121,32.73.29,CINAMBO,ORANG,CINAMBO,UPT CINAMBO,LAKI-LAKI,53,2024,real_bandung_reference
32,JAWA BARAT,3273,KOTA BANDUNG,3273121,32.73.29,CINAMBO,ORANG,CINAMBO,UPT CINAMBO,PEREMPUAN,53,2024,real_bandung_reference
32,JAWA BARAT,3273,KOTA BANDUNG,3273110,32.73.25,CIBIRU,ORANG,CIBIRU,UPT CIPADUNG,LAKI-LAKI,24,2024,real_bandung_reference
32,JAWA BARAT,3273,KOTA BANDUNG,3273110,32.73.25,CIBIRU,ORANG,CIBIRU,UPT CIPADUNG,PEREMPUAN,22,2024,real_bandung_reference
32,JAWA BARAT,3273,KOTA BANDUNG,3273260,32.73.08,CIDADAP,ORANG,CIDADAP,UPT CIPAKU,LAKI-LAKI,25,2024,real_bandung_reference
32,JAWA BARAT,3273,KOTA BANDUNG,3273260,32.73.08,CIDADAP,ORANG,CIDADAP,UPT CIPAKU,PEREMPUAN,13,2024,real_bandung_reference
32,JAWA BARAT,3273,KOTA BANDUNG,3273100,32.73.23,RANCASARI,ORANG,RANCASARI,UPT CIPAMOKOLAN,LAKI-LAKI,145,2024,real_bandung_reference
32,JAWA BARAT,3273,KOTA BANDUNG,3273100,32.73.23,RANCASARI,ORANG,RANCASARI,UPT CIPAMOKOLAN,PEREMPUAN,135,2024,real_bandung_reference
32,JAWA BARAT,3273,KOTA BANDUNG,3273260,32.73.08,CIDADAP,ORANG,CIDADAP,UPT CIUMBULEUIT,LAKI-LAKI,93,2024,real_bandung_reference
32,JAWA BARAT,3273,KOTA BANDUNG,3273260,32.73.08,CIDADAP,ORANG,CIDADAP,UPT CIUMBULEUIT,PEREMPUAN,87,2024,real_bandung_reference
32,JAWA BARAT,3273,KOTA BANDUNG,3273230,32.73.02,COBLONG,ORANG,COBLONG,UPT DAGO,LAKI-LAKI,105,2024,real_bandung_reference
32,JAWA BARAT,3273,KOTA BANDUNG,3273230,32.73.02,COBLONG,ORANG,COBLONG,UPT DAGO,PEREMPUAN,108,2024,real_bandung_reference
32,JAWA BARAT,3273,KOTA BANDUNG,3273100,32.73.23,RANCASARI,ORANG,RANCASARI,UPT DERWATI,LAKI-LAKI,76,2024,real_bandung_reference
32,JAWA BARAT,3273,KOTA BANDUNG,3273100,32.73.23,RANCASARI,ORANG,RANCASARI,UPT DERWATI,PEREMPUAN,77,2024,real_bandung_reference
32,JAWA BARAT,3273,KOTA BANDUNG,3273180,32.73.05,ANDIR,ORANG,ANDIR,UPT GARUDA,LAKI-LAKI,49,2024,real_bandung_reference
32,JAWA BARAT,3273,KOTA BANDUNG,3273180,32.73.05,ANDIR,ORANG,ANDIR,UPT GARUDA,PEREMPUAN,41,2024,real_bandung_reference
32,JAWA BARAT,3273,KOTA BANDUNG,3273142,32.73.30,MANDALAJATI,ORANG,MANDALAJATI,UPT GIRIMANDE,LAKI-LAKI,0,2024,real_bandung_reference
32,JAWA BARAT,3273,KOTA BANDUNG,3273142,32.73.30,MANDALAJATI,ORANG,MANDALAJATI,UPT GIRIMANDE,PEREMPUAN,0,2024,real_bandung_reference
32,JAWA BARAT,3273,KOTA BANDUNG,3273141,32.73.20,ANTAPANI,ORANG,ANTAPANI,UPT GRIYA ANTAPANI,LAKI-LAKI,40,2024,real_bandung_reference
32,JAWA BARAT,3273,KOTA BANDUNG,3273141,32.73.20,ANTAPANI,ORANG,ANTAPANI,UPT GRIYA ANTAPANI,PEREMPUAN,40,2024,real_bandung_reference
32,JAWA BARAT,3273,KOTA BANDUNG,3273160,32.73.12,BATUNUNGGAL,ORANG,BATUNUNGGAL,UPT GUMURUH,LAKI-LAKI,64,2024,real_bandung_reference
32,JAWA BARAT,3273,KOTA BANDUNG,3273160,32.73.12,BATUNUNGGAL,ORANG,BATUNUNGGAL,UPT GUMURUH,PEREMPUAN,51,2024,real_bandung_reference
32,JAWA BARAT,3273,KOTA BANDUNG,3273160,32.73.12,BATUNUNGGAL,ORANG,BATUNUNGGAL,UPT IBRAHIM AJI,LAKI-LAKI,41,2024,real_bandung_reference
32,JAWA BARAT,3273,KOTA BANDUNG,3273160,32.73.12,BATUNUNGGAL,ORANG,BATUNUNGGAL,UPT IBRAHIM AJI,PEREMPUAN,38,2024,real_bandung_reference
32,JAWA BARAT,3273,KOTA BANDUNG,3273141,32.73.20,ANTAPANI,ORANG,ANTAPANI,UPT JAJAWAY,LAKI-LAKI,48,2024,real_bandung_reference
32,JAWA BARAT,3273,KOTA BANDUNG,3273141,32.73.20,ANTAPANI,ORANG,ANTAPANI,UPT JAJAWAY,PEREMPUAN,55,2024,real_bandung_reference
32,JAWA BARAT,3273,KOTA BANDUNG,3273142,32.73.30,MANDALAJATI,ORANG,MANDALAJATI,UPT JATIHANDAP,LAKI-LAKI,29,2024,real_bandung_reference
32,JAWA BARAT,3273,KOTA BANDUNG,3273142,32.73.30,MANDALAJATI,ORANG,MANDALAJATI,UPT JATIHANDAP,PEREMPUAN,25,2024,real_bandung_reference
32,JAWA BARAT,3273,KOTA BANDUNG,3273250,32.73.01,SUKASARI,ORANG,SUKASARI,UPT KARANGSETRA,LAKI-LAKI,43,2024,real_bandung_reference
32,JAWA BARAT,3273,KOTA BANDUNG,3273250,32.73.01,SUKASARI,ORANG,SUKASARI,UPT KARANGSETRA,PEREMPUAN,52,2024,real_bandung_reference
32,JAWA BARAT,3273,KOTA BANDUNG,3273040,32.73.17,BOJONGLOA KIDUL,ORANG,BOJONGLOA KIDUL,UPT KOPO,LAKI-LAKI,38,2024,real_bandung_reference
32,JAWA BARAT,3273,KOTA BANDUNG,3273040,32.73.17,BOJONGLOA KIDUL,ORANG,BOJONGLOA KIDUL,UPT KOPO,PEREMPUAN,38,2024,real_bandung_reference
32,JAWA BARAT,3273,KOTA BANDUNG,3273080,32.73.21,BANDUNG KIDUL,ORANG,BANDUNG KIDUL,UPT KUJANG SARI,LAKI-LAKI,63,2024,real_bandung_reference
32,JAWA BARAT,3273,KOTA BANDUNG,3273080,32.73.21,BANDUNG KIDUL,ORANG,BANDUNG KIDUL,UPT KUJANG SARI,PEREMPUAN,62,2024,real_bandung_reference
32,JAWA BARAT,3273,KOTA BANDUNG,3273250,32.73.01,SUKASARI,ORANG,SUKASARI,UPT LEDENG,LAKI-LAKI,19,2024,real_bandung_reference
32,JAWA BARAT,3273,KOTA BANDUNG,3273250,32.73.01,SUKASARI,ORANG,SUKASARI,UPT LEDENG,PEREMPUAN,38,2024,real_bandung_reference
32,JAWA BARAT,3273,KOTA BANDUNG,3273050,32.73.10,ASTANA ANYAR,ORANG,ASTANAANYAR,UPT LIOGENTENG,LAKI-LAKI,8,2024,real_bandung_reference
32,JAWA BARAT,3273,KOTA BANDUNG,3273050,32.73.10,ASTANA ANYAR,ORANG,ASTANAANYAR,UPT LIOGENTENG,PEREMPUAN,9,2024,real_bandung_reference
32,JAWA BARAT,3273,KOTA BANDUNG,3273142,32.73.30,MANDALAJATI,ORANG,MANDALAJATI,UPT MANDALA MEKAR,LAKI-LAKI,3,2024,real_bandung_reference
32,JAWA BARAT,3273,KOTA BANDUNG,3273142,32.73.30,MANDALAJATI,ORANG,MANDALAJATI,UPT MANDALA MEKAR,PEREMPUAN,3,2024,real_bandung_reference
32,JAWA BARAT,3273,KOTA BANDUNG,3273090,32.73.22,BUAHBATU,ORANG,BUAHBATU,UPT MARGAHAYU RAYA,LAKI-LAKI,106,2024,real_bandung_reference
32,JAWA BARAT,3273,KOTA BANDUNG,3273090,32.73.22,BUAHBATU,ORANG,BUAHBATU,UPT MARGAHAYU RAYA,PEREMPUAN,147,2024,real_bandung_reference
32,JAWA BARAT,3273,KOTA BANDUNG,3273080,32.73.21,BANDUNG KIDUL,ORANG,BANDUNG KIDUL,UPT MENGGER,LAKI-LAKI,12,2024,real_bandung_reference
32,JAWA BARAT,3273,KOTA BANDUNG,3273080,32.73.21,BANDUNG KIDUL,ORANG,BANDUNG KIDUL,UPT MENGGER,PEREMPUAN,13,2024,real_bandung_reference
32,JAWA BARAT,3273,KOTA BANDUNG,3273060,32.73.11,REGOL,ORANG,REGOL,UPT MOCH. RAMDAN,LAKI-LAKI,36,2024,real_bandung_reference
32,JAWA BARAT,3273,KOTA BANDUNG,3273060,32.73.11,REGOL,ORANG,REGOL,UPT MOCH. RAMDAN,PEREMPUAN,37,2024,real_bandung_reference
32,JAWA BARAT,3273,KOTA BANDUNG,3273220,32.73.18,CIBEUNYING KALER,ORANG,CIBEUNYING KALER,UPT NEGLASARI,LAKI-LAKI,41,2024,real_bandung_reference
32,JAWA BARAT,3273,KOTA BANDUNG,3273220,32.73.18,CIBEUNYING KALER,ORANG,CIBEUNYING KALER,UPT NEGLASARI,PEREMPUAN,40,2024,real_bandung_reference
32,JAWA BARAT,3273,KOTA BANDUNG,3273210,32.73.14,CIBEUNYING KIDUL,ORANG,CIBEUNYING KIDUL,UPT PADASUKA,LAKI-LAKI,83,2024,real_bandung_reference
32,JAWA BARAT,3273,KOTA BANDUNG,3273210,32.73.14,CIBEUNYING KIDUL,ORANG,CIBEUNYING KIDUL,UPT PADASUKA,PEREMPUAN,74,2024,real_bandung_reference
32,JAWA BARAT,3273,KOTA BANDUNG,3273050,32.73.10,ASTANA ANYAR,ORANG,ASTANAANYAR,UPT PAGARSIH,LAKI-LAKI,26,2024,real_bandung_reference
32,JAWA BARAT,3273,KOTA BANDUNG,3273050,32.73.10,ASTANA ANYAR,ORANG,ASTANAANYAR,UPT PAGARSIH,PEREMPUAN,19,2024,real_bandung_reference
32,JAWA BARAT,3273,KOTA BANDUNG,3273142,32.73.30,MANDALAJATI,ORANG,MANDALAJATI,UPT PAMULANG,LAKI-LAKI,20,2024,real_bandung_reference
32,JAWA BARAT,3273,KOTA BANDUNG,3273142,32.73.30,MANDALAJATI,ORANG,MANDALAJATI,UPT PAMULANG,PEREMPUAN,22,2024,real_bandung_reference
32,JAWA BARAT,3273,KOTA BANDUNG,3273111,32.73.28,PANYILEUKAN,ORANG,PANYILEUKAN,UPT PANGHEGAR,LAKI-LAKI,62,2024,real_bandung_reference
32,JAWA BARAT,3273,KOTA BANDUNG,3273111,32.73.28,PANYILEUKAN,ORANG,PANYILEUKAN,UPT PANGHEGAR,PEREMPUAN,49,2024,real_bandung_reference
32,JAWA BARAT,3273,KOTA BANDUNG,3273111,32.73.28,PANYILEUKAN,ORANG,PANYILEUKAN,UPT PANYILEUKAN,LAKI-LAKI,50,2024,real_bandung_reference
32,JAWA BARAT,3273,KOTA BANDUNG,3273111,32.73.28,PANYILEUKAN,ORANG,PANYILEUKAN,UPT PANYILEUKAN,PEREMPUAN,54,2024,real_bandung_reference
32,JAWA BARAT,3273,KOTA BANDUNG,3273080,32.73.21,BANDUNG KIDUL,ORANG,BANDUNG KIDUL,UPT PASAWAHAN,LAKI-LAKI,5,2024,real_bandung_reference
32,JAWA BARAT,3273,KOTA BANDUNG,3273080,32.73.21,BANDUNG KIDUL,ORANG,BANDUNG KIDUL,UPT PASAWAHAN,PEREMPUAN,1,2024,real_bandung_reference
32,JAWA BARAT,3273,KOTA BANDUNG,3273120,32.73.26,UJUNGBERUNG,ORANG,UJUNG BERUNG,UPT PASIR JATI,LAKI-LAKI,45,2024,real_bandung_reference
32,JAWA BARAT,3273,KOTA BANDUNG,3273120,32.73.26,UJUNGBERUNG,ORANG,UJUNG BERUNG,UPT PASIR JATI,PEREMPUAN,55,2024,real_bandung_reference
32,JAWA BARAT,3273,KOTA BANDUNG,3273190,32.73.06,CICENDO,ORANG,CICENDO,UPT PASIRKALIKI,LAKI-LAKI,77,2024,real_bandung_reference
32,JAWA BARAT,3273,KOTA BANDUNG,3273190,32.73.06,CICENDO,ORANG,CICENDO,UPT PASIRKALIKI,PEREMPUAN,82,2024,real_bandung_reference
32,JAWA BARAT,3273,KOTA BANDUNG,3273210,32.73.14,CIBEUNYING KIDUL,ORANG,CIBEUNYING KIDUL,UPT PASIRLAYUNG,LAKI-LAKI,34,2024,real_bandung_reference
32,JAWA BARAT,3273,KOTA BANDUNG,3273210,32.73.14,CIBEUNYING KIDUL,ORANG,CIBEUNYING KIDUL,UPT PASIRLAYUNG,PEREMPUAN,34,2024,real_bandung_reference
32,JAWA BARAT,3273,KOTA BANDUNG,3273060,32.73.11,REGOL,ORANG,REGOL,UPT PASIRLUYU,LAKI-LAKI,29,2024,real_bandung_reference
32,JAWA BARAT,3273,KOTA BANDUNG,3273060,32.73.11,REGOL,ORANG,REGOL,UPT PASIRLUYU,PEREMPUAN,40,2024,real_bandung_reference
32,JAWA BARAT,3273,KOTA BANDUNG,3273060,32.73.11,REGOL,ORANG,REGOL,UPT PASUNDAN,LAKI-LAKI,12,2024,real_bandung_reference
32,JAWA BARAT,3273,KOTA BANDUNG,3273060,32.73.11,REGOL,ORANG,REGOL,UPT PASUNDAN,PEREMPUAN,9,2024,real_bandung_reference
32,JAWA BARAT,3273,KOTA BANDUNG,3273050,32.73.10,ASTANA ANYAR,ORANG,ASTANAANYAR,UPT PELINDUNG HEWAN,LAKI-LAKI,34,2024,real_bandung_reference
32,JAWA BARAT,3273,KOTA BANDUNG,3273050,32.73.10,ASTANA ANYAR,ORANG,ASTANAANYAR,UPT PELINDUNG HEWAN,PEREMPUAN,39,2024,real_bandung_reference
32,JAWA BARAT,3273,KOTA BANDUNG,3273230,32.73.02,COBLONG,ORANG,COBLONG,UPT PUTER,LAKI-LAKI,39,2024,real_bandung_reference
32,JAWA BARAT,3273,KOTA BANDUNG,3273230,32.73.02,COBLONG,ORANG,COBLONG,UPT PUTER,PEREMPUAN,16,2024,real_bandung_reference
32,JAWA BARAT,3273,KOTA BANDUNG,3273101,32.73.27,GEDEBAGE,ORANG,GEDEBAGE,UPT RIUNG BANDUNG,LAKI-LAKI,124,2024,real_bandung_reference
32,JAWA BARAT,3273,KOTA BANDUNG,3273101,32.73.27,GEDEBAGE,ORANG,GEDEBAGE,UPT RIUNG BANDUNG,PEREMPUAN,91,2024,real_bandung_reference
32,JAWA BARAT,3273,KOTA BANDUNG,3273130,32.73.24,ARCAMANIK,ORANG,ARCAMANIK,UPT RUSUNAWA,LAKI-LAKI,106,2024,real_bandung_reference
32,JAWA BARAT,3273,KOTA BANDUNG,3273130,32.73.24,ARCAMANIK,ORANG,ARCAMANIK,UPT RUSUNAWA,PEREMPUAN,121,2024,real_bandung_reference
32,JAWA BARAT,3273,KOTA BANDUNG,3273200,32.73.09,BANDUNG WETAN,ORANG,BANDUNG WETAN,UPT SALAM,LAKI-LAKI,15,2024,real_bandung_reference
32,JAWA BARAT,3273,KOTA BANDUNG,3273200,32.73.09,BANDUNG WETAN,ORANG,BANDUNG WETAN,UPT SALAM,PEREMPUAN,17,2024,real_bandung_reference
32,JAWA BARAT,3273,KOTA BANDUNG,3273250,32.73.01,SUKASARI,ORANG,SUKASARI,UPT SARIJADI,LAKI-LAKI,50,2024,real_bandung_reference
32,JAWA BARAT,3273,KOTA BANDUNG,3273250,32.73.01,SUKASARI,ORANG,SUKASARI,UPT SARIJADI,PEREMPUAN,41,2024,real_bandung_reference
32,JAWA BARAT,3273,KOTA BANDUNG,3273090,32.73.22,BUAHBATU,ORANG,BUAHBATU,UPT SEKEJATI,LAKI-LAKI,92,2024,real_bandung_reference
32,JAWA BARAT,3273,KOTA BANDUNG,3273090,32.73.22,BUAHBATU,ORANG,BUAHBATU,UPT SEKEJATI,PEREMPUAN,83,2024,real_bandung_reference
32,JAWA BARAT,3273,KOTA BANDUNG,3273230,32.73.02,COBLONG,ORANG,COBLONG,UPT SEKELOA,LAKI-LAKI,26,2024,real_bandung_reference
32,JAWA BARAT,3273,KOTA BANDUNG,3273230,32.73.02,COBLONG,ORANG,COBLONG,UPT SEKELOA,PEREMPUAN,18,2024,real_bandung_reference
32,JAWA BARAT,3273,KOTA BANDUNG,3273142,32.73.30,MANDALAJATI,ORANG,MANDALAJATI,UPT SINDANG JAYA,LAKI-LAKI,32,2024,real_bandung_reference
32,JAWA BARAT,3273,KOTA BANDUNG,3273142,32.73.30,MANDALAJATI,ORANG,MANDALAJATI,UPT SINDANG JAYA,PEREMPUAN,31,2024,real_bandung_reference
32,JAWA BARAT,3273,KOTA BANDUNG,3273240,32.73.07,SUKAJADI,ORANG,SUKAJADI,UPT SUKAGALIH,LAKI-LAKI,27,2024,real_bandung_reference
32,JAWA BARAT,3273,KOTA BANDUNG,3273240,32.73.07,SUKAJADI,ORANG,SUKAJADI,UPT SUKAGALIH,PEREMPUAN,38,2024,real_bandung_reference
32,JAWA BARAT,3273,KOTA BANDUNG,3273020,32.73.03,BABAKAN CIPARAY,ORANG,BABAKAN CIPARAY,UPT SUKAHAJI,LAKI-LAKI,58,2024,real_bandung_reference
32,JAWA BARAT,3273,KOTA BANDUNG,3273020,32.73.03,BABAKAN CIPARAY,ORANG,BABAKAN CIPARAY,UPT SUKAHAJI,PEREMPUAN,54,2024,real_bandung_reference
32,JAWA BARAT,3273,KOTA BANDUNG,3273240,32.73.07,SUKAJADI,ORANG,SUKAJADI,UPT SUKAJADI,LAKI-LAKI,97,2024,real_bandung_reference
32,JAWA BARAT,3273,KOTA BANDUNG,3273240,32.73.07,SUKAJADI,ORANG,SUKAJADI,UPT SUKAJADI,PEREMPUAN,107,2024,real_bandung_reference
32,JAWA BARAT,3273,KOTA BANDUNG,3273030,32.73.04,BOJONGLOA KALER,ORANG,BOJONGLOA KALER,UPT SUKAPARKIR,LAKI-LAKI,41,2024,real_bandung_reference
32,JAWA BARAT,3273,KOTA BANDUNG,3273030,32.73.04,BOJONGLOA KALER,ORANG,BOJONGLOA KALER,UPT SUKAPARKIR,PEREMPUAN,38,2024,real_bandung_reference
32,JAWA BARAT,3273,KOTA BANDUNG,3273190,32.73.06,CICENDO,ORANG,CICENDO,UPT SUKARAJA,LAKI-LAKI,17,2024,real_bandung_reference
32,JAWA BARAT,3273,KOTA BANDUNG,3273190,32.73.06,CICENDO,ORANG,CICENDO,UPT SUKARAJA,PEREMPUAN,19,2024,real_bandung_reference
32,JAWA BARAT,3273,KOTA BANDUNG,3273250,32.73.01,SUKASARI,ORANG,SUKASARI,UPT SUKARASA,LAKI-LAKI,25,2024,real_bandung_reference
32,JAWA BARAT,3273,KOTA BANDUNG,3273250,32.73.01,SUKASARI,ORANG,SUKASARI,UPT SUKARASA,PEREMPUAN,12,2024,real_bandung_reference
32,JAWA BARAT,3273,KOTA BANDUNG,3273240,32.73.07,SUKAJADI,ORANG,SUKAJADI,UPT SUKAWARNA,LAKI-LAKI,18,2024,real_bandung_reference
32,JAWA BARAT,3273,KOTA BANDUNG,3273240,32.73.07,SUKAJADI,ORANG,SUKAJADI,UPT SUKAWARNA,PEREMPUAN,16,2024,real_bandung_reference
32,JAWA BARAT,3273,KOTA BANDUNG,3273070,32.73.13,LENGKONG,ORANG,LENGKONG,UPT SURYALAYA,LAKI-LAKI,11,2024,real_bandung_reference
32,JAWA BARAT,3273,KOTA BANDUNG,3273070,32.73.13,LENGKONG,ORANG,LENGKONG,UPT SURYALAYA,PEREMPUAN,10,2024,real_bandung_reference
32,JAWA BARAT,3273,KOTA BANDUNG,3273070,32.73.13,LENGKONG,ORANG,LENGKONG,UPT TALAGABODAS,LAKI-LAKI,23,2024,real_bandung_reference
32,JAWA BARAT,3273,KOTA BANDUNG,3273070,32.73.13,LENGKONG,ORANG,LENGKONG,UPT TALAGABODAS,PEREMPUAN,26,2024,real_bandung_reference
32,JAWA BARAT,3273,KOTA BANDUNG,3273200,32.73.09,BANDUNG WETAN,ORANG,BANDUNG WETAN,UPT TAMANSARI,LAKI-LAKI,28,2024,real_bandung_reference
32,JAWA BARAT,3273,KOTA BANDUNG,3273200,32.73.09,BANDUNG WETAN,ORANG,BANDUNG WETAN,UPT TAMANSARI,PEREMPUAN,21,2024,real_bandung_reference
32,JAWA BARAT,3273,KOTA BANDUNG,3273170,32.73.19,SUMUR BANDUNG,ORANG,SUMUR BANDUNG,UPT TAMBLONG,LAKI-LAKI,28,2024,real_bandung_reference
32,JAWA BARAT,3273,KOTA BANDUNG,3273170,32.73.19,SUMUR BANDUNG,ORANG,SUMUR BANDUNG,UPT TAMBLONG,PEREMPUAN,29,2024,real_bandung_reference
32,JAWA BARAT,3273,KOTA BANDUNG,3273120,32.73.26,UJUNGBERUNG,ORANG,UJUNG BERUNG,UPT UJUNGBERUNG INDAH,LAKI-LAKI,103,2024,real_bandung_reference
32,JAWA BARAT,3273,KOTA BANDUNG,3273120,32.73.26,UJUNGBERUNG,ORANG,UJUNG BERUNG,UPT UJUNGBERUNG INDAH,PEREMPUAN,91,2024,real_bandung_reference
