year,month,date_month,parent_region,region,penderita_dbd,meninggal,periode_data,data_origin,is_complete_year
2015,1,2015-01-01,JAKARTA BARAT,CENGKARENG,40,0,201501,real_jakarta,True
2015,1,2015-01-01,JAKARTA BARAT,GROGOL PETAMBURAN,6,0,201501,real_jakarta,True
2015,1,2015-01-01,JAKARTA BARAT,KALIDERES,33,0,201501,real_jakarta,True
2015,1,2015-01-01,JAKARTA BARAT,KEBON JERUK,8,0,201501,real_jakarta,True
2015,1,2015-01-01,JAKARTA BARAT,KEMBANGAN,16,0,201501,real_jakarta,True
2015,1,2015-01-01,JAKARTA BARAT,PALMERAH,13,0,201501,real_jakarta,True
2015,1,2015-01-01,JAKARTA BARAT,TAMAN SARI,5,0,201501,real_jakarta,True
2015,1,2015-01-01,JAKARTA BARAT,TAMBORA,7,0,201501,real_jakarta,True
2015,1,2015-01-01,JAKARTA PUSAT,CEMPAKA PUTIH,7,0,201501,real_jakarta,True
2015,1,2015-01-01,JAKARTA PUSAT,GAMBIR,0,0,201501,real_jakarta,True
2015,1,2015-01-01,JAKARTA PUSAT,JOHAR BARU,1,0,201501,real_jakarta,True
2015,1,2015-01-01,JAKARTA PUSAT,KEMAYORAN,9,0,201501,real_jakarta,True
2015,1,2015-01-01,JAKARTA PUSAT,MENTENG,5,0,201501,real_jakarta,True
2015,1,2015-01-01,JAKARTA PUSAT,SAWAH BESAR,5,0,201501,real_jakarta,True
2015,1,2015-01-01,JAKARTA PUSAT,SENEN,2,0,201501,real_jakarta,True
2015,1,2015-01-01,JAKARTA PUSAT,TANAH ABANG,4,0,201501,real_jakarta,True
2015,1,2015-01-01,JAKARTA SELATAN,CILANDAK,16,0,201501,real_jakarta,True
2015,1,2015-01-01,JAKARTA SELATAN,JAGAKARSA,26,0,201501,real_jakarta,True
2015,1,2015-01-01,JAKARTA SELATAN,KEBAYORAN BARU,19,0,201501,real_jakarta,True
2015,1,2015-01-01,JAKARTA SELATAN,KEBAYORAN LAMA,16,0,201501,real_jakarta,True
2015,1,2015-01-01,JAKARTA SELATAN,MAMPANG PRAPATAN,7,0,201501,real_jakarta,True
2015,1,2015-01-01,JAKARTA SELATAN,PANCORAN,18,0,201501,real_jakarta,True
2015,1,2015-01-01,JAKARTA SELATAN,PASAR MINGGU,11,0,201501,real_jakarta,True
2015,1,2015-01-01,JAKARTA SELATAN,PESANGGRAHAN,17,0,201501,real_jakarta,True
2015,1,2015-01-01,JAKARTA SELATAN,SETIA BUDI,8,0,201501,real_jakarta,True
2015,1,2015-01-01,JAKARTA SELATAN,TEBET,13,0,201501,real_jakarta,True
2015,1,2015-01-01,JAKARTA TIMUR,CAKUNG,6,0,201501,real_jakarta,True
2015,1,2015-01-01,JAKARTA TIMUR,CIPAYUNG,13,2,201501,real_jakarta,True
2015,1,2015-01-01,JAKARTA TIMUR,CIRACAS,10,1,201501,real_jakarta,True
2015,1,2015-01-01,JAKARTA TIMUR,DUREN SAWIT,15,0,201501,real_jakarta,True
2015,1,2015-01-01,JAKARTA TIMUR,JATINEGARA,3,0,201501,real_jakarta,True
2015,1,2015-01-01,JAKARTA TIMUR,KRAMAT JATI,12,0,201501,real_jakarta,True
2015,1,2015-01-01,JAKARTA TIMUR,MAKASAR,1,0,201501,real_jakarta,True
2015,1,2015-01-01,JAKARTA TIMUR,MATRAMAN,4,0,201501,real_jakarta,True
2015,1,2015-01-01,JAKARTA TIMUR,PASAR REBO,6,0,201501,real_jakarta,True
2015,1,2015-01-01,JAKARTA TIMUR,PULO GADUNG,5,0,201501,real_jakarta,True
2015,1,2015-01-01,JAKARTA UTARA,CILINCING,8,0,201501,real_jakarta,True
2015,1,2015-01-01,JAKARTA UTARA,KELAPA GADING,5,0,201501,real_jakarta,True
2015,1,2015-01-01,JAKARTA UTARA,KOJA,14,0,201501,real_jakarta,True
2015,1,2015-01-01,JAKARTA UTARA,PADEMANGAN,6,0,201501,real_jakarta,True
2015,1,2015-01-01,JAKARTA UTARA,PENJARINGAN,14,0,201501,real_jakarta,True
2015,1,2015-01-01,JAKARTA UTARA,TANJUNG PRIOK,9,0,201501,real_jakarta,True
2015,1,2015-01-01,KABUPATEN KEPULAUAN SERIBU,KEP. SERIBU SELATAN,0,0,201501,real_jakarta,True
2015,1,2015-01-01,KABUPATEN KEPULAUAN SERIBU,KEP. SERIBU UTARA,0,0,201501,real_jakarta,True
2015,2,2015-02-01,JAKARTA BARAT,CENGKARENG,27,0,201502,real_jakarta,True
2015,2,2015-02-01,JAKARTA BARAT,GROGOL PETAMBURAN,19,0,201502,real_jakarta,True
2015,2,2015-02-01,JAKARTA BARAT,KALIDERES,28,0,201502,real_jakarta,True
2015,2,2015-02-01,JAKARTA BARAT,KEBON JERUK,11,0,201502,real_jakarta,True
2015,2,2015-02-01,JAKARTA BARAT,KEMBANGAN,18,0,201502,real_jakarta,True
2015,2,2015-02-01,JAKARTA BARAT,PALMERAH,18,0,201502,real_jakarta,True
2015,2,2015-02-01,JAKARTA BARAT,TAMAN SARI,2,0,201502,real_jakarta,True
2015,2,2015-02-01,JAKARTA BARAT,TAMBORA,11,1,201502,real_jakarta,True
2015,2,2015-02-01,JAKARTA PUSAT,CEMPAKA PUTIH,4,0,201502,real_jakarta,True
2015,2,2015-02-01,JAKARTA PUSAT,GAMBIR,1,0,201502,real_jakarta,True
2015,2,2015-02-01,JAKARTA PUSAT,JOHAR BARU,3,0,201502,real_jakarta,True
2015,2,2015-02-01,JAKARTA PUSAT,KEMAYORAN,15,0,201502,real_jakarta,True
2015,2,2015-02-01,JAKARTA PUSAT,MENTENG,4,0,201502,real_jakarta,True
2015,2,2015-02-01,JAKARTA PUSAT,SAWAH BESAR,4,1,201502,real_jakarta,True
2015,2,2015-02-01,JAKARTA PUSAT,SENEN,3,0,201502,real_jakarta,True
2015,2,2015-02-01,JAKARTA PUSAT,TANAH ABANG,5,0,201502,real_jakarta,True
2015,2,2015-02-01,JAKARTA SELATAN,CILANDAK,23,0,201502,real_jakarta,True
2015,2,2015-02-01,JAKARTA SELATAN,JAGAKARSA,24,0,201502,real_jakarta,True
2015,2,2015-02-01,JAKARTA SELATAN,KEBAYORAN BARU,14,0,201502,real_jakarta,True
2015,2,2015-02-01,JAKARTA SELATAN,KEBAYORAN LAMA,19,0,201502,real_jakarta,True
2015,2,2015-02-01,JAKARTA SELATAN,MAMPANG PRAPATAN,8,0,201502,real_jakarta,True
2015,2,2015-02-01,JAKARTA SELATAN,PANCORAN,16,0,201502,real_jakarta,True
2015,2,2015-02-01,JAKARTA SELATAN,PASAR MINGGU,23,0,201502,real_jakarta,True
2015,2,2015-02-01,JAKARTA SELATAN,PESANGGRAHAN,16,0,201502,real_jakarta,True
2015,2,2015-02-01,JAKARTA SELATAN,SETIA BUDI,4,0,201502,real_jakarta,True
2015,2,2015-02-01,JAKARTA SELATAN,TEBET,18,0,201502,real_jakarta,True
2015,2,2015-02-01,JAKARTA TIMUR,CAKUNG,20,0,201502,real_jakarta,True
2015,2,2015-02-01,JAKARTA TIMUR,CIPAYUNG,14,0,201502,real_jakarta,True
2015,2,2015-02-01,JAKARTA TIMUR,CIRACAS,6,0,201502,real_jakarta,True
2015,2,2015-02-01,JAKARTA TIMUR,DUREN SAWIT,23,0,201502,real_jakarta,True
2015,2,2015-02-01,JAKARTA TIMUR,JATINEGARA,7,0,201502,real_jakarta,True
2015,2,2015-02-01,JAKARTA TIMUR,KRAMAT JATI,4,0,201502,real_jakarta,True
2015,2,2015-02-01,JAKARTA TIMUR,MAKASAR,7,0,201502,real_jakarta,True
2015,2,2015-02-01,JAKARTA TIMUR,MATRAMAN,5,0,201502,real_jakarta,True
2015,2,2015-02-01,JAKARTA TIMUR,PASAR REBO,6,0,201502,real_jakarta,True
2015,2,2015-02-01,JAKARTA TIMUR,PULO GADUNG,8,0,201502,real_jakarta,True
2015,2,2015-02-01,JAKARTA UTARA,CILINCING,20,0,201502,real_jakarta,True
2015,2,2015-02-01,JAKARTA UTARA,KELAPA GADING,13,0,201502,real_jakarta,True
2015,2,2015-02-01,JAKARTA UTARA,KOJA,26,0,201502,real_jakarta,True
2015,2,2015-02-01,JAKARTA UTARA,PADEMANGAN,16,0,201502,real_jakarta,True
2015,2,2015-02-01,JAKARTA UTARA,PENJARINGAN,0,0,201502,real_jakarta,True
2015,2,2015-02-01,JAKARTA UTARA,TANJUNG PRIOK,14,1,201502,real_jakarta,True
2015,2,2015-02-01,KABUPATEN KEPULAUAN SERIBU,KEP. SERIBU SELATAN,0,0,201502,real_jakarta,True
2015,2,2015-02-01,KABUPATEN KEPULAUAN SERIBU,KEP. SERIBU UTARA,1,0,201502,real_jakarta,True
2015,3,2015-03-01,JAKARTA BARAT,CENGKARENG,48,0,201503,real_jakarta,True
2015,3,2015-03-01,JAKARTA BARAT,GROGOL PETAMBURAN,48,0,201503,real_jakarta,True
2015,3,2015-03-01,JAKARTA BARAT,KALIDERES,36,0,201503,real_jakarta,True
2015,3,2015-03-01,JAKARTA BARAT,KEBON JERUK,14,0,201503,real_jakarta,True
2015,3,2015-03-01,JAKARTA BARAT,KEMBANGAN,4,0,201503,real_jakarta,True
2015,3,2015-03-01,JAKARTA BARAT,PALMERAH,13,0,201503,real_jakarta,True
2015,3,2015-03-01,JAKARTA BARAT,TAMAN SARI,28,0,201503,real_jakarta,True
2015,3,2015-03-01,JAKARTA BARAT,TAMBORA,14,0,201503,real_jakarta,True
2015,3,2015-03-01,JAKARTA PUSAT,CEMPAKA PUTIH,3,0,201503,real_jakarta,True
2015,3,2015-03-01,JAKARTA PUSAT,GAMBIR,9,0,201503,real_jakarta,True
2015,3,2015-03-01,JAKARTA PUSAT,JOHAR BARU,9,0,201503,real_jakarta,True
2015,3,2015-03-01,JAKARTA PUSAT,KEMAYORAN,29,0,201503,real_jakarta,True
2015,3,2015-03-01,JAKARTA PUSAT,MENTENG,9,0,201503,real_jakarta,True
2015,3,2015-03-01,JAKARTA PUSAT,SAWAH BESAR,9,0,201503,real_jakarta,True
2015,3,2015-03-01,JAKARTA PUSAT,SENEN,10,0,201503,real_jakarta,True
2015,3,2015-03-01,JAKARTA PUSAT,TANAH ABANG,7,0,201503,real_jakarta,True
2015,3,2015-03-01,JAKARTA SELATAN,CILANDAK,27,0,201503,real_jakarta,True
2015,3,2015-03-01,JAKARTA SELATAN,JAGAKARSA,21,0,201503,real_jakarta,True
2015,3,2015-03-01,JAKARTA SELATAN,KEBAYORAN BARU,16,0,201503,real_jakarta,True
2015,3,2015-03-01,JAKARTA SELATAN,KEBAYORAN LAMA,18,0,201503,real_jakarta,True
2015,3,2015-03-01,JAKARTA SELATAN,MAMPANG PRAPATAN,11,0,201503,real_jakarta,True
2015,3,2015-03-01,JAKARTA SELATAN,PANCORAN,20,0,201503,real_jakarta,True
2015,3,2015-03-01,JAKARTA SELATAN,PASAR MINGGU,19,0,201503,real_jakarta,True
2015,3,2015-03-01,JAKARTA SELATAN,PESANGGRAHAN,20,0,201503,real_jakarta,True
2015,3,2015-03-01,JAKARTA SELATAN,SETIA BUDI,6,0,201503,real_jakarta,True
2015,3,2015-03-01,JAKARTA SELATAN,TEBET,23,0,201503,real_jakarta,True
2015,3,2015-03-01,JAKARTA TIMUR,CAKUNG,26,1,201503,real_jakarta,True
2015,3,2015-03-01,JAKARTA TIMUR,CIPAYUNG,16,0,201503,real_jakarta,True
2015,3,2015-03-01,JAKARTA TIMUR,CIRACAS,10,0,201503,real_jakarta,True
2015,3,2015-03-01,JAKARTA TIMUR,DUREN SAWIT,51,0,201503,real_jakarta,True
2015,3,2015-03-01,JAKARTA TIMUR,JATINEGARA,12,0,201503,real_jakarta,True
2015,3,2015-03-01,JAKARTA TIMUR,KRAMAT JATI,17,0,201503,real_jakarta,True
2015,3,2015-03-01,JAKARTA TIMUR,MAKASAR,15,0,201503,real_jakarta,True
2015,3,2015-03-01,JAKARTA TIMUR,MATRAMAN,11,0,201503,real_jakarta,True
2015,3,2015-03-01,JAKARTA TIMUR,PASAR REBO,8,0,201503,real_jakarta,True
2015,3,2015-03-01,JAKARTA TIMUR,PULO GADUNG,18,0,201503,real_jakarta,True
2015,3,2015-03-01,JAKARTA UTARA,CILINCING,31,0,201503,real_jakarta,True
2015,3,2015-03-01,JAKARTA UTARA,KELAPA GADING,18,0,201503,real_jakarta,True
2015,3,2015-03-01,JAKARTA UTARA,KOJA,27,0,201503,real_jakarta,True
2015,3,2015-03-01,JAKARTA UTARA,PADEMANGAN,10,0,201503,real_jakarta,True
2015,3,2015-03-01,JAKARTA UTARA,PENJARINGAN,0,0,201503,real_jakarta,True
2015,3,2015-03-01,JAKARTA UTARA,TANJUNG PRIOK,14,0,201503,real_jakarta,True
2015,3,2015-03-01,KABUPATEN KEPULAUAN SERIBU,KEP. SERIBU SELATAN,0,0,201503,real_jakarta,True
2015,3,2015-03-01,KABUPATEN KEPULAUAN SERIBU,KEP. SERIBU UTARA,0,0,201503,real_jakarta,True
2015,4,2015-04-01,JAKARTA BARAT,CENGKARENG,82,0,201504,real_jakarta,True
2015,4,2015-04-01,JAKARTA BARAT,GROGOL PETAMBURAN,39,0,201504,real_jakarta,True
2015,4,2015-04-01,JAKARTA BARAT,KALIDERES,39,0,201504,real_jakarta,True
2015,4,2015-04-01,JAKARTA BARAT,KEBON JERUK,18,0,201504,real_jakarta,True
2015,4,2015-04-01,JAKARTA BARAT,KEMBANGAN,13,0,201504,real_jakarta,True
2015,4,2015-04-01,JAKARTA BARAT,PALMERAH,9,0,201504,real_jakarta,True
2015,4,2015-04-01,JAKARTA BARAT,TAMAN SARI,7,0,201504,real_jakarta,True
2015,4,2015-04-01,JAKARTA BARAT,TAMBORA,30,0,201504,real_jakarta,True
2015,4,2015-04-01,JAKARTA PUSAT,CEMPAKA PUTIH,13,0,201504,real_jakarta,True
2015,4,2015-04-01,JAKARTA PUSAT,GAMBIR,5,0,201504,real_jakarta,True
2015,4,2015-04-01,JAKARTA PUSAT,JOHAR BARU,7,0,201504,real_jakarta,True
2015,4,2015-04-01,JAKARTA PUSAT,KEMAYORAN,39,0,201504,real_jakarta,True
2015,4,2015-04-01,JAKARTA PUSAT,MENTENG,7,0,201504,real_jakarta,True
2015,4,2015-04-01,JAKARTA PUSAT,SAWAH BESAR,13,0,201504,real_jakarta,True
2015,4,2015-04-01,JAKARTA PUSAT,SENEN,7,0,201504,real_jakarta,True
2015,4,2015-04-01,JAKARTA PUSAT,TANAH ABANG,9,0,201504,real_jakarta,True
2015,4,2015-04-01,JAKARTA SELATAN,CILANDAK,32,0,201504,real_jakarta,True
2015,4,2015-04-01,JAKARTA SELATAN,JAGAKARSA,37,0,201504,real_jakarta,True
2015,4,2015-04-01,JAKARTA SELATAN,KEBAYORAN BARU,15,0,201504,real_jakarta,True
2015,4,2015-04-01,JAKARTA SELATAN,KEBAYORAN LAMA,27,0,201504,real_jakarta,True
2015,4,2015-04-01,JAKARTA SELATAN,MAMPANG PRAPATAN,7,0,201504,real_jakarta,True
2015,4,2015-04-01,JAKARTA SELATAN,PANCORAN,14,0,201504,real_jakarta,True
2015,4,2015-04-01,JAKARTA SELATAN,PASAR MINGGU,13,0,201504,real_jakarta,True
2015,4,2015-04-01,JAKARTA SELATAN,PESANGGRAHAN,16,0,201504,real_jakarta,True
2015,4,2015-04-01,JAKARTA SELATAN,SETIA BUDI,6,0,201504,real_jakarta,True
2015,4,2015-04-01,JAKARTA SELATAN,TEBET,21,0,201504,real_jakarta,True
2015,4,2015-04-01,JAKARTA TIMUR,CAKUNG,57,0,201504,real_jakarta,True
2015,4,2015-04-01,JAKARTA TIMUR,CIPAYUNG,26,0,201504,real_jakarta,True
2015,4,2015-04-01,JAKARTA TIMUR,CIRACAS,13,0,201504,real_jakarta,True
2015,4,2015-04-01,JAKARTA TIMUR,DUREN SAWIT,39,0,201504,real_jakarta,True
2015,4,2015-04-01,JAKARTA TIMUR,JATINEGARA,12,0,201504,real_jakarta,True
2015,4,2015-04-01,JAKARTA TIMUR,KRAMAT JATI,9,0,201504,real_jakarta,True
2015,4,2015-04-01,JAKARTA TIMUR,MAKASAR,13,0,201504,real_jakarta,True
2015,4,2015-04-01,JAKARTA TIMUR,MATRAMAN,15,0,201504,real_jakarta,True
2015,4,2015-04-01,JAKARTA TIMUR,PASAR REBO,11,0,201504,real_jakarta,True
2015,4,2015-04-01,JAKARTA TIMUR,PULO GADUNG,50,0,201504,real_jakarta,True
2015,4,2015-04-01,JAKARTA UTARA,CILINCING,48,0,201504,real_jakarta,True
2015,4,2015-04-01,JAKARTA UTARA,KELAPA GADING,82,0,201504,real_jakarta,True
2015,4,2015-04-01,JAKARTA UTARA,KOJA,36,0,201504,real_jakarta,True
2015,4,2015-04-01,JAKARTA UTARA,PADEMANGAN,20,0,201504,real_jakarta,True
2015,4,2015-04-01,JAKARTA UTARA,PENJARINGAN,22,0,201504,real_jakarta,True
2015,4,2015-04-01,JAKARTA UTARA,TANJUNG PRIOK,24,0,201504,real_jakarta,True
2015,4,2015-04-01,KABUPATEN KEPULAUAN SERIBU,KEP. SERIBU SELATAN,4,1,201504,real_jakarta,True
2015,4,2015-04-01,KABUPATEN KEPULAUAN SERIBU,KEP. SERIBU UTARA,0,1,201504,real_jakarta,True
2015,5,2015-05-01,JAKARTA BARAT,CENGKARENG,75,0,201505,real_jakarta,True
2015,5,2015-05-01,JAKARTA BARAT,GROGOL PETAMBURAN,9,0,201505,real_jakarta,True
2015,5,2015-05-01,JAKARTA BARAT,KALIDERES,45,0,201505,real_jakarta,True
2015,5,2015-05-01,JAKARTA BARAT,KEBON JERUK,12,0,201505,real_jakarta,True
2015,5,2015-05-01,JAKARTA BARAT,KEMBANGAN,26,0,201505,real_jakarta,True
2015,5,2015-05-01,JAKARTA BARAT,PALMERAH,6,0,201505,real_jakarta,True
2015,5,2015-05-01,JAKARTA BARAT,TAMAN SARI,0,0,201505,real_jakarta,True
2015,5,2015-05-01,JAKARTA BARAT,TAMBORA,14,0,201505,real_jakarta,True
2015,5,2015-05-01,JAKARTA PUSAT,CEMPAKA PUTIH,11,0,201505,real_jakarta,True
2015,5,2015-05-01,JAKARTA PUSAT,GAMBIR,5,0,201505,real_jakarta,True
2015,5,2015-05-01,JAKARTA PUSAT,JOHAR BARU,3,0,201505,real_jakarta,True
2015,5,2015-05-01,JAKARTA PUSAT,KEMAYORAN,23,0,201505,real_jakarta,True
2015,5,2015-05-01,JAKARTA PUSAT,MENTENG,4,0,201505,real_jakarta,True
2015,5,2015-05-01,JAKARTA PUSAT,SAWAH BESAR,8,0,201505,real_jakarta,True
2015,5,2015-05-01,JAKARTA PUSAT,SENEN,6,0,201505,real_jakarta,True
2015,5,2015-05-01,JAKARTA PUSAT,TANAH ABANG,1,0,201505,real_jakarta,True
2015,5,2015-05-01,JAKARTA SELATAN,CILANDAK,16,0,201505,real_jakarta,True
2015,5,2015-05-01,JAKARTA SELATAN,JAGAKARSA,16,0,201505,real_jakarta,True
2015,5,2015-05-01,JAKARTA SELATAN,KEBAYORAN BARU,27,0,201505,real_jakarta,True
2015,5,2015-05-01,JAKARTA SELATAN,KEBAYORAN LAMA,32,0,201505,real_jakarta,True
2015,5,2015-05-01,JAKARTA SELATAN,MAMPANG PRAPATAN,4,0,201505,real_jakarta,True
2015,5,2015-05-01,JAKARTA SELATAN,PANCORAN,11,0,201505,real_jakarta,True
2015,5,2015-05-01,JAKARTA SELATAN,PASAR MINGGU,16,0,201505,real_jakarta,True
2015,5,2015-05-01,JAKARTA SELATAN,PESANGGRAHAN,14,0,201505,real_jakarta,True
2015,5,2015-05-01,JAKARTA SELATAN,SETIA BUDI,5,0,201505,real_jakarta,True
2015,5,2015-05-01,JAKARTA SELATAN,TEBET,11,0,201505,real_jakarta,True
2015,5,2015-05-01,JAKARTA TIMUR,CAKUNG,33,0,201505,real_jakarta,True
2015,5,2015-05-01,JAKARTA TIMUR,CIPAYUNG,22,0,201505,real_jakarta,True
2015,5,2015-05-01,JAKARTA TIMUR,CIRACAS,16,0,201505,real_jakarta,True
2015,5,2015-05-01,JAKARTA TIMUR,DUREN SAWIT,21,0,201505,real_jakarta,True
2015,5,2015-05-01,JAKARTA TIMUR,JATINEGARA,10,0,201505,real_jakarta,True
2015,5,2015-05-01,JAKARTA TIMUR,KRAMAT JATI,16,0,201505,real_jakarta,True
2015,5,2015-05-01,JAKARTA TIMUR,MAKASAR,14,0,201505,real_jakarta,True
2015,5,2015-05-01,JAKARTA TIMUR,MATRAMAN,12,0,201505,real_jakarta,True
2015,5,2015-05-01,JAKARTA TIMUR,PASAR REBO,14,0,201505,real_jakarta,True
2015,5,2015-05-01,JAKARTA TIMUR,PULO GADUNG,24,0,201505,real_jakarta,True
2015,5,2015-05-01,JAKARTA UTARA,CILINCING,18,0,201505,real_jakarta,True
2015,5,2015-05-01,JAKARTA UTARA,KELAPA GADING,70,0,201505,real_jakarta,True
2015,5,2015-05-01,JAKARTA UTARA,KOJA,16,0,201505,real_jakarta,True
2015,5,2015-05-01,JAKARTA UTARA,PADEMANGAN,10,0,201505,real_jakarta,True
2015,5,2015-05-01,JAKARTA UTARA,PENJARINGAN,11,0,201505,real_jakarta,True
2015,5,2015-05-01,JAKARTA UTARA,TANJUNG PRIOK,18,0,201505,real_jakarta,True
2015,5,2015-05-01,KABUPATEN KEPULAUAN SERIBU,KEP. SERIBU SELATAN,4,0,201505,real_jakarta,True
2015,5,2015-05-01,KABUPATEN KEPULAUAN SERIBU,KEP. SERIBU UTARA,0,0,201505,real_jakarta,True
2015,6,2015-06-01,JAKARTA BARAT,CENGKARENG,35,0,201506,real_jakarta,True
2015,6,2015-06-01,JAKARTA BARAT,GROGOL PETAMBURAN,19,0,201506,real_jakarta,True
2015,6,2015-06-01,JAKARTA BARAT,KALIDERES,31,0,201506,real_jakarta,True
2015,6,2015-06-01,JAKARTA BARAT,KEBON JERUK,4,0,201506,real_jakarta,True
2015,6,2015-06-01,JAKARTA BARAT,KEMBANGAN,19,0,201506,real_jakarta,True
2015,6,2015-06-01,JAKARTA BARAT,PALMERAH,2,0,201506,real_jakarta,True
2015,6,2015-06-01,JAKARTA BARAT,TAMAN SARI,0,0,201506,real_jakarta,True
2015,6,2015-06-01,JAKARTA BARAT,TAMBORA,9,0,201506,real_jakarta,True
2015,6,2015-06-01,JAKARTA PUSAT,CEMPAKA PUTIH,9,0,201506,real_jakarta,True
2015,6,2015-06-01,JAKARTA PUSAT,GAMBIR,1,0,201506,real_jakarta,True
2015,6,2015-06-01,JAKARTA PUSAT,JOHAR BARU,1,0,201506,real_jakarta,True
2015,6,2015-06-01,JAKARTA PUSAT,KEMAYORAN,11,0,201506,real_jakarta,True
2015,6,2015-06-01,JAKARTA PUSAT,MENTENG,1,0,201506,real_jakarta,True
2015,6,2015-06-01,JAKARTA PUSAT,SAWAH BESAR,8,0,201506,real_jakarta,True
2015,6,2015-06-01,JAKARTA PUSAT,SENEN,4,0,201506,real_jakarta,True
2015,6,2015-06-01,JAKARTA PUSAT,TANAH ABANG,4,0,201506,real_jakarta,True
2015,6,2015-06-01,JAKARTA SELATAN,CILANDAK,13,0,201506,real_jakarta,True
2015,6,2015-06-01,JAKARTA SELATAN,JAGAKARSA,6,0,201506,real_jakarta,True
2015,6,2015-06-01,JAKARTA SELATAN,KEBAYORAN BARU,21,0,201506,real_jakarta,True
2015,6,2015-06-01,JAKARTA SELATAN,KEBAYORAN LAMA,14,0,201506,real_jakarta,True
2015,6,2015-06-01,JAKARTA SELATAN,MAMPANG PRAPATAN,9,0,201506,real_jakarta,True
2015,6,2015-06-01,JAKARTA SELATAN,PANCORAN,7,0,201506,real_jakarta,True
2015,6,2015-06-01,JAKARTA SELATAN,PASAR MINGGU,7,0,201506,real_jakarta,True
2015,6,2015-06-01,JAKARTA SELATAN,PESANGGRAHAN,15,0,201506,real_jakarta,True
2015,6,2015-06-01,JAKARTA SELATAN,SETIA BUDI,6,0,201506,real_jakarta,True
2015,6,2015-06-01,JAKARTA SELATAN,TEBET,9,0,201506,real_jakarta,True
2015,6,2015-06-01,JAKARTA TIMUR,CAKUNG,29,0,201506,real_jakarta,True
2015,6,2015-06-01,JAKARTA TIMUR,CIPAYUNG,18,0,201506,real_jakarta,True
2015,6,2015-06-01,JAKARTA TIMUR,CIRACAS,11,0,201506,real_jakarta,True
2015,6,2015-06-01,JAKARTA TIMUR,DUREN SAWIT,29,0,201506,real_jakarta,True
2015,6,2015-06-01,JAKARTA TIMUR,JATINEGARA,8,0,201506,real_jakarta,True
2015,6,2015-06-01,JAKARTA TIMUR,KRAMAT JATI,14,0,201506,real_jakarta,True
2015,6,2015-06-01,JAKARTA TIMUR,MAKASAR,9,0,201506,real_jakarta,True
2015,6,2015-06-01,JAKARTA TIMUR,MATRAMAN,17,0,201506,real_jakarta,True
2015,6,2015-06-01,JAKARTA TIMUR,PASAR REBO,8,0,201506,real_jakarta,True
2015,6,2015-06-01,JAKARTA TIMUR,PULO GADUNG,28,0,201506,real_jakarta,True
2015,6,2015-06-01,JAKARTA UTARA,CILINCING,30,0,201506,real_jakarta,True
2015,6,2015-06-01,JAKARTA UTARA,KELAPA GADING,34,0,201506,real_jakarta,True
2015,6,2015-06-01,JAKARTA UTARA,KOJA,12,0,201506,real_jakarta,True
2015,6,2015-06-01,JAKARTA UTARA,PADEMANGAN,9,0,201506,real_jakarta,True
2015,6,2015-06-01,JAKARTA UTARA,PENJARINGAN,4,0,201506,real_jakarta,True
2015,6,2015-06-01,JAKARTA UTARA,TANJUNG PRIOK,23,0,201506,real_jakarta,True
2015,6,2015-06-01,KABUPATEN KEPULAUAN SERIBU,KEP. SERIBU SELATAN,0,0,201506,real_jakarta,True
2015,6,2015-06-01,KABUPATEN KEPULAUAN SERIBU,KEP. SERIBU UTARA,0,0,201506,real_jakarta,True
2015,7,2015-07-01,JAKARTA BARAT,CENGKARENG,36,0,201507,real_jakarta,True
2015,7,2015-07-01,JAKARTA BARAT,GROGOL PETAMBURAN,14,0,201507,real_jakarta,True
2015,7,2015-07-01,JAKARTA BARAT,KALIDERES,27,0,201507,real_jakarta,True
2015,7,2015-07-01,JAKARTA BARAT,KEBON JERUK,7,0,201507,real_jakarta,True
2015,7,2015-07-01,JAKARTA BARAT,KEMBANGAN,6,0,201507,real_jakarta,True
2015,7,2015-07-01,JAKARTA BARAT,PALMERAH,3,0,201507,real_jakarta,True
2015,7,2015-07-01,JAKARTA BARAT,TAMAN SARI,6,0,201507,real_jakarta,True
2015,7,2015-07-01,JAKARTA BARAT,TAMBORA,6,0,201507,real_jakarta,True
2015,7,2015-07-01,JAKARTA PUSAT,CEMPAKA PUTIH,0,0,201507,real_jakarta,True
2015,7,2015-07-01,JAKARTA PUSAT,GAMBIR,0,0,201507,real_jakarta,True
2015,7,2015-07-01,JAKARTA PUSAT,JOHAR BARU,2,0,201507,real_jakarta,True
2015,7,2015-07-01,JAKARTA PUSAT,KEMAYORAN,5,0,201507,real_jakarta,True
2015,7,2015-07-01,JAKARTA PUSAT,MENTENG,1,0,201507,real_jakarta,True
2015,7,2015-07-01,JAKARTA PUSAT,SAWAH BESAR,1,0,201507,real_jakarta,True
2015,7,2015-07-01,JAKARTA PUSAT,SENEN,0,0,201507,real_jakarta,True
2015,7,2015-07-01,JAKARTA PUSAT,TANAH ABANG,2,0,201507,real_jakarta,True
2015,7,2015-07-01,JAKARTA SELATAN,CILANDAK,5,0,201507,real_jakarta,True
2015,7,2015-07-01,JAKARTA SELATAN,JAGAKARSA,10,0,201507,real_jakarta,True
2015,7,2015-07-01,JAKARTA SELATAN,KEBAYORAN BARU,11,0,201507,real_jakarta,True
2015,7,2015-07-01,JAKARTA SELATAN,KEBAYORAN LAMA,9,0,201507,real_jakarta,True
2015,7,2015-07-01,JAKARTA SELATAN,MAMPANG PRAPATAN,4,0,201507,real_jakarta,True
2015,7,2015-07-01,JAKARTA SELATAN,PANCORAN,5,0,201507,real_jakarta,True
2015,7,2015-07-01,JAKARTA SELATAN,PASAR MINGGU,7,0,201507,real_jakarta,True
2015,7,2015-07-01,JAKARTA SELATAN,PESANGGRAHAN,9,0,201507,real_jakarta,True
2015,7,2015-07-01,JAKARTA SELATAN,SETIA BUDI,0,0,201507,real_jakarta,True
2015,7,2015-07-01,JAKARTA SELATAN,TEBET,4,0,201507,real_jakarta,True
2015,7,2015-07-01,JAKARTA TIMUR,CAKUNG,8,1,201507,real_jakarta,True
2015,7,2015-07-01,JAKARTA TIMUR,CIPAYUNG,8,0,201507,real_jakarta,True
2015,7,2015-07-01,JAKARTA TIMUR,CIRACAS,5,0,201507,real_jakarta,True
2015,7,2015-07-01,JAKARTA TIMUR,DUREN SAWIT,14,0,201507,real_jakarta,True
2015,7,2015-07-01,JAKARTA TIMUR,JATINEGARA,8,0,201507,real_jakarta,True
2015,7,2015-07-01,JAKARTA TIMUR,KRAMAT JATI,11,0,201507,real_jakarta,True
2015,7,2015-07-01,JAKARTA TIMUR,MAKASAR,7,0,201507,real_jakarta,True
2015,7,2015-07-01,JAKARTA TIMUR,MATRAMAN,6,0,201507,real_jakarta,True
2015,7,2015-07-01,JAKARTA TIMUR,PASAR REBO,9,0,201507,real_jakarta,True
2015,7,2015-07-01,JAKARTA TIMUR,PULO GADUNG,11,0,201507,real_jakarta,True
2015,7,2015-07-01,JAKARTA UTARA,CILINCING,17,0,201507,real_jakarta,True
2015,7,2015-07-01,JAKARTA UTARA,KELAPA GADING,15,0,201507,real_jakarta,True
2015,7,2015-07-01,JAKARTA UTARA,KOJA,10,0,201507,real_jakarta,True
2015,7,2015-07-01,JAKARTA UTARA,PADEMANGAN,6,0,201507,real_jakarta,True
2015,7,2015-07-01,JAKARTA UTARA,PENJARINGAN,5,0,201507,real_jakarta,True
2015,7,2015-07-01,JAKARTA UTARA,TANJUNG PRIOK,10,0,201507,real_jakarta,True
2015,7,2015-07-01,KABUPATEN KEPULAUAN SERIBU,KEP. SERIBU SELATAN,1,0,201507,real_jakarta,True
2015,7,2015-07-01,KABUPATEN KEPULAUAN SERIBU,KEP. SERIBU UTARA,0,0,201507,real_jakarta,True
2015,8,2015-08-01,JAKARTA BARAT,CENGKARENG,24,0,201508,real_jakarta,True
2015,8,2015-08-01,JAKARTA BARAT,GROGOL PETAMBURAN,4,0,201508,real_jakarta,True
2015,8,2015-08-01,JAKARTA BARAT,KALIDERES,9,0,201508,real_jakarta,True
2015,8,2015-08-01,JAKARTA BARAT,KEBON JERUK,0,0,201508,real_jakarta,True
2015,8,2015-08-01,JAKARTA BARAT,KEMBANGAN,6,0,201508,real_jakarta,True
2015,8,2015-08-01,JAKARTA BARAT,PALMERAH,0,0,201508,real_jakarta,True
2015,8,2015-08-01,JAKARTA BARAT,TAMAN SARI,0,0,201508,real_jakarta,True
2015,8,2015-08-01,JAKARTA BARAT,TAMBORA,2,0,201508,real_jakarta,True
2015,8,2015-08-01,JAKARTA PUSAT,CEMPAKA PUTIH,1,0,201508,real_jakarta,True
2015,8,2015-08-01,JAKARTA PUSAT,GAMBIR,0,0,201508,real_jakarta,True
2015,8,2015-08-01,JAKARTA PUSAT,JOHAR BARU,0,0,201508,real_jakarta,True
2015,8,2015-08-01,JAKARTA PUSAT,KEMAYORAN,2,0,201508,real_jakarta,True
2015,8,2015-08-01,JAKARTA PUSAT,MENTENG,1,0,201508,real_jakarta,True
2015,8,2015-08-01,JAKARTA PUSAT,SAWAH BESAR,1,0,201508,real_jakarta,True
2015,8,2015-08-01,JAKARTA PUSAT,SENEN,1,0,201508,real_jakarta,True
2015,8,2015-08-01,JAKARTA PUSAT,TANAH ABANG,0,0,201508,real_jakarta,True
2015,8,2015-08-01,JAKARTA SELATAN,CILANDAK,3,0,201508,real_jakarta,True
2015,8,2015-08-01,JAKARTA SELATAN,JAGAKARSA,9,0,201508,real_jakarta,True
2015,8,2015-08-01,JAKARTA SELATAN,KEBAYORAN BARU,4,0,201508,real_jakarta,True
2015,8,2015-08-01,JAKARTA SELATAN,KEBAYORAN LAMA,6,0,201508,real_jakarta,True
2015,8,2015-08-01,JAKARTA SELATAN,MAMPANG PRAPATAN,2,0,201508,real_jakarta,True
2015,8,2015-08-01,JAKARTA SELATAN,PANCORAN,4,0,201508,real_jakarta,True
2015,8,2015-08-01,JAKARTA SELATAN,PASAR MINGGU,0,0,201508,real_jakarta,True
2015,8,2015-08-01,JAKARTA SELATAN,PESANGGRAHAN,10,0,201508,real_jakarta,True
2015,8,2015-08-01,JAKARTA SELATAN,SETIA BUDI,2,0,201508,real_jakarta,True
2015,8,2015-08-01,JAKARTA SELATAN,TEBET,2,0,201508,real_jakarta,True
2015,8,2015-08-01,JAKARTA TIMUR,CAKUNG,4,0,201508,real_jakarta,True
2015,8,2015-08-01,JAKARTA TIMUR,CIPAYUNG,4,0,201508,real_jakarta,True
2015,8,2015-08-01,JAKARTA TIMUR,CIRACAS,4,0,201508,real_jakarta,True
2015,8,2015-08-01,JAKARTA TIMUR,DUREN SAWIT,7,0,201508,real_jakarta,True
2015,8,2015-08-01,JAKARTA TIMUR,JATINEGARA,3,0,201508,real_jakarta,True
2015,8,2015-08-01,JAKARTA TIMUR,KRAMAT JATI,2,0,201508,real_jakarta,True
2015,8,2015-08-01,JAKARTA TIMUR,MAKASAR,4,0,201508,real_jakarta,True
2015,8,2015-08-01,JAKARTA TIMUR,MATRAMAN,0,0,201508,real_jakarta,True
2015,8,2015-08-01,JAKARTA TIMUR,PASAR REBO,2,0,201508,real_jakarta,True
2015,8,2015-08-01,JAKARTA TIMUR,PULO GADUNG,4,0,201508,real_jakarta,True
2015,8,2015-08-01,JAKARTA UTARA,CILINCING,19,0,201508,real_jakarta,True
2015,8,2015-08-01,JAKARTA UTARA,KELAPA GADING,8,0,201508,real_jakarta,True
2015,8,2015-08-01,JAKARTA UTARA,KOJA,6,0,201508,real_jakarta,True
2015,8,2015-08-01,JAKARTA UTARA,PADEMANGAN,2,0,201508,real_jakarta,True
2015,8,2015-08-01,JAKARTA UTARA,PENJARINGAN,5,0,201508,real_jakarta,True
2015,8,2015-08-01,JAKARTA UTARA,TANJUNG PRIOK,6,0,201508,real_jakarta,True
2015,8,2015-08-01,KABUPATEN KEPULAUAN SERIBU,KEP. SERIBU SELATAN,0,0,201508,real_jakarta,True
2015,8,2015-08-01,KABUPATEN KEPULAUAN SERIBU,KEP. SERIBU UTARA,0,0,201508,real_jakarta,True
2015,9,2015-09-01,JAKARTA BARAT,CENGKARENG,14,0,201509,real_jakarta,True
2015,9,2015-09-01,JAKARTA BARAT,GROGOL PETAMBURAN,4,0,201509,real_jakarta,True
2015,9,2015-09-01,JAKARTA BARAT,KALIDERES,6,0,201509,real_jakarta,True
2015,9,2015-09-01,JAKARTA BARAT,KEBON JERUK,0,0,201509,real_jakarta,True
2015,9,2015-09-01,JAKARTA BARAT,KEMBANGAN,2,0,201509,real_jakarta,True
2015,9,2015-09-01,JAKARTA BARAT,PALMERAH,1,0,201509,real_jakarta,True
2015,9,2015-09-01,JAKARTA BARAT,TAMAN SARI,0,0,201509,real_jakarta,True
2015,9,2015-09-01,JAKARTA BARAT,TAMBORA,3,0,201509,real_jakarta,True
2015,9,2015-09-01,JAKARTA PUSAT,CEMPAKA PUTIH,2,0,201509,real_jakarta,True
2015,9,2015-09-01,JAKARTA PUSAT,GAMBIR,1,0,201509,real_jakarta,True
2015,9,2015-09-01,JAKARTA PUSAT,JOHAR BARU,2,0,201509,real_jakarta,True
2015,9,2015-09-01,JAKARTA PUSAT,KEMAYORAN,2,0,201509,real_jakarta,True
2015,9,2015-09-01,JAKARTA PUSAT,MENTENG,1,0,201509,real_jakarta,True
2015,9,2015-09-01,JAKARTA PUSAT,SAWAH BESAR,1,0,201509,real_jakarta,True
2015,9,2015-09-01,JAKARTA PUSAT,SENEN,0,0,201509,real_jakarta,True
2015,9,2015-09-01,JAKARTA PUSAT,TANAH ABANG,0,0,201509,real_jakarta,True
2015,9,2015-09-01,JAKARTA SELATAN,CILANDAK,3,0,201509,real_jakarta,True
2015,9,2015-09-01,JAKARTA SELATAN,JAGAKARSA,4,0,201509,real_jakarta,True
2015,9,2015-09-01,JAKARTA SELATAN,KEBAYORAN BARU,1,0,201509,real_jakarta,True
2015,9,2015-09-01,JAKARTA SELATAN,KEBAYORAN LAMA,5,0,201509,real_jakarta,True
2015,9,2015-09-01,JAKARTA SELATAN,MAMPANG PRAPATAN,1,0,201509,real_jakarta,True
2015,9,2015-09-01,JAKARTA SELATAN,PANCORAN,3,0,201509,real_jakarta,True
2015,9,2015-09-01,JAKARTA SELATAN,PASAR MINGGU,0,0,201509,real_jakarta,True
2015,9,2015-09-01,JAKARTA SELATAN,PESANGGRAHAN,2,0,201509,real_jakarta,True
2015,9,2015-09-01,JAKARTA SELATAN,SETIA BUDI,1,0,201509,real_jakarta,True
2015,9,2015-09-01,JAKARTA SELATAN,TEBET,4,0,201509,real_jakarta,True
2015,9,2015-09-01,JAKARTA TIMUR,CAKUNG,8,0,201509,real_jakarta,True
2015,9,2015-09-01,JAKARTA TIMUR,CIPAYUNG,3,0,201509,real_jakarta,True
2015,9,2015-09-01,JAKARTA TIMUR,CIRACAS,1,0,201509,real_jakarta,True
2015,9,2015-09-01,JAKARTA TIMUR,DUREN SAWIT,3,0,201509,real_jakarta,True
2015,9,2015-09-01,JAKARTA TIMUR,JATINEGARA,5,0,201509,real_jakarta,True
2015,9,2015-09-01,JAKARTA TIMUR,KRAMAT JATI,6,0,201509,real_jakarta,True
2015,9,2015-09-01,JAKARTA TIMUR,MAKASAR,1,0,201509,real_jakarta,True
2015,9,2015-09-01,JAKARTA TIMUR,MATRAMAN,3,0,201509,real_jakarta,True
2015,9,2015-09-01,JAKARTA TIMUR,PASAR REBO,3,0,201509,real_jakarta,True
2015,9,2015-09-01,JAKARTA TIMUR,PULO GADUNG,0,0,201509,real_jakarta,True
2015,9,2015-09-01,JAKARTA UTARA,CILINCING,9,0,201509,real_jakarta,True
2015,9,2015-09-01,JAKARTA UTARA,KELAPA GADING,7,0,201509,real_jakarta,True
2015,9,2015-09-01,JAKARTA UTARA,KOJA,9,0,201509,real_jakarta,True
2015,9,2015-09-01,JAKARTA UTARA,PADEMANGAN,1,0,201509,real_jakarta,True
2015,9,2015-09-01,JAKARTA UTARA,PENJARINGAN,6,0,201509,real_jakarta,True
2015,9,2015-09-01,JAKARTA UTARA,TANJUNG PRIOK,5,0,201509,real_jakarta,True
2015,9,2015-09-01,KABUPATEN KEPULAUAN SERIBU,KEP. SERIBU SELATAN,0,0,201509,real_jakarta,True
2015,9,2015-09-01,KABUPATEN KEPULAUAN SERIBU,KEP. SERIBU UTARA,0,0,201509,real_jakarta,True
2015,10,2015-10-01,JAKARTA BARAT,CENGKARENG,16,0,201510,real_jakarta,True
2015,10,2015-10-01,JAKARTA BARAT,GROGOL PETAMBURAN,7,0,201510,real_jakarta,True
2015,10,2015-10-01,JAKARTA BARAT,KALIDERES,8,0,201510,real_jakarta,True
2015,10,2015-10-01,JAKARTA BARAT,KEBON JERUK,0,0,201510,real_jakarta,True
2015,10,2015-10-01,JAKARTA BARAT,KEMBANGAN,2,0,201510,real_jakarta,True
2015,10,2015-10-01,JAKARTA BARAT,PALMERAH,3,0,201510,real_jakarta,True
2015,10,2015-10-01,JAKARTA BARAT,TAMAN SARI,0,0,201510,real_jakarta,True
2015,10,2015-10-01,JAKARTA BARAT,TAMBORA,1,0,201510,real_jakarta,True
2015,10,2015-10-01,JAKARTA PUSAT,CEMPAKA PUTIH,0,0,201510,real_jakarta,True
2015,10,2015-10-01,JAKARTA PUSAT,GAMBIR,0,0,201510,real_jakarta,True
2015,10,2015-10-01,JAKARTA PUSAT,JOHAR BARU,0,0,201510,real_jakarta,True
2015,10,2015-10-01,JAKARTA PUSAT,KEMAYORAN,3,0,201510,real_jakarta,True
2015,10,2015-10-01,JAKARTA PUSAT,MENTENG,2,0,201510,real_jakarta,True
2015,10,2015-10-01,JAKARTA PUSAT,SAWAH BESAR,1,0,201510,real_jakarta,True
2015,10,2015-10-01,JAKARTA PUSAT,SENEN,1,0,201510,real_jakarta,True
2015,10,2015-10-01,JAKARTA PUSAT,TANAH ABANG,0,0,201510,real_jakarta,True
2015,10,2015-10-01,JAKARTA SELATAN,CILANDAK,0,0,201510,real_jakarta,True
2015,10,2015-10-01,JAKARTA SELATAN,JAGAKARSA,0,0,201510,real_jakarta,True
2015,10,2015-10-01,JAKARTA SELATAN,KEBAYORAN BARU,5,0,201510,real_jakarta,True
2015,10,2015-10-01,JAKARTA SELATAN,KEBAYORAN LAMA,4,0,201510,real_jakarta,True
2015,10,2015-10-01,JAKARTA SELATAN,MAMPANG PRAPATAN,1,0,201510,real_jakarta,True
2015,10,2015-10-01,JAKARTA SELATAN,PANCORAN,2,0,201510,real_jakarta,True
2015,10,2015-10-01,JAKARTA SELATAN,PASAR MINGGU,3,0,201510,real_jakarta,True
2015,10,2015-10-01,JAKARTA SELATAN,PESANGGRAHAN,1,0,201510,real_jakarta,True
2015,10,2015-10-01,JAKARTA SELATAN,SETIA BUDI,0,0,201510,real_jakarta,True
2015,10,2015-10-01,JAKARTA SELATAN,TEBET,0,0,201510,real_jakarta,True
2015,10,2015-10-01,JAKARTA TIMUR,CAKUNG,4,0,201510,real_jakarta,True
2015,10,2015-10-01,JAKARTA TIMUR,CIPAYUNG,0,0,201510,real_jakarta,True
2015,10,2015-10-01,JAKARTA TIMUR,CIRACAS,4,0,201510,real_jakarta,True
2015,10,2015-10-01,JAKARTA TIMUR,DUREN SAWIT,2,0,201510,real_jakarta,True
2015,10,2015-10-01,JAKARTA TIMUR,JATINEGARA,5,0,201510,real_jakarta,True
2015,10,2015-10-01,JAKARTA TIMUR,KRAMAT JATI,4,0,201510,real_jakarta,True
2015,10,2015-10-01,JAKARTA TIMUR,MAKASAR,1,0,201510,real_jakarta,True
2015,10,2015-10-01,JAKARTA TIMUR,MATRAMAN,0,1,201510,real_jakarta,True
2015,10,2015-10-01,JAKARTA TIMUR,PASAR REBO,2,0,201510,real_jakarta,True
2015,10,2015-10-01,JAKARTA TIMUR,PULO GADUNG,6,0,201510,real_jakarta,True
2015,10,2015-10-01,JAKARTA UTARA,CILINCING,10,0,201510,real_jakarta,True
2015,10,2015-10-01,JAKARTA UTARA,KELAPA GADING,1,0,201510,real_jakarta,True
2015,10,2015-10-01,JAKARTA UTARA,KOJA,4,0,201510,real_jakarta,True
2015,10,2015-10-01,JAKARTA UTARA,PADEMANGAN,1,0,201510,real_jakarta,True
2015,10,2015-10-01,JAKARTA UTARA,PENJARINGAN,1,0,201510,real_jakarta,True
2015,10,2015-10-01,JAKARTA UTARA,TANJUNG PRIOK,11,0,201510,real_jakarta,True
2015,10,2015-10-01,KABUPATEN KEPULAUAN SERIBU,KEP. SERIBU SELATAN,0,0,201510,real_jakarta,True
2015,10,2015-10-01,KABUPATEN KEPULAUAN SERIBU,KEP. SERIBU UTARA,0,0,201510,real_jakarta,True
2015,11,2015-11-01,JAKARTA BARAT,CENGKARENG,11,0,201511,real_jakarta,True
2015,11,2015-11-01,JAKARTA BARAT,GROGOL PETAMBURAN,1,0,201511,real_jakarta,True
2015,11,2015-11-01,JAKARTA BARAT,KALIDERES,5,0,201511,real_jakarta,True
2015,11,2015-11-01,JAKARTA BARAT,KEBON JERUK,1,0,201511,real_jakarta,True
2015,11,2015-11-01,JAKARTA BARAT,KEMBANGAN,0,0,201511,real_jakarta,True
2015,11,2015-11-01,JAKARTA BARAT,PALMERAH,1,0,201511,real_jakarta,True
2015,11,2015-11-01,JAKARTA BARAT,TAMAN SARI,0,0,201511,real_jakarta,True
2015,11,2015-11-01,JAKARTA BARAT,TAMBORA,3,0,201511,real_jakarta,True
2015,11,2015-11-01,JAKARTA PUSAT,CEMPAKA PUTIH,3,0,201511,real_jakarta,True
2015,11,2015-11-01,JAKARTA PUSAT,GAMBIR,1,0,201511,real_jakarta,True
2015,11,2015-11-01,JAKARTA PUSAT,JOHAR BARU,1,0,201511,real_jakarta,True
2015,11,2015-11-01,JAKARTA PUSAT,KEMAYORAN,0,0,201511,real_jakarta,True
2015,11,2015-11-01,JAKARTA PUSAT,MENTENG,1,0,201511,real_jakarta,True
2015,11,2015-11-01,JAKARTA PUSAT,SAWAH BESAR,0,0,201511,real_jakarta,True
2015,11,2015-11-01,JAKARTA PUSAT,SENEN,0,0,201511,real_jakarta,True
2015,11,2015-11-01,JAKARTA PUSAT,TANAH ABANG,0,0,201511,real_jakarta,True
2015,11,2015-11-01,JAKARTA SELATAN,CILANDAK,0,0,201511,real_jakarta,True
2015,11,2015-11-01,JAKARTA SELATAN,JAGAKARSA,6,0,201511,real_jakarta,True
2015,11,2015-11-01,JAKARTA SELATAN,KEBAYORAN BARU,3,0,201511,real_jakarta,True
2015,11,2015-11-01,JAKARTA SELATAN,KEBAYORAN LAMA,2,0,201511,real_jakarta,True
2015,11,2015-11-01,JAKARTA SELATAN,MAMPANG PRAPATAN,0,0,201511,real_jakarta,True
2015,11,2015-11-01,JAKARTA SELATAN,PANCORAN,2,0,201511,real_jakarta,True
2015,11,2015-11-01,JAKARTA SELATAN,PASAR MINGGU,0,0,201511,real_jakarta,True
2015,11,2015-11-01,JAKARTA SELATAN,PESANGGRAHAN,2,0,201511,real_jakarta,True
2015,11,2015-11-01,JAKARTA SELATAN,SETIA BUDI,1,0,201511,real_jakarta,True
2015,11,2015-11-01,JAKARTA SELATAN,TEBET,0,0,201511,real_jakarta,True
2015,11,2015-11-01,JAKARTA TIMUR,CAKUNG,10,0,201511,real_jakarta,True
2015,11,2015-11-01,JAKARTA TIMUR,CIPAYUNG,3,0,201511,real_jakarta,True
2015,11,2015-11-01,JAKARTA TIMUR,CIRACAS,5,0,201511,real_jakarta,True
2015,11,2015-11-01,JAKARTA TIMUR,DUREN SAWIT,2,0,201511,real_jakarta,True
2015,11,2015-11-01,JAKARTA TIMUR,JATINEGARA,5,0,201511,real_jakarta,True
2015,11,2015-11-01,JAKARTA TIMUR,KRAMAT JATI,7,0,201511,real_jakarta,True
2015,11,2015-11-01,JAKARTA TIMUR,MAKASAR,1,0,201511,real_jakarta,True
2015,11,2015-11-01,JAKARTA TIMUR,MATRAMAN,5,0,201511,real_jakarta,True
2015,11,2015-11-01,JAKARTA TIMUR,PASAR REBO,2,0,201511,real_jakarta,True
2015,11,2015-11-01,JAKARTA TIMUR,PULO GADUNG,6,0,201511,real_jakarta,True
2015,11,2015-11-01,JAKARTA UTARA,CILINCING,1,0,201511,real_jakarta,True
2015,11,2015-11-01,JAKARTA UTARA,KELAPA GADING,3,0,201511,real_jakarta,True
2015,11,2015-11-01,JAKARTA UTARA,KOJA,8,0,201511,real_jakarta,True
2015,11,2015-11-01,JAKARTA UTARA,PADEMANGAN,1,0,201511,real_jakarta,True
2015,11,2015-11-01,JAKARTA UTARA,PENJARINGAN,1,0,201511,real_jakarta,True
2015,11,2015-11-01,JAKARTA UTARA,TANJUNG PRIOK,9,0,201511,real_jakarta,True
2015,11,2015-11-01,KABUPATEN KEPULAUAN SERIBU,KEP. SERIBU SELATAN,0,0,201511,real_jakarta,True
2015,11,2015-11-01,KABUPATEN KEPULAUAN SERIBU,KEP. SERIBU UTARA,0,0,201511,real_jakarta,True
2015,12,2015-12-01,JAKARTA BARAT,CENGKARENG,17,0,201512,real_jakarta,True
2015,12,2015-12-01,JAKARTA BARAT,GROGOL PETAMBURAN,6,0,201512,real_jakarta,True
2015,12,2015-12-01,JAKARTA BARAT,KALIDERES,1,0,201512,real_jakarta,True
2015,12,2015-12-01,JAKARTA BARAT,KEBON JERUK,4,0,201512,real_jakarta,True
2015,12,2015-12-01,JAKARTA BARAT,KEMBANGAN,3,0,201512,real_jakarta,True
2015,12,2015-12-01,JAKARTA BARAT,PALMERAH,1,0,201512,real_jakarta,True
2015,12,2015-12-01,JAKARTA BARAT,TAMAN SARI,0,0,201512,real_jakarta,True
2015,12,2015-12-01,JAKARTA BARAT,TAMBORA,2,0,201512,real_jakarta,True
2015,12,2015-12-01,JAKARTA PUSAT,CEMPAKA PUTIH,3,0,201512,real_jakarta,True
2015,12,2015-12-01,JAKARTA PUSAT,GAMBIR,0,0,201512,real_jakarta,True
2015,12,2015-12-01,JAKARTA PUSAT,JOHAR BARU,0,0,201512,real_jakarta,True
2015,12,2015-12-01,JAKARTA PUSAT,KEMAYORAN,1,0,201512,real_jakarta,True
2015,12,2015-12-01,JAKARTA PUSAT,MENTENG,1,0,201512,real_jakarta,True
2015,12,2015-12-01,JAKARTA PUSAT,SAWAH BESAR,2,0,201512,real_jakarta,True
2015,12,2015-12-01,JAKARTA PUSAT,SENEN,1,0,201512,real_jakarta,True
2015,12,2015-12-01,JAKARTA PUSAT,TANAH ABANG,1,0,201512,real_jakarta,True
2015,12,2015-12-01,JAKARTA SELATAN,CILANDAK,3,0,201512,real_jakarta,True
2015,12,2015-12-01,JAKARTA SELATAN,JAGAKARSA,8,0,201512,real_jakarta,True
2015,12,2015-12-01,JAKARTA SELATAN,KEBAYORAN BARU,9,0,201512,real_jakarta,True
2015,12,2015-12-01,JAKARTA SELATAN,KEBAYORAN LAMA,6,0,201512,real_jakarta,True
2015,12,2015-12-01,JAKARTA SELATAN,MAMPANG PRAPATAN,2,0,201512,real_jakarta,True
2015,12,2015-12-01,JAKARTA SELATAN,PANCORAN,0,0,201512,real_jakarta,True
2015,12,2015-12-01,JAKARTA SELATAN,PASAR MINGGU,0,0,201512,real_jakarta,True
2015,12,2015-12-01,JAKARTA SELATAN,PESANGGRAHAN,3,0,201512,real_jakarta,True
2015,12,2015-12-01,JAKARTA SELATAN,SETIA BUDI,0,0,201512,real_jakarta,True
2015,12,2015-12-01,JAKARTA SELATAN,TEBET,3,0,201512,real_jakarta,True
2015,12,2015-12-01,JAKARTA TIMUR,CAKUNG,6,0,201512,real_jakarta,True
2015,12,2015-12-01,JAKARTA TIMUR,CIPAYUNG,3,0,201512,real_jakarta,True
2015,12,2015-12-01,JAKARTA TIMUR,CIRACAS,5,0,201512,real_jakarta,True
2015,12,2015-12-01,JAKARTA TIMUR,DUREN SAWIT,6,0,201512,real_jakarta,True
2015,12,2015-12-01,JAKARTA TIMUR,JATINEGARA,5,0,201512,real_jakarta,True
2015,12,2015-12-01,JAKARTA TIMUR,KRAMAT JATI,3,0,201512,real_jakarta,True
2015,12,2015-12-01,JAKARTA TIMUR,MAKASAR,2,0,201512,real_jakarta,True
2015,12,2015-12-01,JAKARTA TIMUR,MATRAMAN,4,0,201512,real_jakarta,True
2015,12,2015-12-01,JAKARTA TIMUR,PASAR REBO,2,0,201512,real_jakarta,True
2015,12,2015-12-01,JAKARTA TIMUR,PULO GADUNG,5,0,201512,real_jakarta,True
2015,12,2015-12-01,JAKARTA UTARA,CILINCING,13,0,201512,real_jakarta,True
2015,12,2015-12-01,JAKARTA UTARA,KELAPA GADING,4,0,201512,real_jakarta,True
2015,12,2015-12-01,JAKARTA UTARA,KOJA,15,0,201512,real_jakarta,True
2015,12,2015-12-01,JAKARTA UTARA,PADEMANGAN,1,0,201512,real_jakarta,True
2015,12,2015-12-01,JAKARTA UTARA,PENJARINGAN,2,0,201512,real_jakarta,True
2015,12,2015-12-01,JAKARTA UTARA,TANJUNG PRIOK,4,0,201512,real_jakarta,True
2015,12,2015-12-01,KABUPATEN KEPULAUAN SERIBU,KEP. SERIBU SELATAN,0,0,201512,real_jakarta,True
2015,12,2015-12-01,KABUPATEN KEPULAUAN SERIBU,KEP. SERIBU UTARA,0,0,201512,real_jakarta,True
2016,1,2016-01-01,JAKARTA BARAT,CENGKARENG,57,0,201601,real_jakarta,False
2016,1,2016-01-01,JAKARTA BARAT,GROGOL PETAMBURAN,32,0,201601,real_jakarta,False
2016,1,2016-01-01,JAKARTA BARAT,KALIDERES,28,0,201601,real_jakarta,False
2016,1,2016-01-01,JAKARTA BARAT,KEBON JERUK,13,0,201601,real_jakarta,False
2016,1,2016-01-01,JAKARTA BARAT,KEMBANGAN,16,0,201601,real_jakarta,False
2016,1,2016-01-01,JAKARTA BARAT,PALMERAH,21,0,201601,real_jakarta,False
2016,1,2016-01-01,JAKARTA BARAT,TAMAN SARI,12,0,201601,real_jakarta,False
2016,1,2016-01-01,JAKARTA BARAT,TAMBORA,6,0,201601,real_jakarta,False
2016,1,2016-01-01,JAKARTA PUSAT,CEMPAKA PUTIH,10,0,201601,real_jakarta,False
2016,1,2016-01-01,JAKARTA PUSAT,GAMBIR,5,0,201601,real_jakarta,False
2016,1,2016-01-01,JAKARTA PUSAT,JOHAR BARU,15,0,201601,real_jakarta,False
2016,1,2016-01-01,JAKARTA PUSAT,KEMAYORAN,13,0,201601,real_jakarta,False
2016,1,2016-01-01,JAKARTA PUSAT,MENTENG,6,1,201601,real_jakarta,False
2016,1,2016-01-01,JAKARTA PUSAT,SAWAH BESAR,18,0,201601,real_jakarta,False
2016,1,2016-01-01,JAKARTA PUSAT,SENEN,9,0,201601,real_jakarta,False
2016,1,2016-01-01,JAKARTA PUSAT,TANAH ABANG,10,0,201601,real_jakarta,False
2016,1,2016-01-01,JAKARTA SELATAN,CILANDAK,23,0,201601,real_jakarta,False
2016,1,2016-01-01,JAKARTA SELATAN,JAGAKARSA,41,0,201601,real_jakarta,False
2016,1,2016-01-01,JAKARTA SELATAN,KEBAYORAN BARU,28,0,201601,real_jakarta,False
2016,1,2016-01-01,JAKARTA SELATAN,KEBAYORAN LAMA,35,0,201601,real_jakarta,False
2016,1,2016-01-01,JAKARTA SELATAN,MAMPANG PRAPATAN,17,0,201601,real_jakarta,False
2016,1,2016-01-01,JAKARTA SELATAN,PANCORAN,19,0,201601,real_jakarta,False
2016,1,2016-01-01,JAKARTA SELATAN,PASAR MINGGU,52,0,201601,real_jakarta,False
2016,1,2016-01-01,JAKARTA SELATAN,PESANGGRAHAN,15,0,201601,real_jakarta,False
2016,1,2016-01-01,JAKARTA SELATAN,SETIA BUDI,24,0,201601,real_jakarta,False
2016,1,2016-01-01,JAKARTA SELATAN,TEBET,36,1,201601,real_jakarta,False
2016,1,2016-01-01,JAKARTA TIMUR,CAKUNG,22,0,201601,real_jakarta,False
2016,1,2016-01-01,JAKARTA TIMUR,CIPAYUNG,14,0,201601,real_jakarta,False
2016,1,2016-01-01,JAKARTA TIMUR,CIRACAS,30,0,201601,real_jakarta,False
2016,1,2016-01-01,JAKARTA TIMUR,DUREN SAWIT,45,0,201601,real_jakarta,False
2016,1,2016-01-01,JAKARTA TIMUR,JATINEGARA,23,0,201601,real_jakarta,False
2016,1,2016-01-01,JAKARTA TIMUR,KRAMAT JATI,29,0,201601,real_jakarta,False
2016,1,2016-01-01,JAKARTA TIMUR,MAKASAR,12,0,201601,real_jakarta,False
2016,1,2016-01-01,JAKARTA TIMUR,MATRAMAN,16,0,201601,real_jakarta,False
2016,1,2016-01-01,JAKARTA TIMUR,PASAR REBO,16,0,201601,real_jakarta,False
2016,1,2016-01-01,JAKARTA TIMUR,PULO GADUNG,42,0,201601,real_jakarta,False
2016,1,2016-01-01,JAKARTA UTARA,CILINCING,31,0,201601,real_jakarta,False
2016,1,2016-01-01,JAKARTA UTARA,KELAPA GADING,27,0,201601,real_jakarta,False
2016,1,2016-01-01,JAKARTA UTARA,KOJA,44,0,201601,real_jakarta,False
2016,1,2016-01-01,JAKARTA UTARA,PADEMANGAN,10,0,201601,real_jakarta,False
2016,1,2016-01-01,JAKARTA UTARA,PENJARINGAN,32,0,201601,real_jakarta,False
2016,1,2016-01-01,JAKARTA UTARA,TANJUNG PRIOK,26,0,201601,real_jakarta,False
2016,1,2016-01-01,KABUPATEN KEPULAUAN SERIBU,KEP. SERIBU SELATAN,0,0,201601,real_jakarta,False
2016,1,2016-01-01,KABUPATEN KEPULAUAN SERIBU,KEP. SERIBU UTARA,0,0,201601,real_jakarta,False
2016,2,2016-02-01,JAKARTA BARAT,CENGKARENG,34,0,201602,real_jakarta,False
2016,2,2016-02-01,JAKARTA BARAT,GROGOL PETAMBURAN,20,0,201602,real_jakarta,False
2016,2,2016-02-01,JAKARTA BARAT,KALIDERES,14,0,201602,real_jakarta,False
2016,2,2016-02-01,JAKARTA BARAT,KEBON JERUK,5,0,201602,real_jakarta,False
2016,2,2016-02-01,JAKARTA BARAT,KEMBANGAN,4,0,201602,real_jakarta,False
2016,2,2016-02-01,JAKARTA BARAT,PALMERAH,8,0,201602,real_jakarta,False
2016,2,2016-02-01,JAKARTA BARAT,TAMAN SARI,4,0,201602,real_jakarta,False
2016,2,2016-02-01,JAKARTA BARAT,TAMBORA,5,0,201602,real_jakarta,False
2016,2,2016-02-01,JAKARTA PUSAT,CEMPAKA PUTIH,0,0,201602,real_jakarta,False
2016,2,2016-02-01,JAKARTA PUSAT,GAMBIR,4,0,201602,real_jakarta,False
2016,2,2016-02-01,JAKARTA PUSAT,JOHAR BARU,4,0,201602,real_jakarta,False
2016,2,2016-02-01,JAKARTA PUSAT,KEMAYORAN,7,0,201602,real_jakarta,False
2016,2,2016-02-01,JAKARTA PUSAT,MENTENG,8,0,201602,real_jakarta,False
2016,2,2016-02-01,JAKARTA PUSAT,SAWAH BESAR,4,0,201602,real_jakarta,False
2016,2,2016-02-01,JAKARTA PUSAT,SENEN,0,0,201602,real_jakarta,False
2016,2,2016-02-01,JAKARTA PUSAT,TANAH ABANG,4,0,201602,real_jakarta,False
2016,2,2016-02-01,JAKARTA SELATAN,CILANDAK,20,0,201602,real_jakarta,False
2016,2,2016-02-01,JAKARTA SELATAN,JAGAKARSA,12,0,201602,real_jakarta,False
2016,2,2016-02-01,JAKARTA SELATAN,KEBAYORAN BARU,4,0,201602,real_jakarta,False
2016,2,2016-02-01,JAKARTA SELATAN,KEBAYORAN LAMA,29,0,201602,real_jakarta,False
2016,2,2016-02-01,JAKARTA SELATAN,MAMPANG PRAPATAN,8,0,201602,real_jakarta,False
2016,2,2016-02-01,JAKARTA SELATAN,PANCORAN,5,0,201602,real_jakarta,False
2016,2,2016-02-01,JAKARTA SELATAN,PASAR MINGGU,21,0,201602,real_jakarta,False
2016,2,2016-02-01,JAKARTA SELATAN,PESANGGRAHAN,11,0,201602,real_jakarta,False
2016,2,2016-02-01,JAKARTA SELATAN,SETIA BUDI,8,0,201602,real_jakarta,False
2016,2,2016-02-01,JAKARTA SELATAN,TEBET,12,0,201602,real_jakarta,False
2016,2,2016-02-01,JAKARTA TIMUR,CAKUNG,12,0,201602,real_jakarta,False
2016,2,2016-02-01,JAKARTA TIMUR,CIPAYUNG,21,0,201602,real_jakarta,False
2016,2,2016-02-01,JAKARTA TIMUR,CIRACAS,20,0,201602,real_jakarta,False
2016,2,2016-02-01,JAKARTA TIMUR,DUREN SAWIT,41,1,201602,real_jakarta,False
2016,2,2016-02-01,JAKARTA TIMUR,JATINEGARA,20,0,201602,real_jakarta,False
2016,2,2016-02-01,JAKARTA TIMUR,KRAMAT JATI,20,0,201602,real_jakarta,False
2016,2,2016-02-01,JAKARTA TIMUR,MAKASAR,9,0,201602,real_jakarta,False
2016,2,2016-02-01,JAKARTA TIMUR,MATRAMAN,9,0,201602,real_jakarta,False
2016,2,2016-02-01,JAKARTA TIMUR,PASAR REBO,16,0,201602,real_jakarta,False
2016,2,2016-02-01,JAKARTA TIMUR,PULO GADUNG,14,1,201602,real_jakarta,False
2016,2,2016-02-01,JAKARTA UTARA,CILINCING,15,0,201602,real_jakarta,False
2016,2,2016-02-01,JAKARTA UTARA,KELAPA GADING,15,0,201602,real_jakarta,False
2016,2,2016-02-01,JAKARTA UTARA,KOJA,7,0,201602,real_jakarta,False
2016,2,2016-02-01,JAKARTA UTARA,PADEMANGAN,4,0,201602,real_jakarta,False
2016,2,2016-02-01,JAKARTA UTARA,PENJARINGAN,2,0,201602,real_jakarta,False
2016,2,2016-02-01,JAKARTA UTARA,TANJUNG PRIOK,6,0,201602,real_jakarta,False
2016,2,2016-02-01,KABUPATEN KEPULAUAN SERIBU,KEP. SERIBU SELATAN,0,0,201602,real_jakarta,False
2016,2,2016-02-01,KABUPATEN KEPULAUAN SERIBU,KEP. SERIBU UTARA,0,0,201602,real_jakarta,False
2017,1,2017-01-01,JAKARTA BARAT,CENGKARENG,54,0,201701,real_jakarta,True
2017,1,2017-01-01,JAKARTA BARAT,GROGOL PETAMBURAN,15,0,201701,real_jakarta,True
2017,1,2017-01-01,JAKARTA BARAT,KALIDERES,61,0,201701,real_jakarta,True
2017,1,2017-01-01,JAKARTA BARAT,KEBON JERUK,18,0,201701,real_jakarta,True
2017,1,2017-01-01,JAKARTA BARAT,KEMBANGAN,11,0,201701,real_jakarta,True
2017,1,2017-01-01,JAKARTA BARAT,PALMERAH,10,0,201701,real_jakarta,True
2017,1,2017-01-01,JAKARTA BARAT,TAMAN SARI,3,0,201701,real_jakarta,True
2017,1,2017-01-01,JAKARTA BARAT,TAMBORA,13,0,201701,real_jakarta,True
2017,1,2017-01-01,JAKARTA PUSAT,CEMPAKA PUTIH,6,0,201701,real_jakarta,True
2017,1,2017-01-01,JAKARTA PUSAT,GAMBIR,2,0,201701,real_jakarta,True
2017,1,2017-01-01,JAKARTA PUSAT,JOHAR BARU,4,0,201701,real_jakarta,True
2017,1,2017-01-01,JAKARTA PUSAT,KEMAYORAN,10,0,201701,real_jakarta,True
2017,1,2017-01-01,JAKARTA PUSAT,MENTENG,2,0,201701,real_jakarta,True
2017,1,2017-01-01,JAKARTA PUSAT,SAWAH BESAR,2,0,201701,real_jakarta,True
2017,1,2017-01-01,JAKARTA PUSAT,SENEN,1,0,201701,real_jakarta,True
2017,1,2017-01-01,JAKARTA PUSAT,TANAH ABANG,4,0,201701,real_jakarta,True
2017,1,2017-01-01,JAKARTA SELATAN,CILANDAK,8,0,201701,real_jakarta,True
2017,1,2017-01-01,JAKARTA SELATAN,JAGAKARSA,13,0,201701,real_jakarta,True
2017,1,2017-01-01,JAKARTA SELATAN,KEBAYORAN BARU,16,0,201701,real_jakarta,True
2017,1,2017-01-01,JAKARTA SELATAN,KEBAYORAN LAMA,23,0,201701,real_jakarta,True
2017,1,2017-01-01,JAKARTA SELATAN,MAMPANG PRAPATAN,6,0,201701,real_jakarta,True
2017,1,2017-01-01,JAKARTA SELATAN,PANCORAN,7,0,201701,real_jakarta,True
2017,1,2017-01-01,JAKARTA SELATAN,PASAR MINGGU,19,0,201701,real_jakarta,True
2017,1,2017-01-01,JAKARTA SELATAN,PESANGGRAHAN,16,0,201701,real_jakarta,True
2017,1,2017-01-01,JAKARTA SELATAN,SETIA BUDI,9,0,201701,real_jakarta,True
2017,1,2017-01-01,JAKARTA SELATAN,TEBET,15,0,201701,real_jakarta,True
2017,1,2017-01-01,JAKARTA TIMUR,CAKUNG,41,0,201701,real_jakarta,True
2017,1,2017-01-01,JAKARTA TIMUR,CIPAYUNG,14,0,201701,real_jakarta,True
2017,1,2017-01-01,JAKARTA TIMUR,CIRACAS,26,1,201701,real_jakarta,True
2017,1,2017-01-01,JAKARTA TIMUR,DUREN SAWIT,29,0,201701,real_jakarta,True
2017,1,2017-01-01,JAKARTA TIMUR,JATINEGARA,40,0,201701,real_jakarta,True
2017,1,2017-01-01,JAKARTA TIMUR,KRAMAT JATI,26,0,201701,real_jakarta,True
2017,1,2017-01-01,JAKARTA TIMUR,MAKASAR,15,0,201701,real_jakarta,True
2017,1,2017-01-01,JAKARTA TIMUR,MATRAMAN,8,0,201701,real_jakarta,True
2017,1,2017-01-01,JAKARTA TIMUR,PASAR REBO,13,0,201701,real_jakarta,True
2017,1,2017-01-01,JAKARTA TIMUR,PULO GADUNG,11,0,201701,real_jakarta,True
2017,1,2017-01-01,JAKARTA UTARA,CILINCING,42,0,201701,real_jakarta,True
2017,1,2017-01-01,JAKARTA UTARA,KELAPA GADING,7,0,201701,real_jakarta,True
2017,1,2017-01-01,JAKARTA UTARA,KOJA,15,0,201701,real_jakarta,True
2017,1,2017-01-01,JAKARTA UTARA,PADEMANGAN,6,0,201701,real_jakarta,True
2017,1,2017-01-01,JAKARTA UTARA,PENJARINGAN,9,0,201701,real_jakarta,True
2017,1,2017-01-01,JAKARTA UTARA,TANJUNG PRIOK,15,0,201701,real_jakarta,True
2017,1,2017-01-01,KABUPATEN KEPULAUAN SERIBU,KEP. SERIBU SELATAN,0,0,201701,real_jakarta,True
2017,1,2017-01-01,KABUPATEN KEPULAUAN SERIBU,KEP. SERIBU UTARA,0,0,201701,real_jakarta,True
2017,2,2017-02-01,JAKARTA BARAT,CENGKARENG,24,0,201702,real_jakarta,True
2017,2,2017-02-01,JAKARTA BARAT,GROGOL PETAMBURAN,5,0,201702,real_jakarta,True
2017,2,2017-02-01,JAKARTA BARAT,KALIDERES,19,0,201702,real_jakarta,True
2017,2,2017-02-01,JAKARTA BARAT,KEBON JERUK,8,0,201702,real_jakarta,True
2017,2,2017-02-01,JAKARTA BARAT,KEMBANGAN,5,0,201702,real_jakarta,True
2017,2,2017-02-01,JAKARTA BARAT,PALMERAH,6,0,201702,real_jakarta,True
2017,2,2017-02-01,JAKARTA BARAT,TAMAN SARI,2,0,201702,real_jakarta,True
2017,2,2017-02-01,JAKARTA BARAT,TAMBORA,10,0,201702,real_jakarta,True
2017,2,2017-02-01,JAKARTA PUSAT,CEMPAKA PUTIH,3,0,201702,real_jakarta,True
2017,2,2017-02-01,JAKARTA PUSAT,GAMBIR,2,0,201702,real_jakarta,True
2017,2,2017-02-01,JAKARTA PUSAT,JOHAR BARU,0,0,201702,real_jakarta,True
2017,2,2017-02-01,JAKARTA PUSAT,KEMAYORAN,4,0,201702,real_jakarta,True
2017,2,2017-02-01,JAKARTA PUSAT,MENTENG,0,0,201702,real_jakarta,True
2017,2,2017-02-01,JAKARTA PUSAT,SAWAH BESAR,2,0,201702,real_jakarta,True
2017,2,2017-02-01,JAKARTA PUSAT,SENEN,1,0,201702,real_jakarta,True
2017,2,2017-02-01,JAKARTA PUSAT,TANAH ABANG,0,0,201702,real_jakarta,True
2017,2,2017-02-01,JAKARTA SELATAN,CILANDAK,5,0,201702,real_jakarta,True
2017,2,2017-02-01,JAKARTA SELATAN,JAGAKARSA,11,0,201702,real_jakarta,True
2017,2,2017-02-01,JAKARTA SELATAN,KEBAYORAN BARU,11,0,201702,real_jakarta,True
2017,2,2017-02-01,JAKARTA SELATAN,KEBAYORAN LAMA,15,0,201702,real_jakarta,True
2017,2,2017-02-01,JAKARTA SELATAN,MAMPANG PRAPATAN,3,0,201702,real_jakarta,True
2017,2,2017-02-01,JAKARTA SELATAN,PANCORAN,2,0,201702,real_jakarta,True
2017,2,2017-02-01,JAKARTA SELATAN,PASAR MINGGU,5,0,201702,real_jakarta,True
2017,2,2017-02-01,JAKARTA SELATAN,PESANGGRAHAN,5,0,201702,real_jakarta,True
2017,2,2017-02-01,JAKARTA SELATAN,SETIA BUDI,8,0,201702,real_jakarta,True
2017,2,2017-02-01,JAKARTA SELATAN,TEBET,6,0,201702,real_jakarta,True
2017,2,2017-02-01,JAKARTA TIMUR,CAKUNG,25,0,201702,real_jakarta,True
2017,2,2017-02-01,JAKARTA TIMUR,CIPAYUNG,7,0,201702,real_jakarta,True
2017,2,2017-02-01,JAKARTA TIMUR,CIRACAS,12,0,201702,real_jakarta,True
2017,2,2017-02-01,JAKARTA TIMUR,DUREN SAWIT,22,0,201702,real_jakarta,True
2017,2,2017-02-01,JAKARTA TIMUR,JATINEGARA,14,0,201702,real_jakarta,True
2017,2,2017-02-01,JAKARTA TIMUR,KRAMAT JATI,11,0,201702,real_jakarta,True
2017,2,2017-02-01,JAKARTA TIMUR,MAKASAR,9,0,201702,real_jakarta,True
2017,2,2017-02-01,JAKARTA TIMUR,MATRAMAN,6,0,201702,real_jakarta,True
2017,2,2017-02-01,JAKARTA TIMUR,PASAR REBO,12,0,201702,real_jakarta,True
2017,2,2017-02-01,JAKARTA TIMUR,PULO GADUNG,22,0,201702,real_jakarta,True
2017,2,2017-02-01,JAKARTA UTARA,CILINCING,22,0,201702,real_jakarta,True
2017,2,2017-02-01,JAKARTA UTARA,KELAPA GADING,8,0,201702,real_jakarta,True
2017,2,2017-02-01,JAKARTA UTARA,KOJA,7,0,201702,real_jakarta,True
2017,2,2017-02-01,JAKARTA UTARA,PADEMANGAN,0,0,201702,real_jakarta,True
2017,2,2017-02-01,JAKARTA UTARA,PENJARINGAN,13,0,201702,real_jakarta,True
2017,2,2017-02-01,JAKARTA UTARA,TANJUNG PRIOK,4,0,201702,real_jakarta,True
2017,2,2017-02-01,KABUPATEN KEPULAUAN SERIBU,KEP. SERIBU SELATAN,1,0,201702,real_jakarta,True
2017,2,2017-02-01,KABUPATEN KEPULAUAN SERIBU,KEP. SERIBU UTARA,0,0,201702,real_jakarta,True
2017,3,2017-03-01,JAKARTA BARAT,CENGKARENG,33,0,201703,real_jakarta,True
2017,3,2017-03-01,JAKARTA BARAT,GROGOL PETAMBURAN,16,0,201703,real_jakarta,True
2017,3,2017-03-01,JAKARTA BARAT,KALIDERES,19,0,201703,real_jakarta,True
2017,3,2017-03-01,JAKARTA BARAT,KEBON JERUK,9,0,201703,real_jakarta,True
2017,3,2017-03-01,JAKARTA BARAT,KEMBANGAN,11,0,201703,real_jakarta,True
2017,3,2017-03-01,JAKARTA BARAT,PALMERAH,13,0,201703,real_jakarta,True
2017,3,2017-03-01,JAKARTA BARAT,TAMAN SARI,0,0,201703,real_jakarta,True
2017,3,2017-03-01,JAKARTA BARAT,TAMBORA,11,0,201703,real_jakarta,True
2017,3,2017-03-01,JAKARTA PUSAT,CEMPAKA PUTIH,1,0,201703,real_jakarta,True
2017,3,2017-03-01,JAKARTA PUSAT,GAMBIR,2,0,201703,real_jakarta,True
2017,3,2017-03-01,JAKARTA PUSAT,JOHAR BARU,0,0,201703,real_jakarta,True
2017,3,2017-03-01,JAKARTA PUSAT,KEMAYORAN,3,0,201703,real_jakarta,True
2017,3,2017-03-01,JAKARTA PUSAT,MENTENG,5,0,201703,real_jakarta,True
2017,3,2017-03-01,JAKARTA PUSAT,SAWAH BESAR,2,0,201703,real_jakarta,True
2017,3,2017-03-01,JAKARTA PUSAT,SENEN,0,0,201703,real_jakarta,True
2017,3,2017-03-01,JAKARTA PUSAT,TANAH ABANG,0,0,201703,real_jakarta,True
2017,3,2017-03-01,JAKARTA SELATAN,CILANDAK,4,0,201703,real_jakarta,True
2017,3,2017-03-01,JAKARTA SELATAN,JAGAKARSA,13,0,201703,real_jakarta,True
2017,3,2017-03-01,JAKARTA SELATAN,KEBAYORAN BARU,12,0,201703,real_jakarta,True
2017,3,2017-03-01,JAKARTA SELATAN,KEBAYORAN LAMA,10,0,201703,real_jakarta,True
2017,3,2017-03-01,JAKARTA SELATAN,MAMPANG PRAPATAN,2,0,201703,real_jakarta,True
2017,3,2017-03-01,JAKARTA SELATAN,PANCORAN,3,0,201703,real_jakarta,True
2017,3,2017-03-01,JAKARTA SELATAN,PASAR MINGGU,6,0,201703,real_jakarta,True
2017,3,2017-03-01,JAKARTA SELATAN,PESANGGRAHAN,11,0,201703,real_jakarta,True
2017,3,2017-03-01,JAKARTA SELATAN,SETIA BUDI,5,0,201703,real_jakarta,True
2017,3,2017-03-01,JAKARTA SELATAN,TEBET,10,0,201703,real_jakarta,True
2017,3,2017-03-01,JAKARTA TIMUR,CAKUNG,42,0,201703,real_jakarta,True
2017,3,2017-03-01,JAKARTA TIMUR,CIPAYUNG,14,0,201703,real_jakarta,True
2017,3,2017-03-01,JAKARTA TIMUR,CIRACAS,9,0,201703,real_jakarta,True
2017,3,2017-03-01,JAKARTA TIMUR,DUREN SAWIT,29,0,201703,real_jakarta,True
2017,3,2017-03-01,JAKARTA TIMUR,JATINEGARA,15,0,201703,real_jakarta,True
2017,3,2017-03-01,JAKARTA TIMUR,KRAMAT JATI,17,0,201703,real_jakarta,True
2017,3,2017-03-01,JAKARTA TIMUR,MAKASAR,10,0,201703,real_jakarta,True
2017,3,2017-03-01,JAKARTA TIMUR,MATRAMAN,14,0,201703,real_jakarta,True
2017,3,2017-03-01,JAKARTA TIMUR,PASAR REBO,17,0,201703,real_jakarta,True
2017,3,2017-03-01,JAKARTA TIMUR,PULO GADUNG,23,0,201703,real_jakarta,True
2017,3,2017-03-01,JAKARTA UTARA,CILINCING,26,0,201703,real_jakarta,True
2017,3,2017-03-01,JAKARTA UTARA,KELAPA GADING,11,0,201703,real_jakarta,True
2017,3,2017-03-01,JAKARTA UTARA,KOJA,18,0,201703,real_jakarta,True
2017,3,2017-03-01,JAKARTA UTARA,PADEMANGAN,6,0,201703,real_jakarta,True
2017,3,2017-03-01,JAKARTA UTARA,PENJARINGAN,2,0,201703,real_jakarta,True
2017,3,2017-03-01,JAKARTA UTARA,TANJUNG PRIOK,10,0,201703,real_jakarta,True
2017,3,2017-03-01,KABUPATEN KEPULAUAN SERIBU,KEP. SERIBU SELATAN,0,0,201703,real_jakarta,True
2017,3,2017-03-01,KABUPATEN KEPULAUAN SERIBU,KEP. SERIBU UTARA,0,0,201703,real_jakarta,True
2017,4,2017-04-01,JAKARTA BARAT,CENGKARENG,31,0,201704,real_jakarta,True
2017,4,2017-04-01,JAKARTA BARAT,GROGOL PETAMBURAN,4,0,201704,real_jakarta,True
2017,4,2017-04-01,JAKARTA BARAT,KALIDERES,14,0,201704,real_jakarta,True
2017,4,2017-04-01,JAKARTA BARAT,KEBON JERUK,5,0,201704,real_jakarta,True
2017,4,2017-04-01,JAKARTA BARAT,KEMBANGAN,12,0,201704,real_jakarta,True
2017,4,2017-04-01,JAKARTA BARAT,PALMERAH,6,0,201704,real_jakarta,True
2017,4,2017-04-01,JAKARTA BARAT,TAMAN SARI,3,0,201704,real_jakarta,True
2017,4,2017-04-01,JAKARTA BARAT,TAMBORA,4,0,201704,real_jakarta,True
2017,4,2017-04-01,JAKARTA PUSAT,CEMPAKA PUTIH,0,0,201704,real_jakarta,True
2017,4,2017-04-01,JAKARTA PUSAT,GAMBIR,0,0,201704,real_jakarta,True
2017,4,2017-04-01,JAKARTA PUSAT,JOHAR BARU,4,0,201704,real_jakarta,True
2017,4,2017-04-01,JAKARTA PUSAT,KEMAYORAN,2,0,201704,real_jakarta,True
2017,4,2017-04-01,JAKARTA PUSAT,MENTENG,3,0,201704,real_jakarta,True
2017,4,2017-04-01,JAKARTA PUSAT,SAWAH BESAR,2,0,201704,real_jakarta,True
2017,4,2017-04-01,JAKARTA PUSAT,SENEN,0,0,201704,real_jakarta,True
2017,4,2017-04-01,JAKARTA PUSAT,TANAH ABANG,2,0,201704,real_jakarta,True
2017,4,2017-04-01,JAKARTA SELATAN,CILANDAK,3,0,201704,real_jakarta,True
2017,4,2017-04-01,JAKARTA SELATAN,JAGAKARSA,9,0,201704,real_jakarta,True
2017,4,2017-04-01,JAKARTA SELATAN,KEBAYORAN BARU,4,0,201704,real_jakarta,True
2017,4,2017-04-01,JAKARTA SELATAN,KEBAYORAN LAMA,11,0,201704,real_jakarta,True
2017,4,2017-04-01,JAKARTA SELATAN,MAMPANG PRAPATAN,8,0,201704,real_jakarta,True
2017,4,2017-04-01,JAKARTA SELATAN,PANCORAN,8,0,201704,real_jakarta,True
2017,4,2017-04-01,JAKARTA SELATAN,PASAR MINGGU,13,0,201704,real_jakarta,True
2017,4,2017-04-01,JAKARTA SELATAN,PESANGGRAHAN,5,0,201704,real_jakarta,True
2017,4,2017-04-01,JAKARTA SELATAN,SETIA BUDI,7,0,201704,real_jakarta,True
2017,4,2017-04-01,JAKARTA SELATAN,TEBET,3,0,201704,real_jakarta,True
2017,4,2017-04-01,JAKARTA TIMUR,CAKUNG,26,0,201704,real_jakarta,True
2017,4,2017-04-01,JAKARTA TIMUR,CIPAYUNG,13,0,201704,real_jakarta,True
2017,4,2017-04-01,JAKARTA TIMUR,CIRACAS,4,0,201704,real_jakarta,True
2017,4,2017-04-01,JAKARTA TIMUR,DUREN SAWIT,26,0,201704,real_jakarta,True
2017,4,2017-04-01,JAKARTA TIMUR,JATINEGARA,18,0,201704,real_jakarta,True
2017,4,2017-04-01,JAKARTA TIMUR,KRAMAT JATI,21,0,201704,real_jakarta,True
2017,4,2017-04-01,JAKARTA TIMUR,MAKASAR,4,0,201704,real_jakarta,True
2017,4,2017-04-01,JAKARTA TIMUR,MATRAMAN,2,0,201704,real_jakarta,True
2017,4,2017-04-01,JAKARTA TIMUR,PASAR REBO,10,0,201704,real_jakarta,True
2017,4,2017-04-01,JAKARTA TIMUR,PULO GADUNG,31,0,201704,real_jakarta,True
2017,4,2017-04-01,JAKARTA UTARA,CILINCING,29,0,201704,real_jakarta,True
2017,4,2017-04-01,JAKARTA UTARA,KELAPA GADING,2,0,201704,real_jakarta,True
2017,4,2017-04-01,JAKARTA UTARA,KOJA,7,0,201704,real_jakarta,True
2017,4,2017-04-01,JAKARTA UTARA,PADEMANGAN,2,0,201704,real_jakarta,True
2017,4,2017-04-01,JAKARTA UTARA,PENJARINGAN,3,0,201704,real_jakarta,True
2017,4,2017-04-01,JAKARTA UTARA,TANJUNG PRIOK,6,0,201704,real_jakarta,True
2017,4,2017-04-01,KABUPATEN KEPULAUAN SERIBU,KEP. SERIBU SELATAN,0,0,201704,real_jakarta,True
2017,4,2017-04-01,KABUPATEN KEPULAUAN SERIBU,KEP. SERIBU UTARA,0,0,201704,real_jakarta,True
2017,5,2017-05-01,JAKARTA BARAT,CENGKARENG,31,0,201705,real_jakarta,True
2017,5,2017-05-01,JAKARTA BARAT,GROGOL PETAMBURAN,10,0,201705,real_jakarta,True
2017,5,2017-05-01,JAKARTA BARAT,KALIDERES,12,0,201705,real_jakarta,True
2017,5,2017-05-01,JAKARTA BARAT,KEBON JERUK,5,0,201705,real_jakarta,True
2017,5,2017-05-01,JAKARTA BARAT,KEMBANGAN,10,0,201705,real_jakarta,True
2017,5,2017-05-01,JAKARTA BARAT,PALMERAH,5,0,201705,real_jakarta,True
2017,5,2017-05-01,JAKARTA BARAT,TAMAN SARI,0,0,201705,real_jakarta,True
2017,5,2017-05-01,JAKARTA BARAT,TAMBORA,8,0,201705,real_jakarta,True
2017,5,2017-05-01,JAKARTA PUSAT,CEMPAKA PUTIH,0,0,201705,real_jakarta,True
2017,5,2017-05-01,JAKARTA PUSAT,GAMBIR,1,0,201705,real_jakarta,True
2017,5,2017-05-01,JAKARTA PUSAT,JOHAR BARU,1,0,201705,real_jakarta,True
2017,5,2017-05-01,JAKARTA PUSAT,KEMAYORAN,4,0,201705,real_jakarta,True
2017,5,2017-05-01,JAKARTA PUSAT,MENTENG,0,0,201705,real_jakarta,True
2017,5,2017-05-01,JAKARTA PUSAT,SAWAH BESAR,0,0,201705,real_jakarta,True
2017,5,2017-05-01,JAKARTA PUSAT,SENEN,1,0,201705,real_jakarta,True
2017,5,2017-05-01,JAKARTA PUSAT,TANAH ABANG,2,0,201705,real_jakarta,True
2017,5,2017-05-01,JAKARTA SELATAN,CILANDAK,5,0,201705,real_jakarta,True
2017,5,2017-05-01,JAKARTA SELATAN,JAGAKARSA,8,0,201705,real_jakarta,True
2017,5,2017-05-01,JAKARTA SELATAN,KEBAYORAN BARU,3,0,201705,real_jakarta,True
2017,5,2017-05-01,JAKARTA SELATAN,KEBAYORAN LAMA,6,0,201705,real_jakarta,True
2017,5,2017-05-01,JAKARTA SELATAN,MAMPANG PRAPATAN,6,0,201705,real_jakarta,True
2017,5,2017-05-01,JAKARTA SELATAN,PANCORAN,6,0,201705,real_jakarta,True
2017,5,2017-05-01,JAKARTA SELATAN,PASAR MINGGU,21,0,201705,real_jakarta,True
2017,5,2017-05-01,JAKARTA SELATAN,PESANGGRAHAN,1,0,201705,real_jakarta,True
2017,5,2017-05-01,JAKARTA SELATAN,SETIA BUDI,6,0,201705,real_jakarta,True
2017,5,2017-05-01,JAKARTA SELATAN,TEBET,2,0,201705,real_jakarta,True
2017,5,2017-05-01,JAKARTA TIMUR,CAKUNG,36,0,201705,real_jakarta,True
2017,5,2017-05-01,JAKARTA TIMUR,CIPAYUNG,7,0,201705,real_jakarta,True
2017,5,2017-05-01,JAKARTA TIMUR,CIRACAS,4,0,201705,real_jakarta,True
2017,5,2017-05-01,JAKARTA TIMUR,DUREN SAWIT,27,0,201705,real_jakarta,True
2017,5,2017-05-01,JAKARTA TIMUR,JATINEGARA,28,0,201705,real_jakarta,True
2017,5,2017-05-01,JAKARTA TIMUR,KRAMAT JATI,9,0,201705,real_jakarta,True
2017,5,2017-05-01,JAKARTA TIMUR,MAKASAR,9,0,201705,real_jakarta,True
2017,5,2017-05-01,JAKARTA TIMUR,MATRAMAN,1,0,201705,real_jakarta,True
2017,5,2017-05-01,JAKARTA TIMUR,PASAR REBO,7,0,201705,real_jakarta,True
2017,5,2017-05-01,JAKARTA TIMUR,PULO GADUNG,34,0,201705,real_jakarta,True
2017,5,2017-05-01,JAKARTA UTARA,CILINCING,19,0,201705,real_jakarta,True
2017,5,2017-05-01,JAKARTA UTARA,KELAPA GADING,9,0,201705,real_jakarta,True
2017,5,2017-05-01,JAKARTA UTARA,KOJA,12,0,201705,real_jakarta,True
2017,5,2017-05-01,JAKARTA UTARA,PADEMANGAN,1,0,201705,real_jakarta,True
2017,5,2017-05-01,JAKARTA UTARA,PENJARINGAN,4,0,201705,real_jakarta,True
2017,5,2017-05-01,JAKARTA UTARA,TANJUNG PRIOK,12,0,201705,real_jakarta,True
2017,5,2017-05-01,KABUPATEN KEPULAUAN SERIBU,KEP. SERIBU SELATAN,0,0,201705,real_jakarta,True
2017,5,2017-05-01,KABUPATEN KEPULAUAN SERIBU,KEP. SERIBU UTARA,0,0,201705,real_jakarta,True
2017,6,2017-06-01,JAKARTA BARAT,CENGKARENG,19,0,201706,real_jakarta,True
2017,6,2017-06-01,JAKARTA BARAT,GROGOL PETAMBURAN,4,0,201706,real_jakarta,True
2017,6,2017-06-01,JAKARTA BARAT,KALIDERES,7,0,201706,real_jakarta,True
2017,6,2017-06-01,JAKARTA BARAT,KEBON JERUK,3,0,201706,real_jakarta,True
2017,6,2017-06-01,JAKARTA BARAT,KEMBANGAN,5,0,201706,real_jakarta,True
2017,6,2017-06-01,JAKARTA BARAT,PALMERAH,2,0,201706,real_jakarta,True
2017,6,2017-06-01,JAKARTA BARAT,TAMAN SARI,1,0,201706,real_jakarta,True
2017,6,2017-06-01,JAKARTA BARAT,TAMBORA,3,0,201706,real_jakarta,True
2017,6,2017-06-01,JAKARTA PUSAT,CEMPAKA PUTIH,2,0,201706,real_jakarta,True
2017,6,2017-06-01,JAKARTA PUSAT,GAMBIR,1,0,201706,real_jakarta,True
2017,6,2017-06-01,JAKARTA PUSAT,JOHAR BARU,3,0,201706,real_jakarta,True
2017,6,2017-06-01,JAKARTA PUSAT,KEMAYORAN,6,0,201706,real_jakarta,True
2017,6,2017-06-01,JAKARTA PUSAT,MENTENG,3,0,201706,real_jakarta,True
2017,6,2017-06-01,JAKARTA PUSAT,SAWAH BESAR,1,0,201706,real_jakarta,True
2017,6,2017-06-01,JAKARTA PUSAT,SENEN,0,0,201706,real_jakarta,True
2017,6,2017-06-01,JAKARTA PUSAT,TANAH ABANG,0,0,201706,real_jakarta,True
2017,6,2017-06-01,JAKARTA SELATAN,CILANDAK,2,0,201706,real_jakarta,True
2017,6,2017-06-01,JAKARTA SELATAN,JAGAKARSA,3,0,201706,real_jakarta,True
2017,6,2017-06-01,JAKARTA SELATAN,KEBAYORAN BARU,4,0,201706,real_jakarta,True
2017,6,2017-06-01,JAKARTA SELATAN,KEBAYORAN LAMA,1,0,201706,real_jakarta,True
2017,6,2017-06-01,JAKARTA SELATAN,MAMPANG PRAPATAN,3,0,201706,real_jakarta,True
2017,6,2017-06-01,JAKARTA SELATAN,PANCORAN,4,0,201706,real_jakarta,True
2017,6,2017-06-01,JAKARTA SELATAN,PASAR MINGGU,3,0,201706,real_jakarta,True
2017,6,2017-06-01,JAKARTA SELATAN,PESANGGRAHAN,3,0,201706,real_jakarta,True
2017,6,2017-06-01,JAKARTA SELATAN,SETIA BUDI,3,0,201706,real_jakarta,True
2017,6,2017-06-01,JAKARTA SELATAN,TEBET,4,0,201706,real_jakarta,True
2017,6,2017-06-01,JAKARTA TIMUR,CAKUNG,15,0,201706,real_jakarta,True
2017,6,2017-06-01,JAKARTA TIMUR,CIPAYUNG,5,0,201706,real_jakarta,True
2017,6,2017-06-01,JAKARTA TIMUR,CIRACAS,5,0,201706,real_jakarta,True
2017,6,2017-06-01,JAKARTA TIMUR,DUREN SAWIT,14,0,201706,real_jakarta,True
2017,6,2017-06-01,JAKARTA TIMUR,JATINEGARA,7,0,201706,real_jakarta,True
2017,6,2017-06-01,JAKARTA TIMUR,KRAMAT JATI,5,0,201706,real_jakarta,True
2017,6,2017-06-01,JAKARTA TIMUR,MAKASAR,2,0,201706,real_jakarta,True
2017,6,2017-06-01,JAKARTA TIMUR,MATRAMAN,3,0,201706,real_jakarta,True
2017,6,2017-06-01,JAKARTA TIMUR,PASAR REBO,5,0,201706,real_jakarta,True
2017,6,2017-06-01,JAKARTA TIMUR,PULO GADUNG,13,0,201706,real_jakarta,True
2017,6,2017-06-01,JAKARTA UTARA,CILINCING,5,0,201706,real_jakarta,True
2017,6,2017-06-01,JAKARTA UTARA,KELAPA GADING,3,0,201706,real_jakarta,True
2017,6,2017-06-01,JAKARTA UTARA,KOJA,6,0,201706,real_jakarta,True
2017,6,2017-06-01,JAKARTA UTARA,PADEMANGAN,3,0,201706,real_jakarta,True
2017,6,2017-06-01,JAKARTA UTARA,PENJARINGAN,0,0,201706,real_jakarta,True
2017,6,2017-06-01,JAKARTA UTARA,TANJUNG PRIOK,6,0,201706,real_jakarta,True
2017,6,2017-06-01,KABUPATEN KEPULAUAN SERIBU,KEP. SERIBU SELATAN,0,0,201706,real_jakarta,True
2017,6,2017-06-01,KABUPATEN KEPULAUAN SERIBU,KEP. SERIBU UTARA,0,0,201706,real_jakarta,True
2017,7,2017-07-01,JAKARTA BARAT,CENGKARENG,17,0,201707,real_jakarta,True
2017,7,2017-07-01,JAKARTA BARAT,GROGOL PETAMBURAN,4,0,201707,real_jakarta,True
2017,7,2017-07-01,JAKARTA BARAT,KALIDERES,9,0,201707,real_jakarta,True
2017,7,2017-07-01,JAKARTA BARAT,KEBON JERUK,2,0,201707,real_jakarta,True
2017,7,2017-07-01,JAKARTA BARAT,KEMBANGAN,1,0,201707,real_jakarta,True
2017,7,2017-07-01,JAKARTA BARAT,PALMERAH,7,0,201707,real_jakarta,True
2017,7,2017-07-01,JAKARTA BARAT,TAMAN SARI,0,0,201707,real_jakarta,True
2017,7,2017-07-01,JAKARTA BARAT,TAMBORA,4,0,201707,real_jakarta,True
2017,7,2017-07-01,JAKARTA PUSAT,CEMPAKA PUTIH,0,0,201707,real_jakarta,True
2017,7,2017-07-01,JAKARTA PUSAT,GAMBIR,0,0,201707,real_jakarta,True
2017,7,2017-07-01,JAKARTA PUSAT,JOHAR BARU,1,0,201707,real_jakarta,True
2017,7,2017-07-01,JAKARTA PUSAT,KEMAYORAN,0,0,201707,real_jakarta,True
2017,7,2017-07-01,JAKARTA PUSAT,MENTENG,2,0,201707,real_jakarta,True
2017,7,2017-07-01,JAKARTA PUSAT,SAWAH BESAR,0,0,201707,real_jakarta,True
2017,7,2017-07-01,JAKARTA PUSAT,SENEN,0,0,201707,real_jakarta,True
2017,7,2017-07-01,JAKARTA PUSAT,TANAH ABANG,0,0,201707,real_jakarta,True
2017,7,2017-07-01,JAKARTA SELATAN,CILANDAK,0,0,201707,real_jakarta,True
2017,7,2017-07-01,JAKARTA SELATAN,JAGAKARSA,4,0,201707,real_jakarta,True
2017,7,2017-07-01,JAKARTA SELATAN,KEBAYORAN BARU,2,0,201707,real_jakarta,True
2017,7,2017-07-01,JAKARTA SELATAN,KEBAYORAN LAMA,2,0,201707,real_jakarta,True
2017,7,2017-07-01,JAKARTA SELATAN,MAMPANG PRAPATAN,3,0,201707,real_jakarta,True
2017,7,2017-07-01,JAKARTA SELATAN,PANCORAN,2,0,201707,real_jakarta,True
2017,7,2017-07-01,JAKARTA SELATAN,PASAR MINGGU,10,0,201707,real_jakarta,True
2017,7,2017-07-01,JAKARTA SELATAN,PESANGGRAHAN,7,0,201707,real_jakarta,True
2017,7,2017-07-01,JAKARTA SELATAN,SETIA BUDI,2,0,201707,real_jakarta,True
2017,7,2017-07-01,JAKARTA SELATAN,TEBET,1,0,201707,real_jakarta,True
2017,7,2017-07-01,JAKARTA TIMUR,CAKUNG,10,0,201707,real_jakarta,True
2017,7,2017-07-01,JAKARTA TIMUR,CIPAYUNG,3,0,201707,real_jakarta,True
2017,7,2017-07-01,JAKARTA TIMUR,CIRACAS,5,0,201707,real_jakarta,True
2017,7,2017-07-01,JAKARTA TIMUR,DUREN SAWIT,11,0,201707,real_jakarta,True
2017,7,2017-07-01,JAKARTA TIMUR,JATINEGARA,6,0,201707,real_jakarta,True
2017,7,2017-07-01,JAKARTA TIMUR,KRAMAT JATI,2,0,201707,real_jakarta,True
2017,7,2017-07-01,JAKARTA TIMUR,MAKASAR,1,0,201707,real_jakarta,True
2017,7,2017-07-01,JAKARTA TIMUR,MATRAMAN,3,0,201707,real_jakarta,True
2017,7,2017-07-01,JAKARTA TIMUR,PASAR REBO,2,0,201707,real_jakarta,True
2017,7,2017-07-01,JAKARTA TIMUR,PULO GADUNG,19,0,201707,real_jakarta,True
2017,7,2017-07-01,JAKARTA UTARA,CILINCING,3,0,201707,real_jakarta,True
2017,7,2017-07-01,JAKARTA UTARA,KELAPA GADING,2,0,201707,real_jakarta,True
2017,7,2017-07-01,JAKARTA UTARA,KOJA,3,0,201707,real_jakarta,True
2017,7,2017-07-01,JAKARTA UTARA,PADEMANGAN,2,0,201707,real_jakarta,True
2017,7,2017-07-01,JAKARTA UTARA,PENJARINGAN,2,0,201707,real_jakarta,True
2017,7,2017-07-01,JAKARTA UTARA,TANJUNG PRIOK,6,0,201707,real_jakarta,True
2017,7,2017-07-01,KABUPATEN KEPULAUAN SERIBU,KEP. SERIBU SELATAN,0,0,201707,real_jakarta,True
2017,7,2017-07-01,KABUPATEN KEPULAUAN SERIBU,KEP. SERIBU UTARA,0,0,201707,real_jakarta,True
2017,8,2017-08-01,JAKARTA BARAT,CENGKARENG,10,0,201708,real_jakarta,True
2017,8,2017-08-01,JAKARTA BARAT,GROGOL PETAMBURAN,5,0,201708,real_jakarta,True
2017,8,2017-08-01,JAKARTA BARAT,KALIDERES,8,0,201708,real_jakarta,True
2017,8,2017-08-01,JAKARTA BARAT,KEBON JERUK,2,0,201708,real_jakarta,True
2017,8,2017-08-01,JAKARTA BARAT,KEMBANGAN,5,0,201708,real_jakarta,True
2017,8,2017-08-01,JAKARTA BARAT,PALMERAH,4,0,201708,real_jakarta,True
2017,8,2017-08-01,JAKARTA BARAT,TAMAN SARI,0,0,201708,real_jakarta,True
2017,8,2017-08-01,JAKARTA BARAT,TAMBORA,0,0,201708,real_jakarta,True
2017,8,2017-08-01,JAKARTA PUSAT,CEMPAKA PUTIH,1,0,201708,real_jakarta,True
2017,8,2017-08-01,JAKARTA PUSAT,GAMBIR,0,0,201708,real_jakarta,True
2017,8,2017-08-01,JAKARTA PUSAT,JOHAR BARU,1,0,201708,real_jakarta,True
2017,8,2017-08-01,JAKARTA PUSAT,KEMAYORAN,3,0,201708,real_jakarta,True
2017,8,2017-08-01,JAKARTA PUSAT,MENTENG,1,0,201708,real_jakarta,True
2017,8,2017-08-01,JAKARTA PUSAT,SAWAH BESAR,0,0,201708,real_jakarta,True
2017,8,2017-08-01,JAKARTA PUSAT,SENEN,1,0,201708,real_jakarta,True
2017,8,2017-08-01,JAKARTA PUSAT,TANAH ABANG,0,0,201708,real_jakarta,True
2017,8,2017-08-01,JAKARTA SELATAN,CILANDAK,2,0,201708,real_jakarta,True
2017,8,2017-08-01,JAKARTA SELATAN,JAGAKARSA,1,0,201708,real_jakarta,True
2017,8,2017-08-01,JAKARTA SELATAN,KEBAYORAN BARU,2,0,201708,real_jakarta,True
2017,8,2017-08-01,JAKARTA SELATAN,KEBAYORAN LAMA,3,0,201708,real_jakarta,True
2017,8,2017-08-01,JAKARTA SELATAN,MAMPANG PRAPATAN,2,0,201708,real_jakarta,True
2017,8,2017-08-01,JAKARTA SELATAN,PANCORAN,1,0,201708,real_jakarta,True
2017,8,2017-08-01,JAKARTA SELATAN,PASAR MINGGU,3,0,201708,real_jakarta,True
2017,8,2017-08-01,JAKARTA SELATAN,PESANGGRAHAN,2,0,201708,real_jakarta,True
2017,8,2017-08-01,JAKARTA SELATAN,SETIA BUDI,0,0,201708,real_jakarta,True
2017,8,2017-08-01,JAKARTA SELATAN,TEBET,0,0,201708,real_jakarta,True
2017,8,2017-08-01,JAKARTA TIMUR,CAKUNG,10,0,201708,real_jakarta,True
2017,8,2017-08-01,JAKARTA TIMUR,CIPAYUNG,5,0,201708,real_jakarta,True
2017,8,2017-08-01,JAKARTA TIMUR,CIRACAS,9,0,201708,real_jakarta,True
2017,8,2017-08-01,JAKARTA TIMUR,DUREN SAWIT,9,0,201708,real_jakarta,True
2017,8,2017-08-01,JAKARTA TIMUR,JATINEGARA,3,0,201708,real_jakarta,True
2017,8,2017-08-01,JAKARTA TIMUR,KRAMAT JATI,5,0,201708,real_jakarta,True
2017,8,2017-08-01,JAKARTA TIMUR,MAKASAR,1,0,201708,real_jakarta,True
2017,8,2017-08-01,JAKARTA TIMUR,MATRAMAN,2,0,201708,real_jakarta,True
2017,8,2017-08-01,JAKARTA TIMUR,PASAR REBO,4,0,201708,real_jakarta,True
2017,8,2017-08-01,JAKARTA TIMUR,PULO GADUNG,15,0,201708,real_jakarta,True
2017,8,2017-08-01,JAKARTA UTARA,CILINCING,0,0,201708,real_jakarta,True
2017,8,2017-08-01,JAKARTA UTARA,KELAPA GADING,1,0,201708,real_jakarta,True
2017,8,2017-08-01,JAKARTA UTARA,KOJA,3,0,201708,real_jakarta,True
2017,8,2017-08-01,JAKARTA UTARA,PADEMANGAN,0,0,201708,real_jakarta,True
2017,8,2017-08-01,JAKARTA UTARA,PENJARINGAN,0,0,201708,real_jakarta,True
2017,8,2017-08-01,JAKARTA UTARA,TANJUNG PRIOK,7,0,201708,real_jakarta,True
2017,8,2017-08-01,KABUPATEN KEPULAUAN SERIBU,KEP. SERIBU SELATAN,0,0,201708,real_jakarta,True
2017,8,2017-08-01,KABUPATEN KEPULAUAN SERIBU,KEP. SERIBU UTARA,0,0,201708,real_jakarta,True
2017,9,2017-09-01,JAKARTA BARAT,CENGKARENG,10,0,201709,real_jakarta,True
2017,9,2017-09-01,JAKARTA BARAT,GROGOL PETAMBURAN,1,0,201709,real_jakarta,True
2017,9,2017-09-01,JAKARTA BARAT,KALIDERES,5,0,201709,real_jakarta,True
2017,9,2017-09-01,JAKARTA BARAT,KEBON JERUK,3,0,201709,real_jakarta,True
2017,9,2017-09-01,JAKARTA BARAT,KEMBANGAN,1,0,201709,real_jakarta,True
2017,9,2017-09-01,JAKARTA BARAT,PALMERAH,0,0,201709,real_jakarta,True
2017,9,2017-09-01,JAKARTA BARAT,TAMAN SARI,1,0,201709,real_jakarta,True
2017,9,2017-09-01,JAKARTA BARAT,TAMBORA,3,0,201709,real_jakarta,True
2017,9,2017-09-01,JAKARTA PUSAT,CEMPAKA PUTIH,0,0,201709,real_jakarta,True
2017,9,2017-09-01,JAKARTA PUSAT,GAMBIR,0,0,201709,real_jakarta,True
2017,9,2017-09-01,JAKARTA PUSAT,JOHAR BARU,1,0,201709,real_jakarta,True
2017,9,2017-09-01,JAKARTA PUSAT,KEMAYORAN,2,0,201709,real_jakarta,True
2017,9,2017-09-01,JAKARTA PUSAT,MENTENG,1,0,201709,real_jakarta,True
2017,9,2017-09-01,JAKARTA PUSAT,SAWAH BESAR,0,0,201709,real_jakarta,True
2017,9,2017-09-01,JAKARTA PUSAT,SENEN,0,0,201709,real_jakarta,True
2017,9,2017-09-01,JAKARTA PUSAT,TANAH ABANG,0,0,201709,real_jakarta,True
2017,9,2017-09-01,JAKARTA SELATAN,CILANDAK,1,0,201709,real_jakarta,True
2017,9,2017-09-01,JAKARTA SELATAN,JAGAKARSA,0,0,201709,real_jakarta,True
2017,9,2017-09-01,JAKARTA SELATAN,KEBAYORAN BARU,2,0,201709,real_jakarta,True
2017,9,2017-09-01,JAKARTA SELATAN,KEBAYORAN LAMA,1,0,201709,real_jakarta,True
2017,9,2017-09-01,JAKARTA SELATAN,MAMPANG PRAPATAN,2,0,201709,real_jakarta,True
2017,9,2017-09-01,JAKARTA SELATAN,PANCORAN,0,0,201709,real_jakarta,True
2017,9,2017-09-01,JAKARTA SELATAN,PASAR MINGGU,4,0,201709,real_jakarta,True
2017,9,2017-09-01,JAKARTA SELATAN,PESANGGRAHAN,1,0,201709,real_jakarta,True
2017,9,2017-09-01,JAKARTA SELATAN,SETIA BUDI,0,0,201709,real_jakarta,True
2017,9,2017-09-01,JAKARTA SELATAN,TEBET,1,0,201709,real_jakarta,True
2017,9,2017-09-01,JAKARTA TIMUR,CAKUNG,5,0,201709,real_jakarta,True
2017,9,2017-09-01,JAKARTA TIMUR,CIPAYUNG,0,0,201709,real_jakarta,True
2017,9,2017-09-01,JAKARTA TIMUR,CIRACAS,4,0,201709,real_jakarta,True
2017,9,2017-09-01,JAKARTA TIMUR,DUREN SAWIT,5,0,201709,real_jakarta,True
2017,9,2017-09-01,JAKARTA TIMUR,JATINEGARA,2,0,201709,real_jakarta,True
2017,9,2017-09-01,JAKARTA TIMUR,KRAMAT JATI,4,0,201709,real_jakarta,True
2017,9,2017-09-01,JAKARTA TIMUR,MAKASAR,1,0,201709,real_jakarta,True
2017,9,2017-09-01,JAKARTA TIMUR,MATRAMAN,6,0,201709,real_jakarta,True
2017,9,2017-09-01,JAKARTA TIMUR,PASAR REBO,3,0,201709,real_jakarta,True
2017,9,2017-09-01,JAKARTA TIMUR,PULO GADUNG,3,0,201709,real_jakarta,True
2017,9,2017-09-01,JAKARTA UTARA,CILINCING,4,0,201709,real_jakarta,True
2017,9,2017-09-01,JAKARTA UTARA,KELAPA GADING,1,0,201709,real_jakarta,True
2017,9,2017-09-01,JAKARTA UTARA,KOJA,0,0,201709,real_jakarta,True
2017,9,2017-09-01,JAKARTA UTARA,PADEMANGAN,3,0,201709,real_jakarta,True
2017,9,2017-09-01,JAKARTA UTARA,PENJARINGAN,1,0,201709,real_jakarta,True
2017,9,2017-09-01,JAKARTA UTARA,TANJUNG PRIOK,2,0,201709,real_jakarta,True
2017,9,2017-09-01,KABUPATEN KEPULAUAN SERIBU,KEP. SERIBU SELATAN,0,0,201709,real_jakarta,True
2017,9,2017-09-01,KABUPATEN KEPULAUAN SERIBU,KEP. SERIBU UTARA,0,0,201709,real_jakarta,True
2017,10,2017-10-01,JAKARTA BARAT,CENGKARENG,28,0,201710,real_jakarta,True
2017,10,2017-10-01,JAKARTA BARAT,GROGOL PETAMBURAN,0,0,201710,real_jakarta,True
2017,10,2017-10-01,JAKARTA BARAT,KALIDERES,11,0,201710,real_jakarta,True
2017,10,2017-10-01,JAKARTA BARAT,KEBON JERUK,3,0,201710,real_jakarta,True
2017,10,2017-10-01,JAKARTA BARAT,KEMBANGAN,7,0,201710,real_jakarta,True
2017,10,2017-10-01,JAKARTA BARAT,PALMERAH,2,0,201710,real_jakarta,True
2017,10,2017-10-01,JAKARTA BARAT,TAMAN SARI,3,0,201710,real_jakarta,True
2017,10,2017-10-01,JAKARTA BARAT,TAMBORA,4,0,201710,real_jakarta,True
2017,10,2017-10-01,JAKARTA PUSAT,CEMPAKA PUTIH,1,0,201710,real_jakarta,True
2017,10,2017-10-01,JAKARTA PUSAT,GAMBIR,1,0,201710,real_jakarta,True
2017,10,2017-10-01,JAKARTA PUSAT,JOHAR BARU,0,0,201710,real_jakarta,True
2017,10,2017-10-01,JAKARTA PUSAT,KEMAYORAN,0,0,201710,real_jakarta,True
2017,10,2017-10-01,JAKARTA PUSAT,MENTENG,2,0,201710,real_jakarta,True
2017,10,2017-10-01,JAKARTA PUSAT,SAWAH BESAR,0,0,201710,real_jakarta,True
2017,10,2017-10-01,JAKARTA PUSAT,SENEN,1,0,201710,real_jakarta,True
2017,10,2017-10-01,JAKARTA PUSAT,TANAH ABANG,0,0,201710,real_jakarta,True
2017,10,2017-10-01,JAKARTA SELATAN,CILANDAK,6,0,201710,real_jakarta,True
2017,10,2017-10-01,JAKARTA SELATAN,JAGAKARSA,4,0,201710,real_jakarta,True
2017,10,2017-10-01,JAKARTA SELATAN,KEBAYORAN BARU,3,0,201710,real_jakarta,True
2017,10,2017-10-01,JAKARTA SELATAN,KEBAYORAN LAMA,4,0,201710,real_jakarta,True
2017,10,2017-10-01,JAKARTA SELATAN,MAMPANG PRAPATAN,0,0,201710,real_jakarta,True
2017,10,2017-10-01,JAKARTA SELATAN,PANCORAN,3,0,201710,real_jakarta,True
2017,10,2017-10-01,JAKARTA SELATAN,PASAR MINGGU,3,0,201710,real_jakarta,True
2017,10,2017-10-01,JAKARTA SELATAN,PESANGGRAHAN,4,0,201710,real_jakarta,True
2017,10,2017-10-01,JAKARTA SELATAN,SETIA BUDI,0,0,201710,real_jakarta,True
2017,10,2017-10-01,JAKARTA SELATAN,TEBET,2,0,201710,real_jakarta,True
2017,10,2017-10-01,JAKARTA TIMUR,CAKUNG,11,0,201710,real_jakarta,True
2017,10,2017-10-01,JAKARTA TIMUR,CIPAYUNG,3,0,201710,real_jakarta,True
2017,10,2017-10-01,JAKARTA TIMUR,CIRACAS,5,0,201710,real_jakarta,True
2017,10,2017-10-01,JAKARTA TIMUR,DUREN SAWIT,13,0,201710,real_jakarta,True
2017,10,2017-10-01,JAKARTA TIMUR,JATINEGARA,6,0,201710,real_jakarta,True
2017,10,2017-10-01,JAKARTA TIMUR,KRAMAT JATI,4,0,201710,real_jakarta,True
2017,10,2017-10-01,JAKARTA TIMUR,MAKASAR,5,0,201710,real_jakarta,True
2017,10,2017-10-01,JAKARTA TIMUR,MATRAMAN,4,0,201710,real_jakarta,True
2017,10,2017-10-01,JAKARTA TIMUR,PASAR REBO,3,0,201710,real_jakarta,True
2017,10,2017-10-01,JAKARTA TIMUR,PULO GADUNG,4,0,201710,real_jakarta,True
2017,10,2017-10-01,JAKARTA UTARA,CILINCING,20,0,201710,real_jakarta,True
2017,10,2017-10-01,JAKARTA UTARA,KELAPA GADING,5,0,201710,real_jakarta,True
2017,10,2017-10-01,JAKARTA UTARA,KOJA,10,0,201710,real_jakarta,True
2017,10,2017-10-01,JAKARTA UTARA,PADEMANGAN,1,0,201710,real_jakarta,True
2017,10,2017-10-01,JAKARTA UTARA,PENJARINGAN,2,0,201710,real_jakarta,True
2017,10,2017-10-01,JAKARTA UTARA,TANJUNG PRIOK,15,0,201710,real_jakarta,True
2017,10,2017-10-01,KABUPATEN KEPULAUAN SERIBU,KEP. SERIBU SELATAN,0,0,201710,real_jakarta,True
2017,10,2017-10-01,KABUPATEN KEPULAUAN SERIBU,KEP. SERIBU UTARA,0,0,201710,real_jakarta,True
2017,11,2017-11-01,JAKARTA BARAT,CENGKARENG,12,0,201711,real_jakarta,True
2017,11,2017-11-01,JAKARTA BARAT,GROGOL PETAMBURAN,2,0,201711,real_jakarta,True
2017,11,2017-11-01,JAKARTA BARAT,KALIDERES,12,0,201711,real_jakarta,True
2017,11,2017-11-01,JAKARTA BARAT,KEBON JERUK,7,0,201711,real_jakarta,True
2017,11,2017-11-01,JAKARTA BARAT,KEMBANGAN,4,0,201711,real_jakarta,True
2017,11,2017-11-01,JAKARTA BARAT,PALMERAH,2,0,201711,real_jakarta,True
2017,11,2017-11-01,JAKARTA BARAT,TAMAN SARI,0,0,201711,real_jakarta,True
2017,11,2017-11-01,JAKARTA BARAT,TAMBORA,0,0,201711,real_jakarta,True
2017,11,2017-11-01,JAKARTA PUSAT,CEMPAKA PUTIH,0,0,201711,real_jakarta,True
2017,11,2017-11-01,JAKARTA PUSAT,GAMBIR,0,0,201711,real_jakarta,True
2017,11,2017-11-01,JAKARTA PUSAT,JOHAR BARU,2,0,201711,real_jakarta,True
2017,11,2017-11-01,JAKARTA PUSAT,KEMAYORAN,2,0,201711,real_jakarta,True
2017,11,2017-11-01,JAKARTA PUSAT,MENTENG,2,0,201711,real_jakarta,True
2017,11,2017-11-01,JAKARTA PUSAT,SAWAH BESAR,1,0,201711,real_jakarta,True
2017,11,2017-11-01,JAKARTA PUSAT,SENEN,0,0,201711,real_jakarta,True
2017,11,2017-11-01,JAKARTA PUSAT,TANAH ABANG,1,0,201711,real_jakarta,True
2017,11,2017-11-01,JAKARTA SELATAN,CILANDAK,2,0,201711,real_jakarta,True
2017,11,2017-11-01,JAKARTA SELATAN,JAGAKARSA,2,0,201711,real_jakarta,True
2017,11,2017-11-01,JAKARTA SELATAN,KEBAYORAN BARU,2,0,201711,real_jakarta,True
2017,11,2017-11-01,JAKARTA SELATAN,KEBAYORAN LAMA,3,0,201711,real_jakarta,True
2017,11,2017-11-01,JAKARTA SELATAN,MAMPANG PRAPATAN,5,0,201711,real_jakarta,True
2017,11,2017-11-01,JAKARTA SELATAN,PANCORAN,5,0,201711,real_jakarta,True
2017,11,2017-11-01,JAKARTA SELATAN,PASAR MINGGU,8,0,201711,real_jakarta,True
2017,11,2017-11-01,JAKARTA SELATAN,PESANGGRAHAN,7,0,201711,real_jakarta,True
2017,11,2017-11-01,JAKARTA SELATAN,SETIA BUDI,2,0,201711,real_jakarta,True
2017,11,2017-11-01,JAKARTA SELATAN,TEBET,6,0,201711,real_jakarta,True
2017,11,2017-11-01,JAKARTA TIMUR,CAKUNG,3,0,201711,real_jakarta,True
2017,11,2017-11-01,JAKARTA TIMUR,CIPAYUNG,3,0,201711,real_jakarta,True
2017,11,2017-11-01,JAKARTA TIMUR,CIRACAS,7,0,201711,real_jakarta,True
2017,11,2017-11-01,JAKARTA TIMUR,DUREN SAWIT,4,0,201711,real_jakarta,True
2017,11,2017-11-01,JAKARTA TIMUR,JATINEGARA,8,0,201711,real_jakarta,True
2017,11,2017-11-01,JAKARTA TIMUR,KRAMAT JATI,6,0,201711,real_jakarta,True
2017,11,2017-11-01,JAKARTA TIMUR,MAKASAR,2,0,201711,real_jakarta,True
2017,11,2017-11-01,JAKARTA TIMUR,MATRAMAN,5,0,201711,real_jakarta,True
2017,11,2017-11-01,JAKARTA TIMUR,PASAR REBO,12,0,201711,real_jakarta,True
2017,11,2017-11-01,JAKARTA TIMUR,PULO GADUNG,6,0,201711,real_jakarta,True
2017,11,2017-11-01,JAKARTA UTARA,CILINCING,31,0,201711,real_jakarta,True
2017,11,2017-11-01,JAKARTA UTARA,KELAPA GADING,2,0,201711,real_jakarta,True
2017,11,2017-11-01,JAKARTA UTARA,KOJA,5,0,201711,real_jakarta,True
2017,11,2017-11-01,JAKARTA UTARA,PADEMANGAN,1,0,201711,real_jakarta,True
2017,11,2017-11-01,JAKARTA UTARA,PENJARINGAN,2,0,201711,real_jakarta,True
2017,11,2017-11-01,JAKARTA UTARA,TANJUNG PRIOK,7,0,201711,real_jakarta,True
2017,11,2017-11-01,KABUPATEN KEPULAUAN SERIBU,KEP. SERIBU SELATAN,0,0,201711,real_jakarta,True
2017,11,2017-11-01,KABUPATEN KEPULAUAN SERIBU,KEP. SERIBU UTARA,0,0,201711,real_jakarta,True
2017,12,2017-12-01,JAKARTA BARAT,CENGKARENG,14,0,201712,real_jakarta,True
2017,12,2017-12-01,JAKARTA BARAT,GROGOL PETAMBURAN,4,0,201712,real_jakarta,True
2017,12,2017-12-01,JAKARTA BARAT,KALIDERES,8,0,201712,real_jakarta,True
2017,12,2017-12-01,JAKARTA BARAT,KEBON JERUK,5,0,201712,real_jakarta,True
2017,12,2017-12-01,JAKARTA BARAT,KEMBANGAN,7,0,201712,real_jakarta,True
2017,12,2017-12-01,JAKARTA BARAT,PALMERAH,3,0,201712,real_jakarta,True
2017,12,2017-12-01,JAKARTA BARAT,TAMAN SARI,0,0,201712,real_jakarta,True
2017,12,2017-12-01,JAKARTA BARAT,TAMBORA,2,0,201712,real_jakarta,True
2017,12,2017-12-01,JAKARTA PUSAT,CEMPAKA PUTIH,2,0,201712,real_jakarta,True
2017,12,2017-12-01,JAKARTA PUSAT,GAMBIR,0,0,201712,real_jakarta,True
2017,12,2017-12-01,JAKARTA PUSAT,JOHAR BARU,0,0,201712,real_jakarta,True
2017,12,2017-12-01,JAKARTA PUSAT,KEMAYORAN,4,0,201712,real_jakarta,True
2017,12,2017-12-01,JAKARTA PUSAT,MENTENG,0,0,201712,real_jakarta,True
2017,12,2017-12-01,JAKARTA PUSAT,SAWAH BESAR,0,0,201712,real_jakarta,True
2017,12,2017-12-01,JAKARTA PUSAT,SENEN,0,0,201712,real_jakarta,True
2017,12,2017-12-01,JAKARTA PUSAT,TANAH ABANG,2,0,201712,real_jakarta,True
2017,12,2017-12-01,JAKARTA SELATAN,CILANDAK,1,0,201712,real_jakarta,True
2017,12,2017-12-01,JAKARTA SELATAN,JAGAKARSA,6,0,201712,real_jakarta,True
2017,12,2017-12-01,JAKARTA SELATAN,KEBAYORAN BARU,7,0,201712,real_jakarta,True
2017,12,2017-12-01,JAKARTA SELATAN,KEBAYORAN LAMA,6,0,201712,real_jakarta,True
2017,12,2017-12-01,JAKARTA SELATAN,MAMPANG PRAPATAN,0,0,201712,real_jakarta,True
2017,12,2017-12-01,JAKARTA SELATAN,PANCORAN,1,0,201712,real_jakarta,True
2017,12,2017-12-01,JAKARTA SELATAN,PASAR MINGGU,12,0,201712,real_jakarta,True
2017,12,2017-12-01,JAKARTA SELATAN,PESANGGRAHAN,7,0,201712,real_jakarta,True
2017,12,2017-12-01,JAKARTA SELATAN,SETIA BUDI,5,0,201712,real_jakarta,True
2017,12,2017-12-01,JAKARTA SELATAN,TEBET,6,0,201712,real_jakarta,True
2017,12,2017-12-01,JAKARTA TIMUR,CAKUNG,5,0,201712,real_jakarta,True
2017,12,2017-12-01,JAKARTA TIMUR,CIPAYUNG,6,0,201712,real_jakarta,True
2017,12,2017-12-01,JAKARTA TIMUR,CIRACAS,5,0,201712,real_jakarta,True
2017,12,2017-12-01,JAKARTA TIMUR,DUREN SAWIT,1,0,201712,real_jakarta,True
2017,12,2017-12-01,JAKARTA TIMUR,JATINEGARA,6,0,201712,real_jakarta,True
2017,12,2017-12-01,JAKARTA TIMUR,KRAMAT JATI,5,0,201712,real_jakarta,True
2017,12,2017-12-01,JAKARTA TIMUR,MAKASAR,2,0,201712,real_jakarta,True
2017,12,2017-12-01,JAKARTA TIMUR,MATRAMAN,1,0,201712,real_jakarta,True
2017,12,2017-12-01,JAKARTA TIMUR,PASAR REBO,7,0,201712,real_jakarta,True
2017,12,2017-12-01,JAKARTA TIMUR,PULO GADUNG,11,0,201712,real_jakarta,True
2017,12,2017-12-01,JAKARTA UTARA,CILINCING,5,0,201712,real_jakarta,True
2017,12,2017-12-01,JAKARTA UTARA,KELAPA GADING,2,0,201712,real_jakarta,True
2017,12,2017-12-01,JAKARTA UTARA,KOJA,2,0,201712,real_jakarta,True
2017,12,2017-12-01,JAKARTA UTARA,PADEMANGAN,2,0,201712,real_jakarta,True
2017,12,2017-12-01,JAKARTA UTARA,PENJARINGAN,4,0,201712,real_jakarta,True
2017,12,2017-12-01,JAKARTA UTARA,TANJUNG PRIOK,12,0,201712,real_jakarta,True
2017,12,2017-12-01,KABUPATEN KEPULAUAN SERIBU,KEP. SERIBU SELATAN,0,0,201712,real_jakarta,True
2017,12,2017-12-01,KABUPATEN KEPULAUAN SERIBU,KEP. SERIBU UTARA,0,0,201712,real_jakarta,True
2018,1,2018-01-01,JAKARTA BARAT,CENGKARENG,19,0,201801,real_jakarta,True
2018,1,2018-01-01,JAKARTA BARAT,GROGOL PETAMBURAN,14,0,201801,real_jakarta,True
2018,1,2018-01-01,JAKARTA BARAT,KALIDERES,3,0,201801,real_jakarta,True
2018,1,2018-01-01,JAKARTA BARAT,KEBON JERUK,11,0,201801,real_jakarta,True
2018,1,2018-01-01,JAKARTA BARAT,KEMBANGAN,10,0,201801,real_jakarta,True
2018,1,2018-01-01,JAKARTA BARAT,PALMERAH,6,0,201801,real_jakarta,True
2018,1,2018-01-01,JAKARTA BARAT,TAMAN SARI,1,0,201801,real_jakarta,True
2018,1,2018-01-01,JAKARTA BARAT,TAMBORA,0,0,201801,real_jakarta,True
2018,1,2018-01-01,JAKARTA PUSAT,CEMPAKA PUTIH,3,0,201801,real_jakarta,True
2018,1,2018-01-01,JAKARTA PUSAT,GAMBIR,0,0,201801,real_jakarta,True
2018,1,2018-01-01,JAKARTA PUSAT,JOHAR BARU,2,0,201801,real_jakarta,True
2018,1,2018-01-01,JAKARTA PUSAT,KEMAYORAN,5,0,201801,real_jakarta,True
2018,1,2018-01-01,JAKARTA PUSAT,MENTENG,1,0,201801,real_jakarta,True
2018,1,2018-01-01,JAKARTA PUSAT,SAWAH BESAR,0,0,201801,real_jakarta,True
2018,1,2018-01-01,JAKARTA PUSAT,SENEN,0,0,201801,real_jakarta,True
2018,1,2018-01-01,JAKARTA PUSAT,TANAH ABANG,6,0,201801,real_jakarta,True
2018,1,2018-01-01,JAKARTA SELATAN,CILANDAK,1,0,201801,real_jakarta,True
2018,1,2018-01-01,JAKARTA SELATAN,JAGAKARSA,12,0,201801,real_jakarta,True
2018,1,2018-01-01,JAKARTA SELATAN,KEBAYORAN BARU,0,0,201801,real_jakarta,True
2018,1,2018-01-01,JAKARTA SELATAN,KEBAYORAN LAMA,1,0,201801,real_jakarta,True
2018,1,2018-01-01,JAKARTA SELATAN,MAMPANG PRAPATAN,1,0,201801,real_jakarta,True
2018,1,2018-01-01,JAKARTA SELATAN,PANCORAN,2,0,201801,real_jakarta,True
2018,1,2018-01-01,JAKARTA SELATAN,PASAR MINGGU,14,0,201801,real_jakarta,True
2018,1,2018-01-01,JAKARTA SELATAN,PESANGGRAHAN,4,0,201801,real_jakarta,True
2018,1,2018-01-01,JAKARTA SELATAN,SETIA BUDI,6,0,201801,real_jakarta,True
2018,1,2018-01-01,JAKARTA SELATAN,TEBET,1,0,201801,real_jakarta,True
2018,1,2018-01-01,JAKARTA TIMUR,CAKUNG,5,0,201801,real_jakarta,True
2018,1,2018-01-01,JAKARTA TIMUR,CIPAYUNG,4,0,201801,real_jakarta,True
2018,1,2018-01-01,JAKARTA TIMUR,CIRACAS,10,0,201801,real_jakarta,True
2018,1,2018-01-01,JAKARTA TIMUR,DUREN SAWIT,6,0,201801,real_jakarta,True
2018,1,2018-01-01,JAKARTA TIMUR,JATINEGARA,1,0,201801,real_jakarta,True
2018,1,2018-01-01,JAKARTA TIMUR,KRAMAT JATI,5,0,201801,real_jakarta,True
2018,1,2018-01-01,JAKARTA TIMUR,MAKASAR,0,0,201801,real_jakarta,True
2018,1,2018-01-01,JAKARTA TIMUR,MATRAMAN,7,0,201801,real_jakarta,True
2018,1,2018-01-01,JAKARTA TIMUR,PASAR REBO,11,0,201801,real_jakarta,True
2018,1,2018-01-01,JAKARTA TIMUR,PULO GADUNG,3,0,201801,real_jakarta,True
2018,1,2018-01-01,JAKARTA UTARA,CILINCING,5,0,201801,real_jakarta,True
2018,1,2018-01-01,JAKARTA UTARA,KELAPA GADING,2,0,201801,real_jakarta,True
2018,1,2018-01-01,JAKARTA UTARA,KOJA,1,0,201801,real_jakarta,True
2018,1,2018-01-01,JAKARTA UTARA,PADEMANGAN,1,0,201801,real_jakarta,True
2018,1,2018-01-01,JAKARTA UTARA,PENJARINGAN,1,0,201801,real_jakarta,True
2018,1,2018-01-01,JAKARTA UTARA,TANJUNG PRIOK,15,0,201801,real_jakarta,True
2018,1,2018-01-01,KABUPATEN KEPULAUAN SERIBU,KEP. SERIBU SELATAN,0,0,201801,real_jakarta,True
2018,1,2018-01-01,KABUPATEN KEPULAUAN SERIBU,KEP. SERIBU UTARA,0,0,201801,real_jakarta,True
2018,2,2018-02-01,JAKARTA BARAT,CENGKARENG,18,0,201802,real_jakarta,True
2018,2,2018-02-01,JAKARTA BARAT,GROGOL PETAMBURAN,7,0,201802,real_jakarta,True
2018,2,2018-02-01,JAKARTA BARAT,KALIDERES,12,0,201802,real_jakarta,True
2018,2,2018-02-01,JAKARTA BARAT,KEBON JERUK,4,0,201802,real_jakarta,True
2018,2,2018-02-01,JAKARTA BARAT,KEMBANGAN,11,0,201802,real_jakarta,True
2018,2,2018-02-01,JAKARTA BARAT,PALMERAH,5,0,201802,real_jakarta,True
2018,2,2018-02-01,JAKARTA BARAT,TAMAN SARI,0,0,201802,real_jakarta,True
2018,2,2018-02-01,JAKARTA BARAT,TAMBORA,2,0,201802,real_jakarta,True
2018,2,2018-02-01,JAKARTA PUSAT,CEMPAKA PUTIH,1,0,201802,real_jakarta,True
2018,2,2018-02-01,JAKARTA PUSAT,GAMBIR,1,0,201802,real_jakarta,True
2018,2,2018-02-01,JAKARTA PUSAT,JOHAR BARU,1,0,201802,real_jakarta,True
2018,2,2018-02-01,JAKARTA PUSAT,KEMAYORAN,2,0,201802,real_jakarta,True
2018,2,2018-02-01,JAKARTA PUSAT,MENTENG,2,0,201802,real_jakarta,True
2018,2,2018-02-01,JAKARTA PUSAT,SAWAH BESAR,0,0,201802,real_jakarta,True
2018,2,2018-02-01,JAKARTA PUSAT,SENEN,0,0,201802,real_jakarta,True
2018,2,2018-02-01,JAKARTA PUSAT,TANAH ABANG,2,0,201802,real_jakarta,True
2018,2,2018-02-01,JAKARTA SELATAN,CILANDAK,2,0,201802,real_jakarta,True
2018,2,2018-02-01,JAKARTA SELATAN,JAGAKARSA,10,0,201802,real_jakarta,True
2018,2,2018-02-01,JAKARTA SELATAN,KEBAYORAN BARU,2,0,201802,real_jakarta,True
2018,2,2018-02-01,JAKARTA SELATAN,KEBAYORAN LAMA,4,0,201802,real_jakarta,True
2018,2,2018-02-01,JAKARTA SELATAN,MAMPANG PRAPATAN,2,0,201802,real_jakarta,True
2018,2,2018-02-01,JAKARTA SELATAN,PANCORAN,5,0,201802,real_jakarta,True
2018,2,2018-02-01,JAKARTA SELATAN,PASAR MINGGU,9,0,201802,real_jakarta,True
2018,2,2018-02-01,JAKARTA SELATAN,PESANGGRAHAN,6,0,201802,real_jakarta,True
2018,2,2018-02-01,JAKARTA SELATAN,SETIA BUDI,4,0,201802,real_jakarta,True
2018,2,2018-02-01,JAKARTA SELATAN,TEBET,7,0,201802,real_jakarta,True
2018,2,2018-02-01,JAKARTA TIMUR,CAKUNG,8,0,201802,real_jakarta,True
2018,2,2018-02-01,JAKARTA TIMUR,CIPAYUNG,2,0,201802,real_jakarta,True
2018,2,2018-02-01,JAKARTA TIMUR,CIRACAS,7,0,201802,real_jakarta,True
2018,2,2018-02-01,JAKARTA TIMUR,DUREN SAWIT,7,0,201802,real_jakarta,True
2018,2,2018-02-01,JAKARTA TIMUR,JATINEGARA,3,0,201802,real_jakarta,True
2018,2,2018-02-01,JAKARTA TIMUR,KRAMAT JATI,6,0,201802,real_jakarta,True
2018,2,2018-02-01,JAKARTA TIMUR,MAKASAR,3,0,201802,real_jakarta,True
2018,2,2018-02-01,JAKARTA TIMUR,MATRAMAN,2,0,201802,real_jakarta,True
2018,2,2018-02-01,JAKARTA TIMUR,PASAR REBO,7,0,201802,real_jakarta,True
2018,2,2018-02-01,JAKARTA TIMUR,PULO GADUNG,10,0,201802,real_jakarta,True
2018,2,2018-02-01,JAKARTA UTARA,CILINCING,1,0,201802,real_jakarta,True
2018,2,2018-02-01,JAKARTA UTARA,KELAPA GADING,3,0,201802,real_jakarta,True
2018,2,2018-02-01,JAKARTA UTARA,KOJA,1,0,201802,real_jakarta,True
2018,2,2018-02-01,JAKARTA UTARA,PADEMANGAN,1,0,201802,real_jakarta,True
2018,2,2018-02-01,JAKARTA UTARA,PENJARINGAN,3,0,201802,real_jakarta,True
2018,2,2018-02-01,JAKARTA UTARA,TANJUNG PRIOK,15,0,201802,real_jakarta,True
2018,2,2018-02-01,KABUPATEN KEPULAUAN SERIBU,KEP. SERIBU SELATAN,0,0,201802,real_jakarta,True
2018,2,2018-02-01,KABUPATEN KEPULAUAN SERIBU,KEP. SERIBU UTARA,0,0,201802,real_jakarta,True
2018,3,2018-03-01,JAKARTA BARAT,CENGKARENG,26,0,201803,real_jakarta,True
2018,3,2018-03-01,JAKARTA BARAT,GROGOL PETAMBURAN,13,0,201803,real_jakarta,True
2018,3,2018-03-01,JAKARTA BARAT,KALIDERES,19,0,201803,real_jakarta,True
2018,3,2018-03-01,JAKARTA BARAT,KEBON JERUK,11,0,201803,real_jakarta,True
2018,3,2018-03-01,JAKARTA BARAT,KEMBANGAN,14,0,201803,real_jakarta,True
2018,3,2018-03-01,JAKARTA BARAT,PALMERAH,5,0,201803,real_jakarta,True
2018,3,2018-03-01,JAKARTA BARAT,TAMAN SARI,2,0,201803,real_jakarta,True
2018,3,2018-03-01,JAKARTA BARAT,TAMBORA,5,0,201803,real_jakarta,True
2018,3,2018-03-01,JAKARTA PUSAT,CEMPAKA PUTIH,3,0,201803,real_jakarta,True
2018,3,2018-03-01,JAKARTA PUSAT,GAMBIR,2,0,201803,real_jakarta,True
2018,3,2018-03-01,JAKARTA PUSAT,JOHAR BARU,0,0,201803,real_jakarta,True
2018,3,2018-03-01,JAKARTA PUSAT,KEMAYORAN,3,0,201803,real_jakarta,True
2018,3,2018-03-01,JAKARTA PUSAT,MENTENG,1,0,201803,real_jakarta,True
2018,3,2018-03-01,JAKARTA PUSAT,SAWAH BESAR,1,0,201803,real_jakarta,True
2018,3,2018-03-01,JAKARTA PUSAT,SENEN,0,0,201803,real_jakarta,True
2018,3,2018-03-01,JAKARTA PUSAT,TANAH ABANG,1,0,201803,real_jakarta,True
2018,3,2018-03-01,JAKARTA SELATAN,CILANDAK,1,0,201803,real_jakarta,True
2018,3,2018-03-01,JAKARTA SELATAN,JAGAKARSA,4,0,201803,real_jakarta,True
2018,3,2018-03-01,JAKARTA SELATAN,KEBAYORAN BARU,5,0,201803,real_jakarta,True
2018,3,2018-03-01,JAKARTA SELATAN,KEBAYORAN LAMA,9,0,201803,real_jakarta,True
2018,3,2018-03-01,JAKARTA SELATAN,MAMPANG PRAPATAN,6,0,201803,real_jakarta,True
2018,3,2018-03-01,JAKARTA SELATAN,PANCORAN,7,0,201803,real_jakarta,True
2018,3,2018-03-01,JAKARTA SELATAN,PASAR MINGGU,13,0,201803,real_jakarta,True
2018,3,2018-03-01,JAKARTA SELATAN,PESANGGRAHAN,3,0,201803,real_jakarta,True
2018,3,2018-03-01,JAKARTA SELATAN,SETIA BUDI,3,0,201803,real_jakarta,True
2018,3,2018-03-01,JAKARTA SELATAN,TEBET,9,0,201803,real_jakarta,True
2018,3,2018-03-01,JAKARTA TIMUR,CAKUNG,11,0,201803,real_jakarta,True
2018,3,2018-03-01,JAKARTA TIMUR,CIPAYUNG,4,0,201803,real_jakarta,True
2018,3,2018-03-01,JAKARTA TIMUR,CIRACAS,12,0,201803,real_jakarta,True
2018,3,2018-03-01,JAKARTA TIMUR,DUREN SAWIT,10,0,201803,real_jakarta,True
2018,3,2018-03-01,JAKARTA TIMUR,JATINEGARA,7,0,201803,real_jakarta,True
2018,3,2018-03-01,JAKARTA TIMUR,KRAMAT JATI,3,0,201803,real_jakarta,True
2018,3,2018-03-01,JAKARTA TIMUR,MAKASAR,1,0,201803,real_jakarta,True
2018,3,2018-03-01,JAKARTA TIMUR,MATRAMAN,12,0,201803,real_jakarta,True
2018,3,2018-03-01,JAKARTA TIMUR,PASAR REBO,8,0,201803,real_jakarta,True
2018,3,2018-03-01,JAKARTA TIMUR,PULO GADUNG,12,0,201803,real_jakarta,True
2018,3,2018-03-01,JAKARTA UTARA,CILINCING,8,0,201803,real_jakarta,True
2018,3,2018-03-01,JAKARTA UTARA,KELAPA GADING,2,0,201803,real_jakarta,True
2018,3,2018-03-01,JAKARTA UTARA,KOJA,3,0,201803,real_jakarta,True
2018,3,2018-03-01,JAKARTA UTARA,PADEMANGAN,1,0,201803,real_jakarta,True
2018,3,2018-03-01,JAKARTA UTARA,PENJARINGAN,4,0,201803,real_jakarta,True
2018,3,2018-03-01,JAKARTA UTARA,TANJUNG PRIOK,22,0,201803,real_jakarta,True
2018,3,2018-03-01,KABUPATEN KEPULAUAN SERIBU,KEP. SERIBU SELATAN,0,0,201803,real_jakarta,True
2018,3,2018-03-01,KABUPATEN KEPULAUAN SERIBU,KEP. SERIBU UTARA,0,0,201803,real_jakarta,True
2018,4,2018-04-01,JAKARTA BARAT,CENGKARENG,36,0,201804,real_jakarta,True
2018,4,2018-04-01,JAKARTA BARAT,GROGOL PETAMBURAN,31,0,201804,real_jakarta,True
2018,4,2018-04-01,JAKARTA BARAT,KALIDERES,20,0,201804,real_jakarta,True
2018,4,2018-04-01,JAKARTA BARAT,KEBON JERUK,9,0,201804,real_jakarta,True
2018,4,2018-04-01,JAKARTA BARAT,KEMBANGAN,19,0,201804,real_jakarta,True
2018,4,2018-04-01,JAKARTA BARAT,PALMERAH,8,0,201804,real_jakarta,True
2018,4,2018-04-01,JAKARTA BARAT,TAMAN SARI,5,0,201804,real_jakarta,True
2018,4,2018-04-01,JAKARTA BARAT,TAMBORA,14,0,201804,real_jakarta,True
2018,4,2018-04-01,JAKARTA PUSAT,CEMPAKA PUTIH,4,0,201804,real_jakarta,True
2018,4,2018-04-01,JAKARTA PUSAT,GAMBIR,0,0,201804,real_jakarta,True
2018,4,2018-04-01,JAKARTA PUSAT,JOHAR BARU,1,0,201804,real_jakarta,True
2018,4,2018-04-01,JAKARTA PUSAT,KEMAYORAN,16,0,201804,real_jakarta,True
2018,4,2018-04-01,JAKARTA PUSAT,MENTENG,2,0,201804,real_jakarta,True
2018,4,2018-04-01,JAKARTA PUSAT,SAWAH BESAR,0,0,201804,real_jakarta,True
2018,4,2018-04-01,JAKARTA PUSAT,SENEN,1,0,201804,real_jakarta,True
2018,4,2018-04-01,JAKARTA PUSAT,TANAH ABANG,1,0,201804,real_jakarta,True
2018,4,2018-04-01,JAKARTA SELATAN,CILANDAK,1,0,201804,real_jakarta,True
2018,4,2018-04-01,JAKARTA SELATAN,JAGAKARSA,15,0,201804,real_jakarta,True
2018,4,2018-04-01,JAKARTA SELATAN,KEBAYORAN BARU,9,0,201804,real_jakarta,True
2018,4,2018-04-01,JAKARTA SELATAN,KEBAYORAN LAMA,4,0,201804,real_jakarta,True
2018,4,2018-04-01,JAKARTA SELATAN,MAMPANG PRAPATAN,2,0,201804,real_jakarta,True
2018,4,2018-04-01,JAKARTA SELATAN,PANCORAN,7,0,201804,real_jakarta,True
2018,4,2018-04-01,JAKARTA SELATAN,PASAR MINGGU,14,0,201804,real_jakarta,True
2018,4,2018-04-01,JAKARTA SELATAN,PESANGGRAHAN,11,0,201804,real_jakarta,True
2018,4,2018-04-01,JAKARTA SELATAN,SETIA BUDI,7,0,201804,real_jakarta,True
2018,4,2018-04-01,JAKARTA SELATAN,TEBET,16,0,201804,real_jakarta,True
2018,4,2018-04-01,JAKARTA TIMUR,CAKUNG,19,0,201804,real_jakarta,True
2018,4,2018-04-01,JAKARTA TIMUR,CIPAYUNG,1,0,201804,real_jakarta,True
2018,4,2018-04-01,JAKARTA TIMUR,CIRACAS,18,0,201804,real_jakarta,True
2018,4,2018-04-01,JAKARTA TIMUR,DUREN SAWIT,13,0,201804,real_jakarta,True
2018,4,2018-04-01,JAKARTA TIMUR,JATINEGARA,15,0,201804,real_jakarta,True
2018,4,2018-04-01,JAKARTA TIMUR,KRAMAT JATI,4,0,201804,real_jakarta,True
2018,4,2018-04-01,JAKARTA TIMUR,MAKASAR,4,0,201804,real_jakarta,True
2018,4,2018-04-01,JAKARTA TIMUR,MATRAMAN,23,0,201804,real_jakarta,True
2018,4,2018-04-01,JAKARTA TIMUR,PASAR REBO,17,0,201804,real_jakarta,True
2018,4,2018-04-01,JAKARTA TIMUR,PULO GADUNG,19,0,201804,real_jakarta,True
2018,4,2018-04-01,JAKARTA UTARA,CILINCING,5,0,201804,real_jakarta,True
2018,4,2018-04-01,JAKARTA UTARA,KELAPA GADING,4,0,201804,real_jakarta,True
2018,4,2018-04-01,JAKARTA UTARA,KOJA,2,0,201804,real_jakarta,True
2018,4,2018-04-01,JAKARTA UTARA,PADEMANGAN,1,0,201804,real_jakarta,True
2018,4,2018-04-01,JAKARTA UTARA,PENJARINGAN,5,0,201804,real_jakarta,True
2018,4,2018-04-01,JAKARTA UTARA,TANJUNG PRIOK,14,0,201804,real_jakarta,True
2018,4,2018-04-01,KABUPATEN KEPULAUAN SERIBU,KEP. SERIBU SELATAN,0,0,201804,real_jakarta,True
2018,4,2018-04-01,KABUPATEN KEPULAUAN SERIBU,KEP. SERIBU UTARA,0,0,201804,real_jakarta,True
2018,5,2018-05-01,JAKARTA BARAT,CENGKARENG,33,0,201805,real_jakarta,True
2018,5,2018-05-01,JAKARTA BARAT,GROGOL PETAMBURAN,46,0,201805,real_jakarta,True
2018,5,2018-05-01,JAKARTA BARAT,KALIDERES,23,0,201805,real_jakarta,True
2018,5,2018-05-01,JAKARTA BARAT,KEBON JERUK,7,0,201805,real_jakarta,True
2018,5,2018-05-01,JAKARTA BARAT,KEMBANGAN,12,0,201805,real_jakarta,True
2018,5,2018-05-01,JAKARTA BARAT,PALMERAH,17,0,201805,real_jakarta,True
2018,5,2018-05-01,JAKARTA BARAT,TAMAN SARI,2,0,201805,real_jakarta,True
2018,5,2018-05-01,JAKARTA BARAT,TAMBORA,11,0,201805,real_jakarta,True
2018,5,2018-05-01,JAKARTA PUSAT,CEMPAKA PUTIH,3,0,201805,real_jakarta,True
2018,5,2018-05-01,JAKARTA PUSAT,GAMBIR,2,0,201805,real_jakarta,True
2018,5,2018-05-01,JAKARTA PUSAT,JOHAR BARU,5,0,201805,real_jakarta,True
2018,5,2018-05-01,JAKARTA PUSAT,KEMAYORAN,10,0,201805,real_jakarta,True
2018,5,2018-05-01,JAKARTA PUSAT,MENTENG,0,0,201805,real_jakarta,True
2018,5,2018-05-01,JAKARTA PUSAT,SAWAH BESAR,1,0,201805,real_jakarta,True
2018,5,2018-05-01,JAKARTA PUSAT,SENEN,1,0,201805,real_jakarta,True
2018,5,2018-05-01,JAKARTA PUSAT,TANAH ABANG,1,0,201805,real_jakarta,True
2018,5,2018-05-01,JAKARTA SELATAN,CILANDAK,9,0,201805,real_jakarta,True
2018,5,2018-05-01,JAKARTA SELATAN,JAGAKARSA,12,0,201805,real_jakarta,True
2018,5,2018-05-01,JAKARTA SELATAN,KEBAYORAN BARU,12,0,201805,real_jakarta,True
2018,5,2018-05-01,JAKARTA SELATAN,KEBAYORAN LAMA,16,1,201805,real_jakarta,True
2018,5,2018-05-01,JAKARTA SELATAN,MAMPANG PRAPATAN,2,0,201805,real_jakarta,True
2018,5,2018-05-01,JAKARTA SELATAN,PANCORAN,11,0,201805,real_jakarta,True
2018,5,2018-05-01,JAKARTA SELATAN,PASAR MINGGU,20,0,201805,real_jakarta,True
2018,5,2018-05-01,JAKARTA SELATAN,PESANGGRAHAN,15,0,201805,real_jakarta,True
2018,5,2018-05-01,JAKARTA SELATAN,SETIA BUDI,13,0,201805,real_jakarta,True
2018,5,2018-05-01,JAKARTA SELATAN,TEBET,22,0,201805,real_jakarta,True
2018,5,2018-05-01,JAKARTA TIMUR,CAKUNG,27,0,201805,real_jakarta,True
2018,5,2018-05-01,JAKARTA TIMUR,CIPAYUNG,2,0,201805,real_jakarta,True
2018,5,2018-05-01,JAKARTA TIMUR,CIRACAS,8,0,201805,real_jakarta,True
2018,5,2018-05-01,JAKARTA TIMUR,DUREN SAWIT,35,0,201805,real_jakarta,True
2018,5,2018-05-01,JAKARTA TIMUR,JATINEGARA,14,0,201805,real_jakarta,True
2018,5,2018-05-01,JAKARTA TIMUR,KRAMAT JATI,8,0,201805,real_jakarta,True
2018,5,2018-05-01,JAKARTA TIMUR,MAKASAR,7,0,201805,real_jakarta,True
2018,5,2018-05-01,JAKARTA TIMUR,MATRAMAN,18,0,201805,real_jakarta,True
2018,5,2018-05-01,JAKARTA TIMUR,PASAR REBO,10,0,201805,real_jakarta,True
2018,5,2018-05-01,JAKARTA TIMUR,PULO GADUNG,20,0,201805,real_jakarta,True
2018,5,2018-05-01,JAKARTA UTARA,CILINCING,8,0,201805,real_jakarta,True
2018,5,2018-05-01,JAKARTA UTARA,KELAPA GADING,4,0,201805,real_jakarta,True
2018,5,2018-05-01,JAKARTA UTARA,KOJA,1,0,201805,real_jakarta,True
2018,5,2018-05-01,JAKARTA UTARA,PADEMANGAN,4,0,201805,real_jakarta,True
2018,5,2018-05-01,JAKARTA UTARA,PENJARINGAN,5,0,201805,real_jakarta,True
2018,5,2018-05-01,JAKARTA UTARA,TANJUNG PRIOK,19,0,201805,real_jakarta,True
2018,5,2018-05-01,KABUPATEN KEPULAUAN SERIBU,KEP. SERIBU SELATAN,0,0,201805,real_jakarta,True
2018,5,2018-05-01,KABUPATEN KEPULAUAN SERIBU,KEP. SERIBU UTARA,0,0,201805,real_jakarta,True
2018,6,2018-06-01,JAKARTA BARAT,CENGKARENG,30,0,201806,real_jakarta,True
2018,6,2018-06-01,JAKARTA BARAT,GROGOL PETAMBURAN,15,0,201806,real_jakarta,True
2018,6,2018-06-01,JAKARTA BARAT,KALIDERES,21,0,201806,real_jakarta,True
2018,6,2018-06-01,JAKARTA BARAT,KEBON JERUK,7,0,201806,real_jakarta,True
2018,6,2018-06-01,JAKARTA BARAT,KEMBANGAN,10,0,201806,real_jakarta,True
2018,6,2018-06-01,JAKARTA BARAT,PALMERAH,9,0,201806,real_jakarta,True
2018,6,2018-06-01,JAKARTA BARAT,TAMAN SARI,3,0,201806,real_jakarta,True
2018,6,2018-06-01,JAKARTA BARAT,TAMBORA,3,0,201806,real_jakarta,True
2018,6,2018-06-01,JAKARTA PUSAT,CEMPAKA PUTIH,2,0,201806,real_jakarta,True
2018,6,2018-06-01,JAKARTA PUSAT,GAMBIR,0,0,201806,real_jakarta,True
2018,6,2018-06-01,JAKARTA PUSAT,JOHAR BARU,1,0,201806,real_jakarta,True
2018,6,2018-06-01,JAKARTA PUSAT,KEMAYORAN,2,0,201806,real_jakarta,True
2018,6,2018-06-01,JAKARTA PUSAT,MENTENG,1,0,201806,real_jakarta,True
2018,6,2018-06-01,JAKARTA PUSAT,SAWAH BESAR,0,0,201806,real_jakarta,True
2018,6,2018-06-01,JAKARTA PUSAT,SENEN,1,0,201806,real_jakarta,True
2018,6,2018-06-01,JAKARTA PUSAT,TANAH ABANG,0,0,201806,real_jakarta,True
2018,6,2018-06-01,JAKARTA SELATAN,CILANDAK,1,0,201806,real_jakarta,True
2018,6,2018-06-01,JAKARTA SELATAN,JAGAKARSA,10,0,201806,real_jakarta,True
2018,6,2018-06-01,JAKARTA SELATAN,KEBAYORAN BARU,7,0,201806,real_jakarta,True
2018,6,2018-06-01,JAKARTA SELATAN,KEBAYORAN LAMA,8,0,201806,real_jakarta,True
2018,6,2018-06-01,JAKARTA SELATAN,MAMPANG PRAPATAN,3,0,201806,real_jakarta,True
2018,6,2018-06-01,JAKARTA SELATAN,PANCORAN,8,0,201806,real_jakarta,True
2018,6,2018-06-01,JAKARTA SELATAN,PASAR MINGGU,17,0,201806,real_jakarta,True
2018,6,2018-06-01,JAKARTA SELATAN,PESANGGRAHAN,6,0,201806,real_jakarta,True
2018,6,2018-06-01,JAKARTA SELATAN,SETIA BUDI,2,0,201806,real_jakarta,True
2018,6,2018-06-01,JAKARTA SELATAN,TEBET,7,0,201806,real_jakarta,True
2018,6,2018-06-01,JAKARTA TIMUR,CAKUNG,15,0,201806,real_jakarta,True
2018,6,2018-06-01,JAKARTA TIMUR,CIPAYUNG,9,0,201806,real_jakarta,True
2018,6,2018-06-01,JAKARTA TIMUR,CIRACAS,11,0,201806,real_jakarta,True
2018,6,2018-06-01,JAKARTA TIMUR,DUREN SAWIT,19,0,201806,real_jakarta,True
2018,6,2018-06-01,JAKARTA TIMUR,JATINEGARA,5,0,201806,real_jakarta,True
2018,6,2018-06-01,JAKARTA TIMUR,KRAMAT JATI,11,0,201806,real_jakarta,True
2018,6,2018-06-01,JAKARTA TIMUR,MAKASAR,4,0,201806,real_jakarta,True
2018,6,2018-06-01,JAKARTA TIMUR,MATRAMAN,12,0,201806,real_jakarta,True
2018,6,2018-06-01,JAKARTA TIMUR,PASAR REBO,6,0,201806,real_jakarta,True
2018,6,2018-06-01,JAKARTA TIMUR,PULO GADUNG,12,0,201806,real_jakarta,True
2018,6,2018-06-01,JAKARTA UTARA,CILINCING,4,0,201806,real_jakarta,True
2018,6,2018-06-01,JAKARTA UTARA,KELAPA GADING,2,0,201806,real_jakarta,True
2018,6,2018-06-01,JAKARTA UTARA,KOJA,1,0,201806,real_jakarta,True
2018,6,2018-06-01,JAKARTA UTARA,PADEMANGAN,3,0,201806,real_jakarta,True
2018,6,2018-06-01,JAKARTA UTARA,PENJARINGAN,2,0,201806,real_jakarta,True
2018,6,2018-06-01,JAKARTA UTARA,TANJUNG PRIOK,12,0,201806,real_jakarta,True
2018,6,2018-06-01,KABUPATEN KEPULAUAN SERIBU,KEP. SERIBU SELATAN,0,0,201806,real_jakarta,True
2018,6,2018-06-01,KABUPATEN KEPULAUAN SERIBU,KEP. SERIBU UTARA,4,0,201806,real_jakarta,True
2018,7,2018-07-01,JAKARTA BARAT,CENGKARENG,21,0,201807,real_jakarta,True
2018,7,2018-07-01,JAKARTA BARAT,GROGOL PETAMBURAN,7,0,201807,real_jakarta,True
2018,7,2018-07-01,JAKARTA BARAT,KALIDERES,12,0,201807,real_jakarta,True
2018,7,2018-07-01,JAKARTA BARAT,KEBON JERUK,3,0,201807,real_jakarta,True
2018,7,2018-07-01,JAKARTA BARAT,KEMBANGAN,5,0,201807,real_jakarta,True
2018,7,2018-07-01,JAKARTA BARAT,PALMERAH,4,0,201807,real_jakarta,True
2018,7,2018-07-01,JAKARTA BARAT,TAMAN SARI,0,0,201807,real_jakarta,True
2018,7,2018-07-01,JAKARTA BARAT,TAMBORA,7,0,201807,real_jakarta,True
2018,7,2018-07-01,JAKARTA PUSAT,CEMPAKA PUTIH,2,0,201807,real_jakarta,True
2018,7,2018-07-01,JAKARTA PUSAT,GAMBIR,0,0,201807,real_jakarta,True
2018,7,2018-07-01,JAKARTA PUSAT,JOHAR BARU,2,0,201807,real_jakarta,True
2018,7,2018-07-01,JAKARTA PUSAT,KEMAYORAN,1,0,201807,real_jakarta,True
2018,7,2018-07-01,JAKARTA PUSAT,MENTENG,1,0,201807,real_jakarta,True
2018,7,2018-07-01,JAKARTA PUSAT,SAWAH BESAR,0,0,201807,real_jakarta,True
2018,7,2018-07-01,JAKARTA PUSAT,SENEN,1,0,201807,real_jakarta,True
2018,7,2018-07-01,JAKARTA PUSAT,TANAH ABANG,0,0,201807,real_jakarta,True
2018,7,2018-07-01,JAKARTA SELATAN,CILANDAK,4,0,201807,real_jakarta,True
2018,7,2018-07-01,JAKARTA SELATAN,JAGAKARSA,10,0,201807,real_jakarta,True
2018,7,2018-07-01,JAKARTA SELATAN,KEBAYORAN BARU,1,0,201807,real_jakarta,True
2018,7,2018-07-01,JAKARTA SELATAN,KEBAYORAN LAMA,8,0,201807,real_jakarta,True
2018,7,2018-07-01,JAKARTA SELATAN,MAMPANG PRAPATAN,2,0,201807,real_jakarta,True
2018,7,2018-07-01,JAKARTA SELATAN,PANCORAN,5,0,201807,real_jakarta,True
2018,7,2018-07-01,JAKARTA SELATAN,PASAR MINGGU,14,0,201807,real_jakarta,True
2018,7,2018-07-01,JAKARTA SELATAN,PESANGGRAHAN,7,0,201807,real_jakarta,True
2018,7,2018-07-01,JAKARTA SELATAN,SETIA BUDI,4,0,201807,real_jakarta,True
2018,7,2018-07-01,JAKARTA SELATAN,TEBET,5,0,201807,real_jakarta,True
2018,7,2018-07-01,JAKARTA TIMUR,CAKUNG,9,0,201807,real_jakarta,True
2018,7,2018-07-01,JAKARTA TIMUR,CIPAYUNG,8,0,201807,real_jakarta,True
2018,7,2018-07-01,JAKARTA TIMUR,CIRACAS,22,0,201807,real_jakarta,True
2018,7,2018-07-01,JAKARTA TIMUR,DUREN SAWIT,8,0,201807,real_jakarta,True
2018,7,2018-07-01,JAKARTA TIMUR,JATINEGARA,10,0,201807,real_jakarta,True
2018,7,2018-07-01,JAKARTA TIMUR,KRAMAT JATI,4,0,201807,real_jakarta,True
2018,7,2018-07-01,JAKARTA TIMUR,MAKASAR,7,0,201807,real_jakarta,True
2018,7,2018-07-01,JAKARTA TIMUR,MATRAMAN,13,0,201807,real_jakarta,True
2018,7,2018-07-01,JAKARTA TIMUR,PASAR REBO,13,0,201807,real_jakarta,True
2018,7,2018-07-01,JAKARTA TIMUR,PULO GADUNG,5,0,201807,real_jakarta,True
2018,7,2018-07-01,JAKARTA UTARA,CILINCING,10,0,201807,real_jakarta,True
2018,7,2018-07-01,JAKARTA UTARA,KELAPA GADING,0,0,201807,real_jakarta,True
2018,7,2018-07-01,JAKARTA UTARA,KOJA,3,0,201807,real_jakarta,True
2018,7,2018-07-01,JAKARTA UTARA,PADEMANGAN,0,0,201807,real_jakarta,True
2018,7,2018-07-01,JAKARTA UTARA,PENJARINGAN,1,0,201807,real_jakarta,True
2018,7,2018-07-01,JAKARTA UTARA,TANJUNG PRIOK,6,0,201807,real_jakarta,True
2018,7,2018-07-01,KABUPATEN KEPULAUAN SERIBU,KEP. SERIBU SELATAN,0,0,201807,real_jakarta,True
2018,7,2018-07-01,KABUPATEN KEPULAUAN SERIBU,KEP. SERIBU UTARA,1,0,201807,real_jakarta,True
2018,8,2018-08-01,JAKARTA BARAT,CENGKARENG,13,0,201808,real_jakarta,True
2018,8,2018-08-01,JAKARTA BARAT,GROGOL PETAMBURAN,8,0,201808,real_jakarta,True
2018,8,2018-08-01,JAKARTA BARAT,KALIDERES,22,0,201808,real_jakarta,True
2018,8,2018-08-01,JAKARTA BARAT,KEBON JERUK,1,0,201808,real_jakarta,True
2018,8,2018-08-01,JAKARTA BARAT,KEMBANGAN,3,0,201808,real_jakarta,True
2018,8,2018-08-01,JAKARTA BARAT,PALMERAH,6,0,201808,real_jakarta,True
2018,8,2018-08-01,JAKARTA BARAT,TAMAN SARI,2,0,201808,real_jakarta,True
2018,8,2018-08-01,JAKARTA BARAT,TAMBORA,2,0,201808,real_jakarta,True
2018,8,2018-08-01,JAKARTA PUSAT,CEMPAKA PUTIH,0,0,201808,real_jakarta,True
2018,8,2018-08-01,JAKARTA PUSAT,GAMBIR,0,0,201808,real_jakarta,True
2018,8,2018-08-01,JAKARTA PUSAT,JOHAR BARU,0,0,201808,real_jakarta,True
2018,8,2018-08-01,JAKARTA PUSAT,KEMAYORAN,1,0,201808,real_jakarta,True
2018,8,2018-08-01,JAKARTA PUSAT,MENTENG,4,0,201808,real_jakarta,True
2018,8,2018-08-01,JAKARTA PUSAT,SAWAH BESAR,0,0,201808,real_jakarta,True
2018,8,2018-08-01,JAKARTA PUSAT,SENEN,0,0,201808,real_jakarta,True
2018,8,2018-08-01,JAKARTA PUSAT,TANAH ABANG,1,0,201808,real_jakarta,True
2018,8,2018-08-01,JAKARTA SELATAN,CILANDAK,3,0,201808,real_jakarta,True
2018,8,2018-08-01,JAKARTA SELATAN,JAGAKARSA,6,0,201808,real_jakarta,True
2018,8,2018-08-01,JAKARTA SELATAN,KEBAYORAN BARU,2,0,201808,real_jakarta,True
2018,8,2018-08-01,JAKARTA SELATAN,KEBAYORAN LAMA,9,0,201808,real_jakarta,True
2018,8,2018-08-01,JAKARTA SELATAN,MAMPANG PRAPATAN,4,0,201808,real_jakarta,True
2018,8,2018-08-01,JAKARTA SELATAN,PANCORAN,3,0,201808,real_jakarta,True
2018,8,2018-08-01,JAKARTA SELATAN,PASAR MINGGU,11,0,201808,real_jakarta,True
2018,8,2018-08-01,JAKARTA SELATAN,PESANGGRAHAN,3,0,201808,real_jakarta,True
2018,8,2018-08-01,JAKARTA SELATAN,SETIA BUDI,1,0,201808,real_jakarta,True
2018,8,2018-08-01,JAKARTA SELATAN,TEBET,2,0,201808,real_jakarta,True
2018,8,2018-08-01,JAKARTA TIMUR,CAKUNG,8,0,201808,real_jakarta,True
2018,8,2018-08-01,JAKARTA TIMUR,CIPAYUNG,3,0,201808,real_jakarta,True
2018,8,2018-08-01,JAKARTA TIMUR,CIRACAS,8,0,201808,real_jakarta,True
2018,8,2018-08-01,JAKARTA TIMUR,DUREN SAWIT,1,0,201808,real_jakarta,True
2018,8,2018-08-01,JAKARTA TIMUR,JATINEGARA,1,0,201808,real_jakarta,True
2018,8,2018-08-01,JAKARTA TIMUR,KRAMAT JATI,4,0,201808,real_jakarta,True
2018,8,2018-08-01,JAKARTA TIMUR,MAKASAR,7,0,201808,real_jakarta,True
2018,8,2018-08-01,JAKARTA TIMUR,MATRAMAN,8,0,201808,real_jakarta,True
2018,8,2018-08-01,JAKARTA TIMUR,PASAR REBO,5,0,201808,real_jakarta,True
2018,8,2018-08-01,JAKARTA TIMUR,PULO GADUNG,5,0,201808,real_jakarta,True
2018,8,2018-08-01,JAKARTA UTARA,CILINCING,6,0,201808,real_jakarta,True
2018,8,2018-08-01,JAKARTA UTARA,KELAPA GADING,1,0,201808,real_jakarta,True
2018,8,2018-08-01,JAKARTA UTARA,KOJA,2,0,201808,real_jakarta,True
2018,8,2018-08-01,JAKARTA UTARA,PADEMANGAN,0,0,201808,real_jakarta,True
2018,8,2018-08-01,JAKARTA UTARA,PENJARINGAN,2,0,201808,real_jakarta,True
2018,8,2018-08-01,JAKARTA UTARA,TANJUNG PRIOK,9,0,201808,real_jakarta,True
2018,8,2018-08-01,KABUPATEN KEPULAUAN SERIBU,KEP. SERIBU SELATAN,0,0,201808,real_jakarta,True
2018,8,2018-08-01,KABUPATEN KEPULAUAN SERIBU,KEP. SERIBU UTARA,0,0,201808,real_jakarta,True
2018,9,2018-09-01,JAKARTA BARAT,CENGKARENG,16,0,201809,real_jakarta,True
2018,9,2018-09-01,JAKARTA BARAT,GROGOL PETAMBURAN,1,0,201809,real_jakarta,True
2018,9,2018-09-01,JAKARTA BARAT,KALIDERES,15,0,201809,real_jakarta,True
2018,9,2018-09-01,JAKARTA BARAT,KEBON JERUK,2,0,201809,real_jakarta,True
2018,9,2018-09-01,JAKARTA BARAT,KEMBANGAN,2,0,201809,real_jakarta,True
2018,9,2018-09-01,JAKARTA BARAT,PALMERAH,2,0,201809,real_jakarta,True
2018,9,2018-09-01,JAKARTA BARAT,TAMAN SARI,2,0,201809,real_jakarta,True
2018,9,2018-09-01,JAKARTA BARAT,TAMBORA,2,0,201809,real_jakarta,True
2018,9,2018-09-01,JAKARTA PUSAT,CEMPAKA PUTIH,0,0,201809,real_jakarta,True
2018,9,2018-09-01,JAKARTA PUSAT,GAMBIR,0,0,201809,real_jakarta,True
2018,9,2018-09-01,JAKARTA PUSAT,JOHAR BARU,0,0,201809,real_jakarta,True
2018,9,2018-09-01,JAKARTA PUSAT,KEMAYORAN,1,0,201809,real_jakarta,True
2018,9,2018-09-01,JAKARTA PUSAT,MENTENG,1,0,201809,real_jakarta,True
2018,9,2018-09-01,JAKARTA PUSAT,SAWAH BESAR,0,0,201809,real_jakarta,True
2018,9,2018-09-01,JAKARTA PUSAT,SENEN,0,0,201809,real_jakarta,True
2018,9,2018-09-01,JAKARTA PUSAT,TANAH ABANG,1,0,201809,real_jakarta,True
2018,9,2018-09-01,JAKARTA SELATAN,CILANDAK,0,0,201809,real_jakarta,True
2018,9,2018-09-01,JAKARTA SELATAN,JAGAKARSA,7,0,201809,real_jakarta,True
2018,9,2018-09-01,JAKARTA SELATAN,KEBAYORAN BARU,3,0,201809,real_jakarta,True
2018,9,2018-09-01,JAKARTA SELATAN,KEBAYORAN LAMA,4,0,201809,real_jakarta,True
2018,9,2018-09-01,JAKARTA SELATAN,MAMPANG PRAPATAN,1,0,201809,real_jakarta,True
2018,9,2018-09-01,JAKARTA SELATAN,PANCORAN,1,0,201809,real_jakarta,True
2018,9,2018-09-01,JAKARTA SELATAN,PASAR MINGGU,6,0,201809,real_jakarta,True
2018,9,2018-09-01,JAKARTA SELATAN,PESANGGRAHAN,2,0,201809,real_jakarta,True
2018,9,2018-09-01,JAKARTA SELATAN,SETIA BUDI,3,0,201809,real_jakarta,True
2018,9,2018-09-01,JAKARTA SELATAN,TEBET,3,0,201809,real_jakarta,True
2018,9,2018-09-01,JAKARTA TIMUR,CAKUNG,0,0,201809,real_jakarta,True
2018,9,2018-09-01,JAKARTA TIMUR,CIPAYUNG,0,0,201809,real_jakarta,True
2018,9,2018-09-01,JAKARTA TIMUR,CIRACAS,3,0,201809,real_jakarta,True
2018,9,2018-09-01,JAKARTA TIMUR,DUREN SAWIT,1,0,201809,real_jakarta,True
2018,9,2018-09-01,JAKARTA TIMUR,JATINEGARA,3,0,201809,real_jakarta,True
2018,9,2018-09-01,JAKARTA TIMUR,KRAMAT JATI,1,0,201809,real_jakarta,True
2018,9,2018-09-01,JAKARTA TIMUR,MAKASAR,6,0,201809,real_jakarta,True
2018,9,2018-09-01,JAKARTA TIMUR,MATRAMAN,3,0,201809,real_jakarta,True
2018,9,2018-09-01,JAKARTA TIMUR,PASAR REBO,4,0,201809,real_jakarta,True
2018,9,2018-09-01,JAKARTA TIMUR,PULO GADUNG,1,0,201809,real_jakarta,True
2018,9,2018-09-01,JAKARTA UTARA,CILINCING,4,0,201809,real_jakarta,True
2018,9,2018-09-01,JAKARTA UTARA,KELAPA GADING,0,0,201809,real_jakarta,True
2018,9,2018-09-01,JAKARTA UTARA,KOJA,2,0,201809,real_jakarta,True
2018,9,2018-09-01,JAKARTA UTARA,PADEMANGAN,2,0,201809,real_jakarta,True
2018,9,2018-09-01,JAKARTA UTARA,PENJARINGAN,5,0,201809,real_jakarta,True
2018,9,2018-09-01,JAKARTA UTARA,TANJUNG PRIOK,2,0,201809,real_jakarta,True
2018,9,2018-09-01,KABUPATEN KEPULAUAN SERIBU,KEP. SERIBU SELATAN,1,0,201809,real_jakarta,True
2018,9,2018-09-01,KABUPATEN KEPULAUAN SERIBU,KEP. SERIBU UTARA,0,0,201809,real_jakarta,True
2018,10,2018-10-01,JAKARTA BARAT,CENGKARENG,16,0,201810,real_jakarta,True
2018,10,2018-10-01,JAKARTA BARAT,GROGOL PETAMBURAN,4,0,201810,real_jakarta,True
2018,10,2018-10-01,JAKARTA BARAT,KALIDERES,16,0,201810,real_jakarta,True
2018,10,2018-10-01,JAKARTA BARAT,KEBON JERUK,2,0,201810,real_jakarta,True
2018,10,2018-10-01,JAKARTA BARAT,KEMBANGAN,1,0,201810,real_jakarta,True
2018,10,2018-10-01,JAKARTA BARAT,PALMERAH,1,0,201810,real_jakarta,True
2018,10,2018-10-01,JAKARTA BARAT,TAMAN SARI,0,0,201810,real_jakarta,True
2018,10,2018-10-01,JAKARTA BARAT,TAMBORA,5,0,201810,real_jakarta,True
2018,10,2018-10-01,JAKARTA PUSAT,CEMPAKA PUTIH,0,0,201810,real_jakarta,True
2018,10,2018-10-01,JAKARTA PUSAT,GAMBIR,0,0,201810,real_jakarta,True
2018,10,2018-10-01,JAKARTA PUSAT,JOHAR BARU,1,0,201810,real_jakarta,True
2018,10,2018-10-01,JAKARTA PUSAT,KEMAYORAN,0,0,201810,real_jakarta,True
2018,10,2018-10-01,JAKARTA PUSAT,MENTENG,1,0,201810,real_jakarta,True
2018,10,2018-10-01,JAKARTA PUSAT,SAWAH BESAR,0,0,201810,real_jakarta,True
2018,10,2018-10-01,JAKARTA PUSAT,SENEN,1,0,201810,real_jakarta,True
2018,10,2018-10-01,JAKARTA PUSAT,TANAH ABANG,0,0,201810,real_jakarta,True
2018,10,2018-10-01,JAKARTA SELATAN,CILANDAK,1,0,201810,real_jakarta,True
2018,10,2018-10-01,JAKARTA SELATAN,JAGAKARSA,3,0,201810,real_jakarta,True
2018,10,2018-10-01,JAKARTA SELATAN,KEBAYORAN BARU,6,0,201810,real_jakarta,True
2018,10,2018-10-01,JAKARTA SELATAN,KEBAYORAN LAMA,1,0,201810,real_jakarta,True
2018,10,2018-10-01,JAKARTA SELATAN,MAMPANG PRAPATAN,2,0,201810,real_jakarta,True
2018,10,2018-10-01,JAKARTA SELATAN,PANCORAN,0,0,201810,real_jakarta,True
2018,10,2018-10-01,JAKARTA SELATAN,PASAR MINGGU,7,0,201810,real_jakarta,True
2018,10,2018-10-01,JAKARTA SELATAN,PESANGGRAHAN,0,0,201810,real_jakarta,True
2018,10,2018-10-01,JAKARTA SELATAN,SETIA BUDI,2,0,201810,real_jakarta,True
2018,10,2018-10-01,JAKARTA SELATAN,TEBET,2,0,201810,real_jakarta,True
2018,10,2018-10-01,JAKARTA TIMUR,CAKUNG,3,0,201810,real_jakarta,True
2018,10,2018-10-01,JAKARTA TIMUR,CIPAYUNG,0,0,201810,real_jakarta,True
2018,10,2018-10-01,JAKARTA TIMUR,CIRACAS,2,0,201810,real_jakarta,True
2018,10,2018-10-01,JAKARTA TIMUR,DUREN SAWIT,3,0,201810,real_jakarta,True
2018,10,2018-10-01,JAKARTA TIMUR,JATINEGARA,2,0,201810,real_jakarta,True
2018,10,2018-10-01,JAKARTA TIMUR,KRAMAT JATI,3,0,201810,real_jakarta,True
2018,10,2018-10-01,JAKARTA TIMUR,MAKASAR,4,0,201810,real_jakarta,True
2018,10,2018-10-01,JAKARTA TIMUR,MATRAMAN,1,0,201810,real_jakarta,True
2018,10,2018-10-01,JAKARTA TIMUR,PASAR REBO,2,0,201810,real_jakarta,True
2018,10,2018-10-01,JAKARTA TIMUR,PULO GADUNG,5,0,201810,real_jakarta,True
2018,10,2018-10-01,JAKARTA UTARA,CILINCING,3,0,201810,real_jakarta,True
2018,10,2018-10-01,JAKARTA UTARA,KELAPA GADING,0,0,201810,real_jakarta,True
2018,10,2018-10-01,JAKARTA UTARA,KOJA,0,0,201810,real_jakarta,True
2018,10,2018-10-01,JAKARTA UTARA,PADEMANGAN,4,0,201810,real_jakarta,True
2018,10,2018-10-01,JAKARTA UTARA,PENJARINGAN,2,0,201810,real_jakarta,True
2018,10,2018-10-01,JAKARTA UTARA,TANJUNG PRIOK,3,0,201810,real_jakarta,True
2018,10,2018-10-01,KABUPATEN KEPULAUAN SERIBU,KEP. SERIBU SELATAN,1,0,201810,real_jakarta,True
2018,10,2018-10-01,KABUPATEN KEPULAUAN SERIBU,KEP. SERIBU UTARA,0,0,201810,real_jakarta,True
2018,11,2018-11-01,JAKARTA BARAT,CENGKARENG,18,0,201811,real_jakarta,True
2018,11,2018-11-01,JAKARTA BARAT,GROGOL PETAMBURAN,1,0,201811,real_jakarta,True
2018,11,2018-11-01,JAKARTA BARAT,KALIDERES,16,0,201811,real_jakarta,True
2018,11,2018-11-01,JAKARTA BARAT,KEBON JERUK,1,0,201811,real_jakarta,True
2018,11,2018-11-01,JAKARTA BARAT,KEMBANGAN,1,0,201811,real_jakarta,True
2018,11,2018-11-01,JAKARTA BARAT,PALMERAH,0,0,201811,real_jakarta,True
2018,11,2018-11-01,JAKARTA BARAT,TAMAN SARI,0,0,201811,real_jakarta,True
2018,11,2018-11-01,JAKARTA BARAT,TAMBORA,2,0,201811,real_jakarta,True
2018,11,2018-11-01,JAKARTA PUSAT,CEMPAKA PUTIH,0,0,201811,real_jakarta,True
2018,11,2018-11-01,JAKARTA PUSAT,GAMBIR,1,0,201811,real_jakarta,True
2018,11,2018-11-01,JAKARTA PUSAT,JOHAR BARU,1,0,201811,real_jakarta,True
2018,11,2018-11-01,JAKARTA PUSAT,KEMAYORAN,0,0,201811,real_jakarta,True
2018,11,2018-11-01,JAKARTA PUSAT,MENTENG,0,0,201811,real_jakarta,True
2018,11,2018-11-01,JAKARTA PUSAT,SAWAH BESAR,0,0,201811,real_jakarta,True
2018,11,2018-11-01,JAKARTA PUSAT,SENEN,0,0,201811,real_jakarta,True
2018,11,2018-11-01,JAKARTA PUSAT,TANAH ABANG,0,0,201811,real_jakarta,True
2018,11,2018-11-01,JAKARTA SELATAN,CILANDAK,1,0,201811,real_jakarta,True
2018,11,2018-11-01,JAKARTA SELATAN,JAGAKARSA,2,0,201811,real_jakarta,True
2018,11,2018-11-01,JAKARTA SELATAN,KEBAYORAN BARU,3,0,201811,real_jakarta,True
2018,11,2018-11-01,JAKARTA SELATAN,KEBAYORAN LAMA,3,0,201811,real_jakarta,True
2018,11,2018-11-01,JAKARTA SELATAN,MAMPANG PRAPATAN,0,0,201811,real_jakarta,True
2018,11,2018-11-01,JAKARTA SELATAN,PANCORAN,0,0,201811,real_jakarta,True
2018,11,2018-11-01,JAKARTA SELATAN,PASAR MINGGU,7,0,201811,real_jakarta,True
2018,11,2018-11-01,JAKARTA SELATAN,PESANGGRAHAN,7,0,201811,real_jakarta,True
2018,11,2018-11-01,JAKARTA SELATAN,SETIA BUDI,4,0,201811,real_jakarta,True
2018,11,2018-11-01,JAKARTA SELATAN,TEBET,1,0,201811,real_jakarta,True
2018,11,2018-11-01,JAKARTA TIMUR,CAKUNG,4,0,201811,real_jakarta,True
2018,11,2018-11-01,JAKARTA TIMUR,CIPAYUNG,4,0,201811,real_jakarta,True
2018,11,2018-11-01,JAKARTA TIMUR,CIRACAS,3,0,201811,real_jakarta,True
2018,11,2018-11-01,JAKARTA TIMUR,DUREN SAWIT,3,0,201811,real_jakarta,True
2018,11,2018-11-01,JAKARTA TIMUR,JATINEGARA,1,0,201811,real_jakarta,True
2018,11,2018-11-01,JAKARTA TIMUR,KRAMAT JATI,1,0,201811,real_jakarta,True
2018,11,2018-11-01,JAKARTA TIMUR,MAKASAR,5,0,201811,real_jakarta,True
2018,11,2018-11-01,JAKARTA TIMUR,MATRAMAN,5,0,201811,real_jakarta,True
2018,11,2018-11-01,JAKARTA TIMUR,PASAR REBO,1,0,201811,real_jakarta,True
2018,11,2018-11-01,JAKARTA TIMUR,PULO GADUNG,1,0,201811,real_jakarta,True
2018,11,2018-11-01,JAKARTA UTARA,CILINCING,1,0,201811,real_jakarta,True
2018,11,2018-11-01,JAKARTA UTARA,KELAPA GADING,0,0,201811,real_jakarta,True
2018,11,2018-11-01,JAKARTA UTARA,KOJA,1,0,201811,real_jakarta,True
2018,11,2018-11-01,JAKARTA UTARA,PADEMANGAN,1,0,201811,real_jakarta,True
2018,11,2018-11-01,JAKARTA UTARA,PENJARINGAN,1,0,201811,real_jakarta,True
2018,11,2018-11-01,JAKARTA UTARA,TANJUNG PRIOK,4,0,201811,real_jakarta,True
2018,11,2018-11-01,KABUPATEN KEPULAUAN SERIBU,KEP. SERIBU SELATAN,0,0,201811,real_jakarta,True
2018,11,2018-11-01,KABUPATEN KEPULAUAN SERIBU,KEP. SERIBU UTARA,1,0,201811,real_jakarta,True
2018,12,2018-12-01,JAKARTA BARAT,CENGKARENG,22,0,201812,real_jakarta,True
2018,12,2018-12-01,JAKARTA BARAT,GROGOL PETAMBURAN,3,0,201812,real_jakarta,True
2018,12,2018-12-01,JAKARTA BARAT,KALIDERES,19,0,201812,real_jakarta,True
2018,12,2018-12-01,JAKARTA BARAT,KEBON JERUK,2,0,201812,real_jakarta,True
2018,12,2018-12-01,JAKARTA BARAT,KEMBANGAN,5,0,201812,real_jakarta,True
2018,12,2018-12-01,JAKARTA BARAT,PALMERAH,3,0,201812,real_jakarta,True
2018,12,2018-12-01,JAKARTA BARAT,TAMAN SARI,2,0,201812,real_jakarta,True
2018,12,2018-12-01,JAKARTA BARAT,TAMBORA,2,0,201812,real_jakarta,True
2018,12,2018-12-01,JAKARTA PUSAT,CEMPAKA PUTIH,0,0,201812,real_jakarta,True
2018,12,2018-12-01,JAKARTA PUSAT,GAMBIR,0,0,201812,real_jakarta,True
2018,12,2018-12-01,JAKARTA PUSAT,JOHAR BARU,0,0,201812,real_jakarta,True
2018,12,2018-12-01,JAKARTA PUSAT,KEMAYORAN,0,0,201812,real_jakarta,True
2018,12,2018-12-01,JAKARTA PUSAT,MENTENG,0,0,201812,real_jakarta,True
2018,12,2018-12-01,JAKARTA PUSAT,SAWAH BESAR,0,0,201812,real_jakarta,True
2018,12,2018-12-01,JAKARTA PUSAT,SENEN,2,0,201812,real_jakarta,True
2018,12,2018-12-01,JAKARTA PUSAT,TANAH ABANG,0,0,201812,real_jakarta,True
2018,12,2018-12-01,JAKARTA SELATAN,CILANDAK,4,0,201812,real_jakarta,True
2018,12,2018-12-01,JAKARTA SELATAN,JAGAKARSA,10,0,201812,real_jakarta,True
2018,12,2018-12-01,JAKARTA SELATAN,KEBAYORAN BARU,8,0,201812,real_jakarta,True
2018,12,2018-12-01,JAKARTA SELATAN,KEBAYORAN LAMA,6,0,201812,real_jakarta,True
2018,12,2018-12-01,JAKARTA SELATAN,MAMPANG PRAPATAN,1,0,201812,real_jakarta,True
2018,12,2018-12-01,JAKARTA SELATAN,PANCORAN,1,0,201812,real_jakarta,True
2018,12,2018-12-01,JAKARTA SELATAN,PASAR MINGGU,3,0,201812,real_jakarta,True
2018,12,2018-12-01,JAKARTA SELATAN,PESANGGRAHAN,8,0,201812,real_jakarta,True
2018,12,2018-12-01,JAKARTA SELATAN,SETIA BUDI,3,0,201812,real_jakarta,True
2018,12,2018-12-01,JAKARTA SELATAN,TEBET,3,0,201812,real_jakarta,True
2018,12,2018-12-01,JAKARTA TIMUR,CAKUNG,7,0,201812,real_jakarta,True
2018,12,2018-12-01,JAKARTA TIMUR,CIPAYUNG,5,0,201812,real_jakarta,True
2018,12,2018-12-01,JAKARTA TIMUR,CIRACAS,4,0,201812,real_jakarta,True
2018,12,2018-12-01,JAKARTA TIMUR,DUREN SAWIT,3,0,201812,real_jakarta,True
2018,12,2018-12-01,JAKARTA TIMUR,JATINEGARA,5,0,201812,real_jakarta,True
2018,12,2018-12-01,JAKARTA TIMUR,KRAMAT JATI,2,0,201812,real_jakarta,True
2018,12,2018-12-01,JAKARTA TIMUR,MAKASAR,3,0,201812,real_jakarta,True
2018,12,2018-12-01,JAKARTA TIMUR,MATRAMAN,3,0,201812,real_jakarta,True
2018,12,2018-12-01,JAKARTA TIMUR,PASAR REBO,12,0,201812,real_jakarta,True
2018,12,2018-12-01,JAKARTA TIMUR,PULO GADUNG,5,0,201812,real_jakarta,True
2018,12,2018-12-01,JAKARTA UTARA,CILINCING,3,0,201812,real_jakarta,True
2018,12,2018-12-01,JAKARTA UTARA,KELAPA GADING,0,0,201812,real_jakarta,True
2018,12,2018-12-01,JAKARTA UTARA,KOJA,0,0,201812,real_jakarta,True
2018,12,2018-12-01,JAKARTA UTARA,PADEMANGAN,2,0,201812,real_jakarta,True
2018,12,2018-12-01,JAKARTA UTARA,PENJARINGAN,2,0,201812,real_jakarta,True
2018,12,2018-12-01,JAKARTA UTARA,TANJUNG PRIOK,4,0,201812,real_jakarta,True
2018,12,2018-12-01,KABUPATEN KEPULAUAN SERIBU,KEP. SERIBU SELATAN,0,0,201812,real_jakarta,True
2018,12,2018-12-01,KABUPATEN KEPULAUAN SERIBU,KEP. SERIBU UTARA,0,0,201812,real_jakarta,True
2019,1,2019-01-01,JAKARTA BARAT,CENGKARENG,70,0,201901,real_jakarta,True
2019,1,2019-01-01,JAKARTA BARAT,GROGOL PETAMBURAN,7,0,201901,real_jakarta,True
2019,1,2019-01-01,JAKARTA BARAT,KALIDERES,117,0,201901,real_jakarta,True
2019,1,2019-01-01,JAKARTA BARAT,KEBON JERUK,12,0,201901,real_jakarta,True
2019,1,2019-01-01,JAKARTA BARAT,KEMBANGAN,22,0,201901,real_jakarta,True
2019,1,2019-01-01,JAKARTA BARAT,PALMERAH,13,0,201901,real_jakarta,True
2019,1,2019-01-01,JAKARTA BARAT,TAMAN SARI,6,0,201901,real_jakarta,True
2019,1,2019-01-01,JAKARTA BARAT,TAMBORA,5,0,201901,real_jakarta,True
2019,1,2019-01-01,JAKARTA PUSAT,CEMPAKA PUTIH,4,0,201901,real_jakarta,True
2019,1,2019-01-01,JAKARTA PUSAT,GAMBIR,1,0,201901,real_jakarta,True
2019,1,2019-01-01,JAKARTA PUSAT,JOHAR BARU,6,0,201901,real_jakarta,True
2019,1,2019-01-01,JAKARTA PUSAT,KEMAYORAN,9,0,201901,real_jakarta,True
2019,1,2019-01-01,JAKARTA PUSAT,MENTENG,9,0,201901,real_jakarta,True
2019,1,2019-01-01,JAKARTA PUSAT,SAWAH BESAR,6,0,201901,real_jakarta,True
2019,1,2019-01-01,JAKARTA PUSAT,SENEN,9,0,201901,real_jakarta,True
2019,1,2019-01-01,JAKARTA PUSAT,TANAH ABANG,11,0,201901,real_jakarta,True
2019,1,2019-01-01,JAKARTA SELATAN,CILANDAK,16,0,201901,real_jakarta,True
2019,1,2019-01-01,JAKARTA SELATAN,JAGAKARSA,53,0,201901,real_jakarta,True
2019,1,2019-01-01,JAKARTA SELATAN,KEBAYORAN BARU,31,0,201901,real_jakarta,True
2019,1,2019-01-01,JAKARTA SELATAN,KEBAYORAN LAMA,52,0,201901,real_jakarta,True
2019,1,2019-01-01,JAKARTA SELATAN,MAMPANG PRAPATAN,22,0,201901,real_jakarta,True
2019,1,2019-01-01,JAKARTA SELATAN,PANCORAN,11,0,201901,real_jakarta,True
2019,1,2019-01-01,JAKARTA SELATAN,PASAR MINGGU,49,0,201901,real_jakarta,True
2019,1,2019-01-01,JAKARTA SELATAN,PESANGGRAHAN,43,0,201901,real_jakarta,True
2019,1,2019-01-01,JAKARTA SELATAN,SETIA BUDI,10,0,201901,real_jakarta,True
2019,1,2019-01-01,JAKARTA SELATAN,TEBET,42,0,201901,real_jakarta,True
2019,1,2019-01-01,JAKARTA TIMUR,CAKUNG,27,0,201901,real_jakarta,True
2019,1,2019-01-01,JAKARTA TIMUR,CIPAYUNG,50,0,201901,real_jakarta,True
2019,1,2019-01-01,JAKARTA TIMUR,CIRACAS,44,0,201901,real_jakarta,True
2019,1,2019-01-01,JAKARTA TIMUR,DUREN SAWIT,32,0,201901,real_jakarta,True
2019,1,2019-01-01,JAKARTA TIMUR,JATINEGARA,13,0,201901,real_jakarta,True
2019,1,2019-01-01,JAKARTA TIMUR,KRAMAT JATI,16,0,201901,real_jakarta,True
2019,1,2019-01-01,JAKARTA TIMUR,MAKASAR,10,0,201901,real_jakarta,True
2019,1,2019-01-01,JAKARTA TIMUR,MATRAMAN,27,0,201901,real_jakarta,True
2019,1,2019-01-01,JAKARTA TIMUR,PASAR REBO,40,0,201901,real_jakarta,True
2019,1,2019-01-01,JAKARTA TIMUR,PULO GADUNG,21,0,201901,real_jakarta,True
2019,1,2019-01-01,JAKARTA UTARA,CILINCING,15,0,201901,real_jakarta,True
2019,1,2019-01-01,JAKARTA UTARA,KELAPA GADING,10,0,201901,real_jakarta,True
2019,1,2019-01-01,JAKARTA UTARA,KOJA,14,0,201901,real_jakarta,True
2019,1,2019-01-01,JAKARTA UTARA,PADEMANGAN,3,0,201901,real_jakarta,True
2019,1,2019-01-01,JAKARTA UTARA,PENJARINGAN,14,0,201901,real_jakarta,True
2019,1,2019-01-01,JAKARTA UTARA,TANJUNG PRIOK,16,0,201901,real_jakarta,True
2019,1,2019-01-01,KABUPATEN KEPULAUAN SERIBU,KEP. SERIBU SELATAN,0,0,201901,real_jakarta,True
2019,1,2019-01-01,KABUPATEN KEPULAUAN SERIBU,KEP. SERIBU UTARA,1,0,201901,real_jakarta,True
2019,2,2019-02-01,JAKARTA BARAT,CENGKARENG,154,0,201902,real_jakarta,True
2019,2,2019-02-01,JAKARTA BARAT,GROGOL PETAMBURAN,22,0,201902,real_jakarta,True
2019,2,2019-02-01,JAKARTA BARAT,KALIDERES,137,0,201902,real_jakarta,True
2019,2,2019-02-01,JAKARTA BARAT,KEBON JERUK,23,0,201902,real_jakarta,True
2019,2,2019-02-01,JAKARTA BARAT,KEMBANGAN,37,0,201902,real_jakarta,True
2019,2,2019-02-01,JAKARTA BARAT,PALMERAH,37,0,201902,real_jakarta,True
2019,2,2019-02-01,JAKARTA BARAT,TAMAN SARI,22,0,201902,real_jakarta,True
2019,2,2019-02-01,JAKARTA BARAT,TAMBORA,28,0,201902,real_jakarta,True
2019,2,2019-02-01,JAKARTA PUSAT,CEMPAKA PUTIH,14,0,201902,real_jakarta,True
2019,2,2019-02-01,JAKARTA PUSAT,GAMBIR,5,0,201902,real_jakarta,True
2019,2,2019-02-01,JAKARTA PUSAT,JOHAR BARU,13,0,201902,real_jakarta,True
2019,2,2019-02-01,JAKARTA PUSAT,KEMAYORAN,14,0,201902,real_jakarta,True
2019,2,2019-02-01,JAKARTA PUSAT,MENTENG,17,0,201902,real_jakarta,True
2019,2,2019-02-01,JAKARTA PUSAT,SAWAH BESAR,7,0,201902,real_jakarta,True
2019,2,2019-02-01,JAKARTA PUSAT,SENEN,9,0,201902,real_jakarta,True
2019,2,2019-02-01,JAKARTA PUSAT,TANAH ABANG,25,0,201902,real_jakarta,True
2019,2,2019-02-01,JAKARTA SELATAN,CILANDAK,15,0,201902,real_jakarta,True
2019,2,2019-02-01,JAKARTA SELATAN,JAGAKARSA,68,0,201902,real_jakarta,True
2019,2,2019-02-01,JAKARTA SELATAN,KEBAYORAN BARU,40,0,201902,real_jakarta,True
2019,2,2019-02-01,JAKARTA SELATAN,KEBAYORAN LAMA,54,0,201902,real_jakarta,True
2019,2,2019-02-01,JAKARTA SELATAN,MAMPANG PRAPATAN,35,0,201902,real_jakarta,True
2019,2,2019-02-01,JAKARTA SELATAN,PANCORAN,29,0,201902,real_jakarta,True
2019,2,2019-02-01,JAKARTA SELATAN,PASAR MINGGU,39,0,201902,real_jakarta,True
2019,2,2019-02-01,JAKARTA SELATAN,PESANGGRAHAN,43,0,201902,real_jakarta,True
2019,2,2019-02-01,JAKARTA SELATAN,SETIA BUDI,24,0,201902,real_jakarta,True
2019,2,2019-02-01,JAKARTA SELATAN,TEBET,41,0,201902,real_jakarta,True
2019,2,2019-02-01,JAKARTA TIMUR,CAKUNG,54,0,201902,real_jakarta,True
2019,2,2019-02-01,JAKARTA TIMUR,CIPAYUNG,58,0,201902,real_jakarta,True
2019,2,2019-02-01,JAKARTA TIMUR,CIRACAS,51,0,201902,real_jakarta,True
2019,2,2019-02-01,JAKARTA TIMUR,DUREN SAWIT,33,1,201902,real_jakarta,True
2019,2,2019-02-01,JAKARTA TIMUR,JATINEGARA,27,1,201902,real_jakarta,True
2019,2,2019-02-01,JAKARTA TIMUR,KRAMAT JATI,50,0,201902,real_jakarta,True
2019,2,2019-02-01,JAKARTA TIMUR,MAKASAR,18,0,201902,real_jakarta,True
2019,2,2019-02-01,JAKARTA TIMUR,MATRAMAN,60,0,201902,real_jakarta,True
2019,2,2019-02-01,JAKARTA TIMUR,PASAR REBO,60,0,201902,real_jakarta,True
2019,2,2019-02-01,JAKARTA TIMUR,PULO GADUNG,47,0,201902,real_jakarta,True
2019,2,2019-02-01,JAKARTA UTARA,CILINCING,45,0,201902,real_jakarta,True
2019,2,2019-02-01,JAKARTA UTARA,KELAPA GADING,14,0,201902,real_jakarta,True
2019,2,2019-02-01,JAKARTA UTARA,KOJA,23,0,201902,real_jakarta,True
2019,2,2019-02-01,JAKARTA UTARA,PADEMANGAN,10,0,201902,real_jakarta,True
2019,2,2019-02-01,JAKARTA UTARA,PENJARINGAN,34,0,201902,real_jakarta,True
2019,2,2019-02-01,JAKARTA UTARA,TANJUNG PRIOK,30,0,201902,real_jakarta,True
2019,2,2019-02-01,KABUPATEN KEPULAUAN SERIBU,KEP. SERIBU SELATAN,1,0,201902,real_jakarta,True
2019,2,2019-02-01,KABUPATEN KEPULAUAN SERIBU,KEP. SERIBU UTARA,0,0,201902,real_jakarta,True
2019,3,2019-03-01,JAKARTA BARAT,CENGKARENG,147,0,201903,real_jakarta,True
2019,3,2019-03-01,JAKARTA BARAT,GROGOL PETAMBURAN,32,0,201903,real_jakarta,True
2019,3,2019-03-01,JAKARTA BARAT,KALIDERES,163,0,201903,real_jakarta,True
2019,3,2019-03-01,JAKARTA BARAT,KEBON JERUK,26,0,201903,real_jakarta,True
2019,3,2019-03-01,JAKARTA BARAT,KEMBANGAN,77,0,201903,real_jakarta,True
2019,3,2019-03-01,JAKARTA BARAT,PALMERAH,29,0,201903,real_jakarta,True
2019,3,2019-03-01,JAKARTA BARAT,TAMAN SARI,27,0,201903,real_jakarta,True
2019,3,2019-03-01,JAKARTA BARAT,TAMBORA,38,0,201903,real_jakarta,True
2019,3,2019-03-01,JAKARTA PUSAT,CEMPAKA PUTIH,14,0,201903,real_jakarta,True
2019,3,2019-03-01,JAKARTA PUSAT,GAMBIR,13,0,201903,real_jakarta,True
2019,3,2019-03-01,JAKARTA PUSAT,JOHAR BARU,24,0,201903,real_jakarta,True
2019,3,2019-03-01,JAKARTA PUSAT,KEMAYORAN,19,0,201903,real_jakarta,True
2019,3,2019-03-01,JAKARTA PUSAT,MENTENG,10,0,201903,real_jakarta,True
2019,3,2019-03-01,JAKARTA PUSAT,SAWAH BESAR,14,0,201903,real_jakarta,True
2019,3,2019-03-01,JAKARTA PUSAT,SENEN,11,0,201903,real_jakarta,True
2019,3,2019-03-01,JAKARTA PUSAT,TANAH ABANG,31,0,201903,real_jakarta,True
2019,3,2019-03-01,JAKARTA SELATAN,CILANDAK,7,0,201903,real_jakarta,True
2019,3,2019-03-01,JAKARTA SELATAN,JAGAKARSA,49,0,201903,real_jakarta,True
2019,3,2019-03-01,JAKARTA SELATAN,KEBAYORAN BARU,42,0,201903,real_jakarta,True
2019,3,2019-03-01,JAKARTA SELATAN,KEBAYORAN LAMA,38,0,201903,real_jakarta,True
2019,3,2019-03-01,JAKARTA SELATAN,MAMPANG PRAPATAN,47,0,201903,real_jakarta,True
2019,3,2019-03-01,JAKARTA SELATAN,PANCORAN,39,0,201903,real_jakarta,True
2019,3,2019-03-01,JAKARTA SELATAN,PASAR MINGGU,69,0,201903,real_jakarta,True
2019,3,2019-03-01,JAKARTA SELATAN,PESANGGRAHAN,65,0,201903,real_jakarta,True
2019,3,2019-03-01,JAKARTA SELATAN,SETIA BUDI,21,0,201903,real_jakarta,True
2019,3,2019-03-01,JAKARTA SELATAN,TEBET,68,0,201903,real_jakarta,True
2019,3,2019-03-01,JAKARTA TIMUR,CAKUNG,65,0,201903,real_jakarta,True
2019,3,2019-03-01,JAKARTA TIMUR,CIPAYUNG,95,0,201903,real_jakarta,True
2019,3,2019-03-01,JAKARTA TIMUR,CIRACAS,64,0,201903,real_jakarta,True
2019,3,2019-03-01,JAKARTA TIMUR,DUREN SAWIT,53,0,201903,real_jakarta,True
2019,3,2019-03-01,JAKARTA TIMUR,JATINEGARA,38,0,201903,real_jakarta,True
2019,3,2019-03-01,JAKARTA TIMUR,KRAMAT JATI,71,0,201903,real_jakarta,True
2019,3,2019-03-01,JAKARTA TIMUR,MAKASAR,25,0,201903,real_jakarta,True
2019,3,2019-03-01,JAKARTA TIMUR,MATRAMAN,83,0,201903,real_jakarta,True
2019,3,2019-03-01,JAKARTA TIMUR,PASAR REBO,90,0,201903,real_jakarta,True
2019,3,2019-03-01,JAKARTA TIMUR,PULO GADUNG,58,0,201903,real_jakarta,True
2019,3,2019-03-01,JAKARTA UTARA,CILINCING,88,0,201903,real_jakarta,True
2019,3,2019-03-01,JAKARTA UTARA,KELAPA GADING,16,0,201903,real_jakarta,True
2019,3,2019-03-01,JAKARTA UTARA,KOJA,32,0,201903,real_jakarta,True
2019,3,2019-03-01,JAKARTA UTARA,PADEMANGAN,11,0,201903,real_jakarta,True
2019,3,2019-03-01,JAKARTA UTARA,PENJARINGAN,35,0,201903,real_jakarta,True
2019,3,2019-03-01,JAKARTA UTARA,TANJUNG PRIOK,39,0,201903,real_jakarta,True
2019,3,2019-03-01,KABUPATEN KEPULAUAN SERIBU,KEP. SERIBU SELATAN,0,0,201903,real_jakarta,True
2019,3,2019-03-01,KABUPATEN KEPULAUAN SERIBU,KEP. SERIBU UTARA,0,0,201903,real_jakarta,True
2019,4,2019-04-01,JAKARTA BARAT,CENGKARENG,121,0,201904,real_jakarta,True
2019,4,2019-04-01,JAKARTA BARAT,GROGOL PETAMBURAN,19,0,201904,real_jakarta,True
2019,4,2019-04-01,JAKARTA BARAT,KALIDERES,90,0,201904,real_jakarta,True
2019,4,2019-04-01,JAKARTA BARAT,KEBON JERUK,14,0,201904,real_jakarta,True
2019,4,2019-04-01,JAKARTA BARAT,KEMBANGAN,40,0,201904,real_jakarta,True
2019,4,2019-04-01,JAKARTA BARAT,PALMERAH,16,0,201904,real_jakarta,True
2019,4,2019-04-01,JAKARTA BARAT,TAMAN SARI,14,0,201904,real_jakarta,True
2019,4,2019-04-01,JAKARTA BARAT,TAMBORA,19,0,201904,real_jakarta,True
2019,4,2019-04-01,JAKARTA PUSAT,CEMPAKA PUTIH,9,0,201904,real_jakarta,True
2019,4,2019-04-01,JAKARTA PUSAT,GAMBIR,7,0,201904,real_jakarta,True
2019,4,2019-04-01,JAKARTA PUSAT,JOHAR BARU,8,0,201904,real_jakarta,True
2019,4,2019-04-01,JAKARTA PUSAT,KEMAYORAN,6,0,201904,real_jakarta,True
2019,4,2019-04-01,JAKARTA PUSAT,MENTENG,7,0,201904,real_jakarta,True
2019,4,2019-04-01,JAKARTA PUSAT,SAWAH BESAR,8,0,201904,real_jakarta,True
2019,4,2019-04-01,JAKARTA PUSAT,SENEN,10,0,201904,real_jakarta,True
2019,4,2019-04-01,JAKARTA PUSAT,TANAH ABANG,10,0,201904,real_jakarta,True
2019,4,2019-04-01,JAKARTA SELATAN,CILANDAK,2,0,201904,real_jakarta,True
2019,4,2019-04-01,JAKARTA SELATAN,JAGAKARSA,15,0,201904,real_jakarta,True
2019,4,2019-04-01,JAKARTA SELATAN,KEBAYORAN BARU,15,0,201904,real_jakarta,True
2019,4,2019-04-01,JAKARTA SELATAN,KEBAYORAN LAMA,17,0,201904,real_jakarta,True
2019,4,2019-04-01,JAKARTA SELATAN,MAMPANG PRAPATAN,33,0,201904,real_jakarta,True
2019,4,2019-04-01,JAKARTA SELATAN,PANCORAN,30,0,201904,real_jakarta,True
2019,4,2019-04-01,JAKARTA SELATAN,PASAR MINGGU,45,0,201904,real_jakarta,True
2019,4,2019-04-01,JAKARTA SELATAN,PESANGGRAHAN,30,0,201904,real_jakarta,True
2019,4,2019-04-01,JAKARTA SELATAN,SETIA BUDI,10,0,201904,real_jakarta,True
2019,4,2019-04-01,JAKARTA SELATAN,TEBET,26,0,201904,real_jakarta,True
2019,4,2019-04-01,JAKARTA TIMUR,CAKUNG,54,0,201904,real_jakarta,True
2019,4,2019-04-01,JAKARTA TIMUR,CIPAYUNG,90,0,201904,real_jakarta,True
2019,4,2019-04-01,JAKARTA TIMUR,CIRACAS,34,0,201904,real_jakarta,True
2019,4,2019-04-01,JAKARTA TIMUR,DUREN SAWIT,62,0,201904,real_jakarta,True
2019,4,2019-04-01,JAKARTA TIMUR,JATINEGARA,13,0,201904,real_jakarta,True
2019,4,2019-04-01,JAKARTA TIMUR,KRAMAT JATI,34,0,201904,real_jakarta,True
2019,4,2019-04-01,JAKARTA TIMUR,MAKASAR,14,0,201904,real_jakarta,True
2019,4,2019-04-01,JAKARTA TIMUR,MATRAMAN,35,0,201904,real_jakarta,True
2019,4,2019-04-01,JAKARTA TIMUR,PASAR REBO,53,0,201904,real_jakarta,True
2019,4,2019-04-01,JAKARTA TIMUR,PULO GADUNG,45,0,201904,real_jakarta,True
2019,4,2019-04-01,JAKARTA UTARA,CILINCING,16,0,201904,real_jakarta,True
2019,4,2019-04-01,JAKARTA UTARA,KELAPA GADING,20,0,201904,real_jakarta,True
2019,4,2019-04-01,JAKARTA UTARA,KOJA,11,0,201904,real_jakarta,True
2019,4,2019-04-01,JAKARTA UTARA,PADEMANGAN,17,0,201904,real_jakarta,True
2019,4,2019-04-01,JAKARTA UTARA,PENJARINGAN,30,0,201904,real_jakarta,True
2019,4,2019-04-01,JAKARTA UTARA,TANJUNG PRIOK,24,0,201904,real_jakarta,True
2019,4,2019-04-01,KABUPATEN KEPULAUAN SERIBU,KEP. SERIBU SELATAN,0,0,201904,real_jakarta,True
2019,4,2019-04-01,KABUPATEN KEPULAUAN SERIBU,KEP. SERIBU UTARA,0,0,201904,real_jakarta,True
2019,5,2019-05-01,JAKARTA BARAT,CENGKARENG,92,0,201905,real_jakarta,True
2019,5,2019-05-01,JAKARTA BARAT,GROGOL PETAMBURAN,18,0,201905,real_jakarta,True
2019,5,2019-05-01,JAKARTA BARAT,KALIDERES,92,0,201905,real_jakarta,True
2019,5,2019-05-01,JAKARTA BARAT,KEBON JERUK,18,0,201905,real_jakarta,True
2019,5,2019-05-01,JAKARTA BARAT,KEMBANGAN,51,0,201905,real_jakarta,True
2019,5,2019-05-01,JAKARTA BARAT,PALMERAH,16,0,201905,real_jakarta,True
2019,5,2019-05-01,JAKARTA BARAT,TAMAN SARI,6,0,201905,real_jakarta,True
2019,5,2019-05-01,JAKARTA BARAT,TAMBORA,11,0,201905,real_jakarta,True
2019,5,2019-05-01,JAKARTA PUSAT,CEMPAKA PUTIH,15,0,201905,real_jakarta,True
2019,5,2019-05-01,JAKARTA PUSAT,GAMBIR,4,0,201905,real_jakarta,True
2019,5,2019-05-01,JAKARTA PUSAT,JOHAR BARU,5,0,201905,real_jakarta,True
2019,5,2019-05-01,JAKARTA PUSAT,KEMAYORAN,19,0,201905,real_jakarta,True
2019,5,2019-05-01,JAKARTA PUSAT,MENTENG,5,0,201905,real_jakarta,True
2019,5,2019-05-01,JAKARTA PUSAT,SAWAH BESAR,7,0,201905,real_jakarta,True
2019,5,2019-05-01,JAKARTA PUSAT,SENEN,7,0,201905,real_jakarta,True
2019,5,2019-05-01,JAKARTA PUSAT,TANAH ABANG,6,0,201905,real_jakarta,True
2019,5,2019-05-01,JAKARTA SELATAN,CILANDAK,2,0,201905,real_jakarta,True
2019,5,2019-05-01,JAKARTA SELATAN,JAGAKARSA,17,0,201905,real_jakarta,True
2019,5,2019-05-01,JAKARTA SELATAN,KEBAYORAN BARU,10,0,201905,real_jakarta,True
2019,5,2019-05-01,JAKARTA SELATAN,KEBAYORAN LAMA,33,0,201905,real_jakarta,True
2019,5,2019-05-01,JAKARTA SELATAN,MAMPANG PRAPATAN,21,0,201905,real_jakarta,True
2019,5,2019-05-01,JAKARTA SELATAN,PANCORAN,19,0,201905,real_jakarta,True
2019,5,2019-05-01,JAKARTA SELATAN,PASAR MINGGU,43,0,201905,real_jakarta,True
2019,5,2019-05-01,JAKARTA SELATAN,PESANGGRAHAN,58,0,201905,real_jakarta,True
2019,5,2019-05-01,JAKARTA SELATAN,SETIA BUDI,10,0,201905,real_jakarta,True
2019,5,2019-05-01,JAKARTA SELATAN,TEBET,25,0,201905,real_jakarta,True
2019,5,2019-05-01,JAKARTA TIMUR,CAKUNG,77,0,201905,real_jakarta,True
2019,5,2019-05-01,JAKARTA TIMUR,CIPAYUNG,64,0,201905,real_jakarta,True
2019,5,2019-05-01,JAKARTA TIMUR,CIRACAS,79,0,201905,real_jakarta,True
2019,5,2019-05-01,JAKARTA TIMUR,DUREN SAWIT,107,0,201905,real_jakarta,True
2019,5,2019-05-01,JAKARTA TIMUR,JATINEGARA,41,0,201905,real_jakarta,True
2019,5,2019-05-01,JAKARTA TIMUR,KRAMAT JATI,65,0,201905,real_jakarta,True
2019,5,2019-05-01,JAKARTA TIMUR,MAKASAR,27,0,201905,real_jakarta,True
2019,5,2019-05-01,JAKARTA TIMUR,MATRAMAN,45,0,201905,real_jakarta,True
2019,5,2019-05-01,JAKARTA TIMUR,PASAR REBO,71,0,201905,real_jakarta,True
2019,5,2019-05-01,JAKARTA TIMUR,PULO GADUNG,45,0,201905,real_jakarta,True
2019,5,2019-05-01,JAKARTA UTARA,CILINCING,30,0,201905,real_jakarta,True
2019,5,2019-05-01,JAKARTA UTARA,KELAPA GADING,31,0,201905,real_jakarta,True
2019,5,2019-05-01,JAKARTA UTARA,KOJA,17,0,201905,real_jakarta,True
2019,5,2019-05-01,JAKARTA UTARA,PADEMANGAN,8,0,201905,real_jakarta,True
2019,5,2019-05-01,JAKARTA UTARA,PENJARINGAN,10,0,201905,real_jakarta,True
2019,5,2019-05-01,JAKARTA UTARA,TANJUNG PRIOK,48,0,201905,real_jakarta,True
2019,5,2019-05-01,KABUPATEN KEPULAUAN SERIBU,KEP. SERIBU SELATAN,0,0,201905,real_jakarta,True
2019,5,2019-05-01,KABUPATEN KEPULAUAN SERIBU,KEP. SERIBU UTARA,0,0,201905,real_jakarta,True
2019,6,2019-06-01,JAKARTA BARAT,CENGKARENG,35,0,201906,real_jakarta,True
2019,6,2019-06-01,JAKARTA BARAT,GROGOL PETAMBURAN,7,0,201906,real_jakarta,True
2019,6,2019-06-01,JAKARTA BARAT,KALIDERES,70,0,201906,real_jakarta,True
2019,6,2019-06-01,JAKARTA BARAT,KEBON JERUK,13,0,201906,real_jakarta,True
2019,6,2019-06-01,JAKARTA BARAT,KEMBANGAN,25,0,201906,real_jakarta,True
2019,6,2019-06-01,JAKARTA BARAT,PALMERAH,11,0,201906,real_jakarta,True
2019,6,2019-06-01,JAKARTA BARAT,TAMAN SARI,7,0,201906,real_jakarta,True
2019,6,2019-06-01,JAKARTA BARAT,TAMBORA,8,0,201906,real_jakarta,True
2019,6,2019-06-01,JAKARTA PUSAT,CEMPAKA PUTIH,2,0,201906,real_jakarta,True
2019,6,2019-06-01,JAKARTA PUSAT,GAMBIR,2,0,201906,real_jakarta,True
2019,6,2019-06-01,JAKARTA PUSAT,JOHAR BARU,9,0,201906,real_jakarta,True
2019,6,2019-06-01,JAKARTA PUSAT,KEMAYORAN,4,0,201906,real_jakarta,True
2019,6,2019-06-01,JAKARTA PUSAT,MENTENG,4,0,201906,real_jakarta,True
2019,6,2019-06-01,JAKARTA PUSAT,SAWAH BESAR,5,0,201906,real_jakarta,True
2019,6,2019-06-01,JAKARTA PUSAT,SENEN,3,0,201906,real_jakarta,True
2019,6,2019-06-01,JAKARTA PUSAT,TANAH ABANG,4,0,201906,real_jakarta,True
2019,6,2019-06-01,JAKARTA SELATAN,CILANDAK,3,0,201906,real_jakarta,True
2019,6,2019-06-01,JAKARTA SELATAN,JAGAKARSA,18,0,201906,real_jakarta,True
2019,6,2019-06-01,JAKARTA SELATAN,KEBAYORAN BARU,4,0,201906,real_jakarta,True
2019,6,2019-06-01,JAKARTA SELATAN,KEBAYORAN LAMA,16,0,201906,real_jakarta,True
2019,6,2019-06-01,JAKARTA SELATAN,MAMPANG PRAPATAN,8,0,201906,real_jakarta,True
2019,6,2019-06-01,JAKARTA SELATAN,PANCORAN,16,0,201906,real_jakarta,True
2019,6,2019-06-01,JAKARTA SELATAN,PASAR MINGGU,23,0,201906,real_jakarta,True
2019,6,2019-06-01,JAKARTA SELATAN,PESANGGRAHAN,44,0,201906,real_jakarta,True
2019,6,2019-06-01,JAKARTA SELATAN,SETIA BUDI,4,0,201906,real_jakarta,True
2019,6,2019-06-01,JAKARTA SELATAN,TEBET,21,0,201906,real_jakarta,True
2019,6,2019-06-01,JAKARTA TIMUR,CAKUNG,61,0,201906,real_jakarta,True
2019,6,2019-06-01,JAKARTA TIMUR,CIPAYUNG,39,0,201906,real_jakarta,True
2019,6,2019-06-01,JAKARTA TIMUR,CIRACAS,42,0,201906,real_jakarta,True
2019,6,2019-06-01,JAKARTA TIMUR,DUREN SAWIT,39,0,201906,real_jakarta,True
2019,6,2019-06-01,JAKARTA TIMUR,JATINEGARA,22,0,201906,real_jakarta,True
2019,6,2019-06-01,JAKARTA TIMUR,KRAMAT JATI,32,0,201906,real_jakarta,True
2019,6,2019-06-01,JAKARTA TIMUR,MAKASAR,15,0,201906,real_jakarta,True
2019,6,2019-06-01,JAKARTA TIMUR,MATRAMAN,19,0,201906,real_jakarta,True
2019,6,2019-06-01,JAKARTA TIMUR,PASAR REBO,29,0,201906,real_jakarta,True
2019,6,2019-06-01,JAKARTA TIMUR,PULO GADUNG,22,0,201906,real_jakarta,True
2019,6,2019-06-01,JAKARTA UTARA,CILINCING,20,0,201906,real_jakarta,True
2019,6,2019-06-01,JAKARTA UTARA,KELAPA GADING,35,0,201906,real_jakarta,True
2019,6,2019-06-01,JAKARTA UTARA,KOJA,29,0,201906,real_jakarta,True
2019,6,2019-06-01,JAKARTA UTARA,PADEMANGAN,7,0,201906,real_jakarta,True
2019,6,2019-06-01,JAKARTA UTARA,PENJARINGAN,12,0,201906,real_jakarta,True
2019,6,2019-06-01,JAKARTA UTARA,TANJUNG PRIOK,13,0,201906,real_jakarta,True
2019,6,2019-06-01,KABUPATEN KEPULAUAN SERIBU,KEP. SERIBU SELATAN,0,0,201906,real_jakarta,True
2019,6,2019-06-01,KABUPATEN KEPULAUAN SERIBU,KEP. SERIBU UTARA,0,0,201906,real_jakarta,True
2019,7,2019-07-01,JAKARTA BARAT,CENGKARENG,18,0,201907,real_jakarta,True
2019,7,2019-07-01,JAKARTA BARAT,GROGOL PETAMBURAN,5,0,201907,real_jakarta,True
2019,7,2019-07-01,JAKARTA BARAT,KALIDERES,26,0,201907,real_jakarta,True
2019,7,2019-07-01,JAKARTA BARAT,KEBON JERUK,5,0,201907,real_jakarta,True
2019,7,2019-07-01,JAKARTA BARAT,KEMBANGAN,10,0,201907,real_jakarta,True
2019,7,2019-07-01,JAKARTA BARAT,PALMERAH,2,0,201907,real_jakarta,True
2019,7,2019-07-01,JAKARTA BARAT,TAMAN SARI,4,0,201907,real_jakarta,True
2019,7,2019-07-01,JAKARTA BARAT,TAMBORA,3,0,201907,real_jakarta,True
2019,7,2019-07-01,JAKARTA PUSAT,CEMPAKA PUTIH,2,0,201907,real_jakarta,True
2019,7,2019-07-01,JAKARTA PUSAT,GAMBIR,2,0,201907,real_jakarta,True
2019,7,2019-07-01,JAKARTA PUSAT,JOHAR BARU,1,0,201907,real_jakarta,True
2019,7,2019-07-01,JAKARTA PUSAT,KEMAYORAN,4,0,201907,real_jakarta,True
2019,7,2019-07-01,JAKARTA PUSAT,MENTENG,0,0,201907,real_jakarta,True
2019,7,2019-07-01,JAKARTA PUSAT,SAWAH BESAR,3,0,201907,real_jakarta,True
2019,7,2019-07-01,JAKARTA PUSAT,SENEN,1,0,201907,real_jakarta,True
2019,7,2019-07-01,JAKARTA PUSAT,TANAH ABANG,3,0,201907,real_jakarta,True
2019,7,2019-07-01,JAKARTA SELATAN,CILANDAK,3,0,201907,real_jakarta,True
2019,7,2019-07-01,JAKARTA SELATAN,JAGAKARSA,8,0,201907,real_jakarta,True
2019,7,2019-07-01,JAKARTA SELATAN,KEBAYORAN BARU,7,0,201907,real_jakarta,True
2019,7,2019-07-01,JAKARTA SELATAN,KEBAYORAN LAMA,5,0,201907,real_jakarta,True
2019,7,2019-07-01,JAKARTA SELATAN,MAMPANG PRAPATAN,5,0,201907,real_jakarta,True
2019,7,2019-07-01,JAKARTA SELATAN,PANCORAN,6,0,201907,real_jakarta,True
2019,7,2019-07-01,JAKARTA SELATAN,PASAR MINGGU,18,0,201907,real_jakarta,True
2019,7,2019-07-01,JAKARTA SELATAN,PESANGGRAHAN,23,0,201907,real_jakarta,True
2019,7,2019-07-01,JAKARTA SELATAN,SETIA BUDI,2,0,201907,real_jakarta,True
2019,7,2019-07-01,JAKARTA SELATAN,TEBET,2,0,201907,real_jakarta,True
2019,7,2019-07-01,JAKARTA TIMUR,CAKUNG,15,0,201907,real_jakarta,True
2019,7,2019-07-01,JAKARTA TIMUR,CIPAYUNG,13,0,201907,real_jakarta,True
2019,7,2019-07-01,JAKARTA TIMUR,CIRACAS,21,0,201907,real_jakarta,True
2019,7,2019-07-01,JAKARTA TIMUR,DUREN SAWIT,13,0,201907,real_jakarta,True
2019,7,2019-07-01,JAKARTA TIMUR,JATINEGARA,6,0,201907,real_jakarta,True
2019,7,2019-07-01,JAKARTA TIMUR,KRAMAT JATI,18,0,201907,real_jakarta,True
2019,7,2019-07-01,JAKARTA TIMUR,MAKASAR,7,0,201907,real_jakarta,True
2019,7,2019-07-01,JAKARTA TIMUR,MATRAMAN,9,0,201907,real_jakarta,True
2019,7,2019-07-01,JAKARTA TIMUR,PASAR REBO,21,0,201907,real_jakarta,True
2019,7,2019-07-01,JAKARTA TIMUR,PULO GADUNG,4,0,201907,real_jakarta,True
2019,7,2019-07-01,JAKARTA UTARA,CILINCING,3,0,201907,real_jakarta,True
2019,7,2019-07-01,JAKARTA UTARA,KELAPA GADING,1,0,201907,real_jakarta,True
2019,7,2019-07-01,JAKARTA UTARA,KOJA,9,0,201907,real_jakarta,True
2019,7,2019-07-01,JAKARTA UTARA,PADEMANGAN,3,0,201907,real_jakarta,True
2019,7,2019-07-01,JAKARTA UTARA,PENJARINGAN,4,0,201907,real_jakarta,True
2019,7,2019-07-01,JAKARTA UTARA,TANJUNG PRIOK,8,0,201907,real_jakarta,True
2019,7,2019-07-01,KABUPATEN KEPULAUAN SERIBU,KEP. SERIBU SELATAN,0,0,201907,real_jakarta,True
2019,7,2019-07-01,KABUPATEN KEPULAUAN SERIBU,KEP. SERIBU UTARA,0,0,201907,real_jakarta,True
2019,8,2019-08-01,JAKARTA BARAT,CENGKARENG,9,0,201908,real_jakarta,True
2019,8,2019-08-01,JAKARTA BARAT,GROGOL PETAMBURAN,0,0,201908,real_jakarta,True
2019,8,2019-08-01,JAKARTA BARAT,KALIDERES,10,0,201908,real_jakarta,True
2019,8,2019-08-01,JAKARTA BARAT,KEBON JERUK,2,0,201908,real_jakarta,True
2019,8,2019-08-01,JAKARTA BARAT,KEMBANGAN,4,0,201908,real_jakarta,True
2019,8,2019-08-01,JAKARTA BARAT,PALMERAH,4,0,201908,real_jakarta,True
2019,8,2019-08-01,JAKARTA BARAT,TAMAN SARI,0,0,201908,real_jakarta,True
2019,8,2019-08-01,JAKARTA BARAT,TAMBORA,2,0,201908,real_jakarta,True
2019,8,2019-08-01,JAKARTA PUSAT,CEMPAKA PUTIH,1,0,201908,real_jakarta,True
2019,8,2019-08-01,JAKARTA PUSAT,GAMBIR,0,0,201908,real_jakarta,True
2019,8,2019-08-01,JAKARTA PUSAT,JOHAR BARU,1,0,201908,real_jakarta,True
2019,8,2019-08-01,JAKARTA PUSAT,KEMAYORAN,1,0,201908,real_jakarta,True
2019,8,2019-08-01,JAKARTA PUSAT,MENTENG,1,0,201908,real_jakarta,True
2019,8,2019-08-01,JAKARTA PUSAT,SAWAH BESAR,0,0,201908,real_jakarta,True
2019,8,2019-08-01,JAKARTA PUSAT,SENEN,0,0,201908,real_jakarta,True
2019,8,2019-08-01,JAKARTA PUSAT,TANAH ABANG,0,0,201908,real_jakarta,True
2019,8,2019-08-01,JAKARTA SELATAN,CILANDAK,0,0,201908,real_jakarta,True
2019,8,2019-08-01,JAKARTA SELATAN,JAGAKARSA,9,0,201908,real_jakarta,True
2019,8,2019-08-01,JAKARTA SELATAN,KEBAYORAN BARU,3,0,201908,real_jakarta,True
2019,8,2019-08-01,JAKARTA SELATAN,KEBAYORAN LAMA,3,0,201908,real_jakarta,True
2019,8,2019-08-01,JAKARTA SELATAN,MAMPANG PRAPATAN,4,0,201908,real_jakarta,True
2019,8,2019-08-01,JAKARTA SELATAN,PANCORAN,2,0,201908,real_jakarta,True
2019,8,2019-08-01,JAKARTA SELATAN,PASAR MINGGU,7,0,201908,real_jakarta,True
2019,8,2019-08-01,JAKARTA SELATAN,PESANGGRAHAN,5,0,201908,real_jakarta,True
2019,8,2019-08-01,JAKARTA SELATAN,SETIA BUDI,1,0,201908,real_jakarta,True
2019,8,2019-08-01,JAKARTA SELATAN,TEBET,1,0,201908,real_jakarta,True
2019,8,2019-08-01,JAKARTA TIMUR,CAKUNG,2,0,201908,real_jakarta,True
2019,8,2019-08-01,JAKARTA TIMUR,CIPAYUNG,3,0,201908,real_jakarta,True
2019,8,2019-08-01,JAKARTA TIMUR,CIRACAS,5,0,201908,real_jakarta,True
2019,8,2019-08-01,JAKARTA TIMUR,DUREN SAWIT,1,0,201908,real_jakarta,True
2019,8,2019-08-01,JAKARTA TIMUR,JATINEGARA,5,0,201908,real_jakarta,True
2019,8,2019-08-01,JAKARTA TIMUR,KRAMAT JATI,5,0,201908,real_jakarta,True
2019,8,2019-08-01,JAKARTA TIMUR,MAKASAR,2,0,201908,real_jakarta,True
2019,8,2019-08-01,JAKARTA TIMUR,MATRAMAN,7,0,201908,real_jakarta,True
2019,8,2019-08-01,JAKARTA TIMUR,PASAR REBO,1,0,201908,real_jakarta,True
2019,8,2019-08-01,JAKARTA TIMUR,PULO GADUNG,1,0,201908,real_jakarta,True
2019,8,2019-08-01,JAKARTA UTARA,CILINCING,1,0,201908,real_jakarta,True
2019,8,2019-08-01,JAKARTA UTARA,KELAPA GADING,4,0,201908,real_jakarta,True
2019,8,2019-08-01,JAKARTA UTARA,KOJA,7,0,201908,real_jakarta,True
2019,8,2019-08-01,JAKARTA UTARA,PADEMANGAN,0,0,201908,real_jakarta,True
2019,8,2019-08-01,JAKARTA UTARA,PENJARINGAN,4,0,201908,real_jakarta,True
2019,8,2019-08-01,JAKARTA UTARA,TANJUNG PRIOK,4,0,201908,real_jakarta,True
2019,8,2019-08-01,KABUPATEN KEPULAUAN SERIBU,KEP. SERIBU SELATAN,0,0,201908,real_jakarta,True
2019,8,2019-08-01,KABUPATEN KEPULAUAN SERIBU,KEP. SERIBU UTARA,0,0,201908,real_jakarta,True
2019,9,2019-09-01,JAKARTA BARAT,CENGKARENG,3,0,201909,real_jakarta,True
2019,9,2019-09-01,JAKARTA BARAT,GROGOL PETAMBURAN,0,0,201909,real_jakarta,True
2019,9,2019-09-01,JAKARTA BARAT,KALIDERES,16,0,201909,real_jakarta,True
2019,9,2019-09-01,JAKARTA BARAT,KEBON JERUK,0,0,201909,real_jakarta,True
2019,9,2019-09-01,JAKARTA BARAT,KEMBANGAN,4,0,201909,real_jakarta,True
2019,9,2019-09-01,JAKARTA BARAT,PALMERAH,0,0,201909,real_jakarta,True
2019,9,2019-09-01,JAKARTA BARAT,TAMAN SARI,1,0,201909,real_jakarta,True
2019,9,2019-09-01,JAKARTA BARAT,TAMBORA,1,0,201909,real_jakarta,True
2019,9,2019-09-01,JAKARTA PUSAT,CEMPAKA PUTIH,0,0,201909,real_jakarta,True
2019,9,2019-09-01,JAKARTA PUSAT,GAMBIR,0,0,201909,real_jakarta,True
2019,9,2019-09-01,JAKARTA PUSAT,JOHAR BARU,1,0,201909,real_jakarta,True
2019,9,2019-09-01,JAKARTA PUSAT,KEMAYORAN,0,0,201909,real_jakarta,True
2019,9,2019-09-01,JAKARTA PUSAT,MENTENG,0,0,201909,real_jakarta,True
2019,9,2019-09-01,JAKARTA PUSAT,SAWAH BESAR,0,0,201909,real_jakarta,True
2019,9,2019-09-01,JAKARTA PUSAT,SENEN,0,0,201909,real_jakarta,True
2019,9,2019-09-01,JAKARTA PUSAT,TANAH ABANG,0,0,201909,real_jakarta,True
2019,9,2019-09-01,JAKARTA SELATAN,CILANDAK,0,0,201909,real_jakarta,True
2019,9,2019-09-01,JAKARTA SELATAN,JAGAKARSA,0,0,201909,real_jakarta,True
2019,9,2019-09-01,JAKARTA SELATAN,KEBAYORAN BARU,0,0,201909,real_jakarta,True
2019,9,2019-09-01,JAKARTA SELATAN,KEBAYORAN LAMA,1,0,201909,real_jakarta,True
2019,9,2019-09-01,JAKARTA SELATAN,MAMPANG PRAPATAN,0,0,201909,real_jakarta,True
2019,9,2019-09-01,JAKARTA SELATAN,PANCORAN,2,0,201909,real_jakarta,True
2019,9,2019-09-01,JAKARTA SELATAN,PASAR MINGGU,3,0,201909,real_jakarta,True
2019,9,2019-09-01,JAKARTA SELATAN,PESANGGRAHAN,1,0,201909,real_jakarta,True
2019,9,2019-09-01,JAKARTA SELATAN,SETIA BUDI,1,0,201909,real_jakarta,True
2019,9,2019-09-01,JAKARTA SELATAN,TEBET,1,0,201909,real_jakarta,True
2019,9,2019-09-01,JAKARTA TIMUR,CAKUNG,4,0,201909,real_jakarta,True
2019,9,2019-09-01,JAKARTA TIMUR,CIPAYUNG,7,0,201909,real_jakarta,True
2019,9,2019-09-01,JAKARTA TIMUR,CIRACAS,0,0,201909,real_jakarta,True
2019,9,2019-09-01,JAKARTA TIMUR,DUREN SAWIT,1,0,201909,real_jakarta,True
2019,9,2019-09-01,JAKARTA TIMUR,JATINEGARA,1,0,201909,real_jakarta,True
2019,9,2019-09-01,JAKARTA TIMUR,KRAMAT JATI,2,0,201909,real_jakarta,True
2019,9,2019-09-01,JAKARTA TIMUR,MAKASAR,0,0,201909,real_jakarta,True
2019,9,2019-09-01,JAKARTA TIMUR,MATRAMAN,2,0,201909,real_jakarta,True
2019,9,2019-09-01,JAKARTA TIMUR,PASAR REBO,3,0,201909,real_jakarta,True
2019,9,2019-09-01,JAKARTA TIMUR,PULO GADUNG,0,0,201909,real_jakarta,True
2019,9,2019-09-01,JAKARTA UTARA,CILINCING,0,0,201909,real_jakarta,True
2019,9,2019-09-01,JAKARTA UTARA,KELAPA GADING,1,0,201909,real_jakarta,True
2019,9,2019-09-01,JAKARTA UTARA,KOJA,1,0,201909,real_jakarta,True
2019,9,2019-09-01,JAKARTA UTARA,PADEMANGAN,1,0,201909,real_jakarta,True
2019,9,2019-09-01,JAKARTA UTARA,PENJARINGAN,2,0,201909,real_jakarta,True
2019,9,2019-09-01,JAKARTA UTARA,TANJUNG PRIOK,1,0,201909,real_jakarta,True
2019,9,2019-09-01,KABUPATEN KEPULAUAN SERIBU,KEP. SERIBU SELATAN,0,0,201909,real_jakarta,True
2019,9,2019-09-01,KABUPATEN KEPULAUAN SERIBU,KEP. SERIBU UTARA,0,0,201909,real_jakarta,True
2019,10,2019-10-01,JAKARTA BARAT,CENGKARENG,7,0,201910,real_jakarta,True
2019,10,2019-10-01,JAKARTA BARAT,GROGOL PETAMBURAN,0,0,201910,real_jakarta,True
2019,10,2019-10-01,JAKARTA BARAT,KALIDERES,13,0,201910,real_jakarta,True
2019,10,2019-10-01,JAKARTA BARAT,KEBON JERUK,0,0,201910,real_jakarta,True
2019,10,2019-10-01,JAKARTA BARAT,KEMBANGAN,0,0,201910,real_jakarta,True
2019,10,2019-10-01,JAKARTA BARAT,PALMERAH,2,0,201910,real_jakarta,True
2019,10,2019-10-01,JAKARTA BARAT,TAMAN SARI,1,0,201910,real_jakarta,True
2019,10,2019-10-01,JAKARTA BARAT,TAMBORA,0,0,201910,real_jakarta,True
2019,10,2019-10-01,JAKARTA PUSAT,CEMPAKA PUTIH,0,0,201910,real_jakarta,True
2019,10,2019-10-01,JAKARTA PUSAT,GAMBIR,0,0,201910,real_jakarta,True
2019,10,2019-10-01,JAKARTA PUSAT,JOHAR BARU,1,0,201910,real_jakarta,True
2019,10,2019-10-01,JAKARTA PUSAT,KEMAYORAN,0,0,201910,real_jakarta,True
2019,10,2019-10-01,JAKARTA PUSAT,MENTENG,0,0,201910,real_jakarta,True
2019,10,2019-10-01,JAKARTA PUSAT,SAWAH BESAR,1,0,201910,real_jakarta,True
2019,10,2019-10-01,JAKARTA PUSAT,SENEN,0,0,201910,real_jakarta,True
2019,10,2019-10-01,JAKARTA PUSAT,TANAH ABANG,0,0,201910,real_jakarta,True
2019,10,2019-10-01,JAKARTA SELATAN,CILANDAK,0,0,201910,real_jakarta,True
2019,10,2019-10-01,JAKARTA SELATAN,JAGAKARSA,0,0,201910,real_jakarta,True
2019,10,2019-10-01,JAKARTA SELATAN,KEBAYORAN BARU,5,0,201910,real_jakarta,True
2019,10,2019-10-01,JAKARTA SELATAN,KEBAYORAN LAMA,2,0,201910,real_jakarta,True
2019,10,2019-10-01,JAKARTA SELATAN,MAMPANG PRAPATAN,4,0,201910,real_jakarta,True
2019,10,2019-10-01,JAKARTA SELATAN,PANCORAN,0,0,201910,real_jakarta,True
2019,10,2019-10-01,JAKARTA SELATAN,PASAR MINGGU,1,0,201910,real_jakarta,True
2019,10,2019-10-01,JAKARTA SELATAN,PESANGGRAHAN,3,0,201910,real_jakarta,True
2019,10,2019-10-01,JAKARTA SELATAN,SETIA BUDI,4,0,201910,real_jakarta,True
2019,10,2019-10-01,JAKARTA SELATAN,TEBET,1,0,201910,real_jakarta,True
2019,10,2019-10-01,JAKARTA TIMUR,CAKUNG,0,0,201910,real_jakarta,True
2019,10,2019-10-01,JAKARTA TIMUR,CIPAYUNG,0,0,201910,real_jakarta,True
2019,10,2019-10-01,JAKARTA TIMUR,CIRACAS,1,0,201910,real_jakarta,True
2019,10,2019-10-01,JAKARTA TIMUR,DUREN SAWIT,2,0,201910,real_jakarta,True
2019,10,2019-10-01,JAKARTA TIMUR,JATINEGARA,7,0,201910,real_jakarta,True
2019,10,2019-10-01,JAKARTA TIMUR,KRAMAT JATI,2,0,201910,real_jakarta,True
2019,10,2019-10-01,JAKARTA TIMUR,MAKASAR,0,0,201910,real_jakarta,True
2019,10,2019-10-01,JAKARTA TIMUR,MATRAMAN,0,0,201910,real_jakarta,True
2019,10,2019-10-01,JAKARTA TIMUR,PASAR REBO,3,0,201910,real_jakarta,True
2019,10,2019-10-01,JAKARTA TIMUR,PULO GADUNG,1,0,201910,real_jakarta,True
2019,10,2019-10-01,JAKARTA UTARA,CILINCING,1,0,201910,real_jakarta,True
2019,10,2019-10-01,JAKARTA UTARA,KELAPA GADING,0,0,201910,real_jakarta,True
2019,10,2019-10-01,JAKARTA UTARA,KOJA,2,0,201910,real_jakarta,True
2019,10,2019-10-01,JAKARTA UTARA,PADEMANGAN,3,0,201910,real_jakarta,True
2019,10,2019-10-01,JAKARTA UTARA,PENJARINGAN,0,0,201910,real_jakarta,True
2019,10,2019-10-01,JAKARTA UTARA,TANJUNG PRIOK,4,0,201910,real_jakarta,True
2019,10,2019-10-01,KABUPATEN KEPULAUAN SERIBU,KEP. SERIBU SELATAN,1,0,201910,real_jakarta,True
2019,10,2019-10-01,KABUPATEN KEPULAUAN SERIBU,KEP. SERIBU UTARA,1,0,201910,real_jakarta,True
2019,11,2019-11-01,JAKARTA BARAT,CENGKARENG,13,0,201911,real_jakarta,True
2019,11,2019-11-01,JAKARTA BARAT,GROGOL PETAMBURAN,0,0,201911,real_jakarta,True
2019,11,2019-11-01,JAKARTA BARAT,KALIDERES,24,0,201911,real_jakarta,True
2019,11,2019-11-01,JAKARTA BARAT,KEBON JERUK,0,0,201911,real_jakarta,True
2019,11,2019-11-01,JAKARTA BARAT,KEMBANGAN,0,0,201911,real_jakarta,True
2019,11,2019-11-01,JAKARTA BARAT,PALMERAH,1,0,201911,real_jakarta,True
2019,11,2019-11-01,JAKARTA BARAT,TAMAN SARI,1,0,201911,real_jakarta,True
2019,11,2019-11-01,JAKARTA BARAT,TAMBORA,1,0,201911,real_jakarta,True
2019,11,2019-11-01,JAKARTA PUSAT,CEMPAKA PUTIH,0,0,201911,real_jakarta,True
2019,11,2019-11-01,JAKARTA PUSAT,GAMBIR,0,0,201911,real_jakarta,True
2019,11,2019-11-01,JAKARTA PUSAT,JOHAR BARU,1,0,201911,real_jakarta,True
2019,11,2019-11-01,JAKARTA PUSAT,KEMAYORAN,0,0,201911,real_jakarta,True
2019,11,2019-11-01,JAKARTA PUSAT,MENTENG,1,0,201911,real_jakarta,True
2019,11,2019-11-01,JAKARTA PUSAT,SAWAH BESAR,0,0,201911,real_jakarta,True
2019,11,2019-11-01,JAKARTA PUSAT,SENEN,0,0,201911,real_jakarta,True
2019,11,2019-11-01,JAKARTA PUSAT,TANAH ABANG,2,0,201911,real_jakarta,True
2019,11,2019-11-01,JAKARTA SELATAN,CILANDAK,1,0,201911,real_jakarta,True
2019,11,2019-11-01,JAKARTA SELATAN,JAGAKARSA,1,0,201911,real_jakarta,True
2019,11,2019-11-01,JAKARTA SELATAN,KEBAYORAN BARU,5,0,201911,real_jakarta,True
2019,11,2019-11-01,JAKARTA SELATAN,KEBAYORAN LAMA,2,0,201911,real_jakarta,True
2019,11,2019-11-01,JAKARTA SELATAN,MAMPANG PRAPATAN,3,0,201911,real_jakarta,True
2019,11,2019-11-01,JAKARTA SELATAN,PANCORAN,1,0,201911,real_jakarta,True
2019,11,2019-11-01,JAKARTA SELATAN,PASAR MINGGU,2,0,201911,real_jakarta,True
2019,11,2019-11-01,JAKARTA SELATAN,PESANGGRAHAN,8,0,201911,real_jakarta,True
2019,11,2019-11-01,JAKARTA SELATAN,SETIA BUDI,1,0,201911,real_jakarta,True
2019,11,2019-11-01,JAKARTA SELATAN,TEBET,0,0,201911,real_jakarta,True
2019,11,2019-11-01,JAKARTA TIMUR,CAKUNG,0,0,201911,real_jakarta,True
2019,11,2019-11-01,JAKARTA TIMUR,CIPAYUNG,3,0,201911,real_jakarta,True
2019,11,2019-11-01,JAKARTA TIMUR,CIRACAS,3,0,201911,real_jakarta,True
2019,11,2019-11-01,JAKARTA TIMUR,DUREN SAWIT,2,0,201911,real_jakarta,True
2019,11,2019-11-01,JAKARTA TIMUR,JATINEGARA,3,0,201911,real_jakarta,True
2019,11,2019-11-01,JAKARTA TIMUR,KRAMAT JATI,2,0,201911,real_jakarta,True
2019,11,2019-11-01,JAKARTA TIMUR,MAKASAR,2,0,201911,real_jakarta,True
2019,11,2019-11-01,JAKARTA TIMUR,MATRAMAN,2,0,201911,real_jakarta,True
2019,11,2019-11-01,JAKARTA TIMUR,PASAR REBO,5,0,201911,real_jakarta,True
2019,11,2019-11-01,JAKARTA TIMUR,PULO GADUNG,1,0,201911,real_jakarta,True
2019,11,2019-11-01,JAKARTA UTARA,CILINCING,0,0,201911,real_jakarta,True
2019,11,2019-11-01,JAKARTA UTARA,KELAPA GADING,1,0,201911,real_jakarta,True
2019,11,2019-11-01,JAKARTA UTARA,KOJA,3,0,201911,real_jakarta,True
2019,11,2019-11-01,JAKARTA UTARA,PADEMANGAN,3,0,201911,real_jakarta,True
2019,11,2019-11-01,JAKARTA UTARA,PENJARINGAN,3,0,201911,real_jakarta,True
2019,11,2019-11-01,JAKARTA UTARA,TANJUNG PRIOK,0,0,201911,real_jakarta,True
2019,11,2019-11-01,KABUPATEN KEPULAUAN SERIBU,KEP. SERIBU SELATAN,0,0,201911,real_jakarta,True
2019,11,2019-11-01,KABUPATEN KEPULAUAN SERIBU,KEP. SERIBU UTARA,2,0,201911,real_jakarta,True
2019,12,2019-12-01,JAKARTA BARAT,CENGKARENG,12,0,201912,real_jakarta,True
2019,12,2019-12-01,JAKARTA BARAT,GROGOL PETAMBURAN,0,0,201912,real_jakarta,True
2019,12,2019-12-01,JAKARTA BARAT,KALIDERES,24,0,201912,real_jakarta,True
2019,12,2019-12-01,JAKARTA BARAT,KEBON JERUK,1,0,201912,real_jakarta,True
2019,12,2019-12-01,JAKARTA BARAT,KEMBANGAN,8,0,201912,real_jakarta,True
2019,12,2019-12-01,JAKARTA BARAT,PALMERAH,2,0,201912,real_jakarta,True
2019,12,2019-12-01,JAKARTA BARAT,TAMAN SARI,0,0,201912,real_jakarta,True
2019,12,2019-12-01,JAKARTA BARAT,TAMBORA,2,0,201912,real_jakarta,True
2019,12,2019-12-01,JAKARTA PUSAT,CEMPAKA PUTIH,0,0,201912,real_jakarta,True
2019,12,2019-12-01,JAKARTA PUSAT,GAMBIR,0,0,201912,real_jakarta,True
2019,12,2019-12-01,JAKARTA PUSAT,JOHAR BARU,2,0,201912,real_jakarta,True
2019,12,2019-12-01,JAKARTA PUSAT,KEMAYORAN,2,0,201912,real_jakarta,True
2019,12,2019-12-01,JAKARTA PUSAT,MENTENG,0,0,201912,real_jakarta,True
2019,12,2019-12-01,JAKARTA PUSAT,SAWAH BESAR,0,0,201912,real_jakarta,True
2019,12,2019-12-01,JAKARTA PUSAT,SENEN,0,0,201912,real_jakarta,True
2019,12,2019-12-01,JAKARTA PUSAT,TANAH ABANG,0,0,201912,real_jakarta,True
2019,12,2019-12-01,JAKARTA SELATAN,CILANDAK,1,0,201912,real_jakarta,True
2019,12,2019-12-01,JAKARTA SELATAN,JAGAKARSA,4,0,201912,real_jakarta,True
2019,12,2019-12-01,JAKARTA SELATAN,KEBAYORAN BARU,5,0,201912,real_jakarta,True
2019,12,2019-12-01,JAKARTA SELATAN,KEBAYORAN LAMA,2,0,201912,real_jakarta,True
2019,12,2019-12-01,JAKARTA SELATAN,MAMPANG PRAPATAN,5,0,201912,real_jakarta,True
2019,12,2019-12-01,JAKARTA SELATAN,PANCORAN,2,0,201912,real_jakarta,True
2019,12,2019-12-01,JAKARTA SELATAN,PASAR MINGGU,1,0,201912,real_jakarta,True
2019,12,2019-12-01,JAKARTA SELATAN,PESANGGRAHAN,7,0,201912,real_jakarta,True
2019,12,2019-12-01,JAKARTA SELATAN,SETIA BUDI,1,0,201912,real_jakarta,True
2019,12,2019-12-01,JAKARTA SELATAN,TEBET,1,0,201912,real_jakarta,True
2019,12,2019-12-01,JAKARTA TIMUR,CAKUNG,1,0,201912,real_jakarta,True
2019,12,2019-12-01,JAKARTA TIMUR,CIPAYUNG,4,0,201912,real_jakarta,True
2019,12,2019-12-01,JAKARTA TIMUR,CIRACAS,5,0,201912,real_jakarta,True
2019,12,2019-12-01,JAKARTA TIMUR,DUREN SAWIT,7,0,201912,real_jakarta,True
2019,12,2019-12-01,JAKARTA TIMUR,JATINEGARA,5,0,201912,real_jakarta,True
2019,12,2019-12-01,JAKARTA TIMUR,KRAMAT JATI,4,0,201912,real_jakarta,True
2019,12,2019-12-01,JAKARTA TIMUR,MAKASAR,2,0,201912,real_jakarta,True
2019,12,2019-12-01,JAKARTA TIMUR,MATRAMAN,0,0,201912,real_jakarta,True
2019,12,2019-12-01,JAKARTA TIMUR,PASAR REBO,2,0,201912,real_jakarta,True
2019,12,2019-12-01,JAKARTA TIMUR,PULO GADUNG,1,0,201912,real_jakarta,True
2019,12,2019-12-01,JAKARTA UTARA,CILINCING,6,0,201912,real_jakarta,True
2019,12,2019-12-01,JAKARTA UTARA,KELAPA GADING,5,0,201912,real_jakarta,True
2019,12,2019-12-01,JAKARTA UTARA,KOJA,5,0,201912,real_jakarta,True
2019,12,2019-12-01,JAKARTA UTARA,PADEMANGAN,1,0,201912,real_jakarta,True
2019,12,2019-12-01,JAKARTA UTARA,PENJARINGAN,2,0,201912,real_jakarta,True
2019,12,2019-12-01,JAKARTA UTARA,TANJUNG PRIOK,2,0,201912,real_jakarta,True
2019,12,2019-12-01,KABUPATEN KEPULAUAN SERIBU,KEP. SERIBU SELATAN,0,0,201912,real_jakarta,True
2019,12,2019-12-01,KABUPATEN KEPULAUAN SERIBU,KEP. SERIBU UTARA,0,0,201912,real_jakarta,True
2020,1,2020-01-01,JAKARTA BARAT,CENGKARENG,15,0,202001,real_jakarta,True
2020,1,2020-01-01,JAKARTA BARAT,GROGOL PETAMBURAN,8,0,202001,real_jakarta,True
2020,1,2020-01-01,JAKARTA BARAT,KALIDERES,22,0,202001,real_jakarta,True
2020,1,2020-01-01,JAKARTA BARAT,KEBON JERUK,7,0,202001,real_jakarta,True
2020,1,2020-01-01,JAKARTA BARAT,KEMBANGAN,7,0,202001,real_jakarta,True
2020,1,2020-01-01,JAKARTA BARAT,PALMERAH,8,0,202001,real_jakarta,True
2020,1,2020-01-01,JAKARTA BARAT,TAMAN SARI,0,0,202001,real_jakarta,True
2020,1,2020-01-01,JAKARTA BARAT,TAMBORA,2,0,202001,real_jakarta,True
2020,1,2020-01-01,JAKARTA PUSAT,CEMPAKA PUTIH,1,0,202001,real_jakarta,True
2020,1,2020-01-01,JAKARTA PUSAT,GAMBIR,0,0,202001,real_jakarta,True
2020,1,2020-01-01,JAKARTA PUSAT,JOHAR BARU,2,0,202001,real_jakarta,True
2020,1,2020-01-01,JAKARTA PUSAT,KEMAYORAN,8,0,202001,real_jakarta,True
2020,1,2020-01-01,JAKARTA PUSAT,MENTENG,2,0,202001,real_jakarta,True
2020,1,2020-01-01,JAKARTA PUSAT,SAWAH BESAR,3,0,202001,real_jakarta,True
2020,1,2020-01-01,JAKARTA PUSAT,SENEN,1,0,202001,real_jakarta,True
2020,1,2020-01-01,JAKARTA PUSAT,TANAH ABANG,1,0,202001,real_jakarta,True
2020,1,2020-01-01,JAKARTA SELATAN,CILANDAK,2,0,202001,real_jakarta,True
2020,1,2020-01-01,JAKARTA SELATAN,JAGAKARSA,4,0,202001,real_jakarta,True
2020,1,2020-01-01,JAKARTA SELATAN,KEBAYORAN BARU,13,0,202001,real_jakarta,True
2020,1,2020-01-01,JAKARTA SELATAN,KEBAYORAN LAMA,4,0,202001,real_jakarta,True
2020,1,2020-01-01,JAKARTA SELATAN,MAMPANG PRAPATAN,8,0,202001,real_jakarta,True
2020,1,2020-01-01,JAKARTA SELATAN,PANCORAN,4,0,202001,real_jakarta,True
2020,1,2020-01-01,JAKARTA SELATAN,PASAR MINGGU,9,0,202001,real_jakarta,True
2020,1,2020-01-01,JAKARTA SELATAN,PESANGGRAHAN,18,0,202001,real_jakarta,True
2020,1,2020-01-01,JAKARTA SELATAN,SETIA BUDI,0,0,202001,real_jakarta,True
2020,1,2020-01-01,JAKARTA SELATAN,TEBET,0,0,202001,real_jakarta,True
2020,1,2020-01-01,JAKARTA TIMUR,CAKUNG,4,0,202001,real_jakarta,True
2020,1,2020-01-01,JAKARTA TIMUR,CIPAYUNG,9,0,202001,real_jakarta,True
2020,1,2020-01-01,JAKARTA TIMUR,CIRACAS,10,0,202001,real_jakarta,True
2020,1,2020-01-01,JAKARTA TIMUR,DUREN SAWIT,9,0,202001,real_jakarta,True
2020,1,2020-01-01,JAKARTA TIMUR,JATINEGARA,9,0,202001,real_jakarta,True
2020,1,2020-01-01,JAKARTA TIMUR,KRAMAT JATI,7,0,202001,real_jakarta,True
2020,1,2020-01-01,JAKARTA TIMUR,MAKASAR,10,0,202001,real_jakarta,True
2020,1,2020-01-01,JAKARTA TIMUR,MATRAMAN,0,0,202001,real_jakarta,True
2020,1,2020-01-01,JAKARTA TIMUR,PASAR REBO,19,0,202001,real_jakarta,True
2020,1,2020-01-01,JAKARTA TIMUR,PULO GADUNG,2,0,202001,real_jakarta,True
2020,1,2020-01-01,JAKARTA UTARA,CILINCING,4,0,202001,real_jakarta,True
2020,1,2020-01-01,JAKARTA UTARA,KELAPA GADING,9,0,202001,real_jakarta,True
2020,1,2020-01-01,JAKARTA UTARA,KOJA,15,0,202001,real_jakarta,True
2020,1,2020-01-01,JAKARTA UTARA,PADEMANGAN,5,0,202001,real_jakarta,True
2020,1,2020-01-01,JAKARTA UTARA,PENJARINGAN,1,0,202001,real_jakarta,True
2020,1,2020-01-01,JAKARTA UTARA,TANJUNG PRIOK,9,0,202001,real_jakarta,True
2020,1,2020-01-01,KABUPATEN KEPULAUAN SERIBU,KEP. SERIBU SELATAN,0,0,202001,real_jakarta,True
2020,1,2020-01-01,KABUPATEN KEPULAUAN SERIBU,KEP. SERIBU UTARA,4,0,202001,real_jakarta,True
2020,2,2020-02-01,JAKARTA BARAT,CENGKARENG,28,0,202002,real_jakarta,True
2020,2,2020-02-01,JAKARTA BARAT,GROGOL PETAMBURAN,17,0,202002,real_jakarta,True
2020,2,2020-02-01,JAKARTA BARAT,KALIDERES,38,0,202002,real_jakarta,True
2020,2,2020-02-01,JAKARTA BARAT,KEBON JERUK,12,0,202002,real_jakarta,True
2020,2,2020-02-01,JAKARTA BARAT,KEMBANGAN,29,0,202002,real_jakarta,True
2020,2,2020-02-01,JAKARTA BARAT,PALMERAH,13,0,202002,real_jakarta,True
2020,2,2020-02-01,JAKARTA BARAT,TAMAN SARI,11,0,202002,real_jakarta,True
2020,2,2020-02-01,JAKARTA BARAT,TAMBORA,18,0,202002,real_jakarta,True
2020,2,2020-02-01,JAKARTA PUSAT,CEMPAKA PUTIH,4,0,202002,real_jakarta,True
2020,2,2020-02-01,JAKARTA PUSAT,GAMBIR,7,0,202002,real_jakarta,True
2020,2,2020-02-01,JAKARTA PUSAT,JOHAR BARU,4,0,202002,real_jakarta,True
2020,2,2020-02-01,JAKARTA PUSAT,KEMAYORAN,5,0,202002,real_jakarta,True
2020,2,2020-02-01,JAKARTA PUSAT,MENTENG,6,0,202002,real_jakarta,True
2020,2,2020-02-01,JAKARTA PUSAT,SAWAH BESAR,5,0,202002,real_jakarta,True
2020,2,2020-02-01,JAKARTA PUSAT,SENEN,3,0,202002,real_jakarta,True
2020,2,2020-02-01,JAKARTA PUSAT,TANAH ABANG,7,0,202002,real_jakarta,True
2020,2,2020-02-01,JAKARTA SELATAN,CILANDAK,13,0,202002,real_jakarta,True
2020,2,2020-02-01,JAKARTA SELATAN,JAGAKARSA,15,0,202002,real_jakarta,True
2020,2,2020-02-01,JAKARTA SELATAN,KEBAYORAN BARU,29,0,202002,real_jakarta,True
2020,2,2020-02-01,JAKARTA SELATAN,KEBAYORAN LAMA,2,0,202002,real_jakarta,True
2020,2,2020-02-01,JAKARTA SELATAN,MAMPANG PRAPATAN,21,0,202002,real_jakarta,True
2020,2,2020-02-01,JAKARTA SELATAN,PANCORAN,7,0,202002,real_jakarta,True
2020,2,2020-02-01,JAKARTA SELATAN,PASAR MINGGU,25,0,202002,real_jakarta,True
2020,2,2020-02-01,JAKARTA SELATAN,PESANGGRAHAN,52,0,202002,real_jakarta,True
2020,2,2020-02-01,JAKARTA SELATAN,SETIA BUDI,16,0,202002,real_jakarta,True
2020,2,2020-02-01,JAKARTA SELATAN,TEBET,5,0,202002,real_jakarta,True
2020,2,2020-02-01,JAKARTA TIMUR,CAKUNG,11,0,202002,real_jakarta,True
2020,2,2020-02-01,JAKARTA TIMUR,CIPAYUNG,13,0,202002,real_jakarta,True
2020,2,2020-02-01,JAKARTA TIMUR,CIRACAS,12,0,202002,real_jakarta,True
2020,2,2020-02-01,JAKARTA TIMUR,DUREN SAWIT,25,0,202002,real_jakarta,True
2020,2,2020-02-01,JAKARTA TIMUR,JATINEGARA,19,0,202002,real_jakarta,True
2020,2,2020-02-01,JAKARTA TIMUR,KRAMAT JATI,23,0,202002,real_jakarta,True
2020,2,2020-02-01,JAKARTA TIMUR,MAKASAR,7,0,202002,real_jakarta,True
2020,2,2020-02-01,JAKARTA TIMUR,MATRAMAN,16,0,202002,real_jakarta,True
2020,2,2020-02-01,JAKARTA TIMUR,PASAR REBO,29,0,202002,real_jakarta,True
2020,2,2020-02-01,JAKARTA TIMUR,PULO GADUNG,18,0,202002,real_jakarta,True
2020,2,2020-02-01,JAKARTA UTARA,CILINCING,0,0,202002,real_jakarta,True
2020,2,2020-02-01,JAKARTA UTARA,KELAPA GADING,21,0,202002,real_jakarta,True
2020,2,2020-02-01,JAKARTA UTARA,KOJA,12,0,202002,real_jakarta,True
2020,2,2020-02-01,JAKARTA UTARA,PADEMANGAN,3,0,202002,real_jakarta,True
2020,2,2020-02-01,JAKARTA UTARA,PENJARINGAN,8,0,202002,real_jakarta,True
2020,2,2020-02-01,JAKARTA UTARA,TANJUNG PRIOK,18,0,202002,real_jakarta,True
2020,2,2020-02-01,KABUPATEN KEPULAUAN SERIBU,KEP. SERIBU SELATAN,1,0,202002,real_jakarta,True
2020,2,2020-02-01,KABUPATEN KEPULAUAN SERIBU,KEP. SERIBU UTARA,0,0,202002,real_jakarta,True
2020,3,2020-03-01,JAKARTA BARAT,CENGKARENG,59,0,202003,real_jakarta,True
2020,3,2020-03-01,JAKARTA BARAT,GROGOL PETAMBURAN,36,0,202003,real_jakarta,True
2020,3,2020-03-01,JAKARTA BARAT,KALIDERES,105,0,202003,real_jakarta,True
2020,3,2020-03-01,JAKARTA BARAT,KEBON JERUK,21,0,202003,real_jakarta,True
2020,3,2020-03-01,JAKARTA BARAT,KEMBANGAN,60,0,202003,real_jakarta,True
2020,3,2020-03-01,JAKARTA BARAT,PALMERAH,29,0,202003,real_jakarta,True
2020,3,2020-03-01,JAKARTA BARAT,TAMAN SARI,18,0,202003,real_jakarta,True
2020,3,2020-03-01,JAKARTA BARAT,TAMBORA,26,0,202003,real_jakarta,True
2020,3,2020-03-01,JAKARTA PUSAT,CEMPAKA PUTIH,15,0,202003,real_jakarta,True
2020,3,2020-03-01,JAKARTA PUSAT,GAMBIR,4,0,202003,real_jakarta,True
2020,3,2020-03-01,JAKARTA PUSAT,JOHAR BARU,13,0,202003,real_jakarta,True
2020,3,2020-03-01,JAKARTA PUSAT,KEMAYORAN,16,0,202003,real_jakarta,True
2020,3,2020-03-01,JAKARTA PUSAT,MENTENG,19,0,202003,real_jakarta,True
2020,3,2020-03-01,JAKARTA PUSAT,SAWAH BESAR,17,0,202003,real_jakarta,True
2020,3,2020-03-01,JAKARTA PUSAT,SENEN,17,0,202003,real_jakarta,True
2020,3,2020-03-01,JAKARTA PUSAT,TANAH ABANG,21,0,202003,real_jakarta,True
2020,3,2020-03-01,JAKARTA SELATAN,CILANDAK,16,0,202003,real_jakarta,True
2020,3,2020-03-01,JAKARTA SELATAN,JAGAKARSA,25,0,202003,real_jakarta,True
2020,3,2020-03-01,JAKARTA SELATAN,KEBAYORAN BARU,29,0,202003,real_jakarta,True
2020,3,2020-03-01,JAKARTA SELATAN,KEBAYORAN LAMA,22,0,202003,real_jakarta,True
2020,3,2020-03-01,JAKARTA SELATAN,MAMPANG PRAPATAN,31,0,202003,real_jakarta,True
2020,3,2020-03-01,JAKARTA SELATAN,PANCORAN,18,0,202003,real_jakarta,True
2020,3,2020-03-01,JAKARTA SELATAN,PASAR MINGGU,35,0,202003,real_jakarta,True
2020,3,2020-03-01,JAKARTA SELATAN,PESANGGRAHAN,68,0,202003,real_jakarta,True
2020,3,2020-03-01,JAKARTA SELATAN,SETIA BUDI,19,0,202003,real_jakarta,True
2020,3,2020-03-01,JAKARTA SELATAN,TEBET,23,0,202003,real_jakarta,True
2020,3,2020-03-01,JAKARTA TIMUR,CAKUNG,73,0,202003,real_jakarta,True
2020,3,2020-03-01,JAKARTA TIMUR,CIPAYUNG,38,0,202003,real_jakarta,True
2020,3,2020-03-01,JAKARTA TIMUR,CIRACAS,25,0,202003,real_jakarta,True
2020,3,2020-03-01,JAKARTA TIMUR,DUREN SAWIT,43,0,202003,real_jakarta,True
2020,3,2020-03-01,JAKARTA TIMUR,JATINEGARA,34,0,202003,real_jakarta,True
2020,3,2020-03-01,JAKARTA TIMUR,KRAMAT JATI,57,0,202003,real_jakarta,True
2020,3,2020-03-01,JAKARTA TIMUR,MAKASAR,22,0,202003,real_jakarta,True
2020,3,2020-03-01,JAKARTA TIMUR,MATRAMAN,52,0,202003,real_jakarta,True
2020,3,2020-03-01,JAKARTA TIMUR,PASAR REBO,35,0,202003,real_jakarta,True
2020,3,2020-03-01,JAKARTA TIMUR,PULO GADUNG,39,0,202003,real_jakarta,True
2020,3,2020-03-01,JAKARTA UTARA,CILINCING,12,0,202003,real_jakarta,True
2020,3,2020-03-01,JAKARTA UTARA,KELAPA GADING,28,0,202003,real_jakarta,True
2020,3,2020-03-01,JAKARTA UTARA,KOJA,19,0,202003,real_jakarta,True
2020,3,2020-03-01,JAKARTA UTARA,PADEMANGAN,15,0,202003,real_jakarta,True
2020,3,2020-03-01,JAKARTA UTARA,PENJARINGAN,24,0,202003,real_jakarta,True
2020,3,2020-03-01,JAKARTA UTARA,TANJUNG PRIOK,32,0,202003,real_jakarta,True
2020,3,2020-03-01,KABUPATEN KEPULAUAN SERIBU,KEP. SERIBU SELATAN,0,0,202003,real_jakarta,True
2020,3,2020-03-01,KABUPATEN KEPULAUAN SERIBU,KEP. SERIBU UTARA,0,0,202003,real_jakarta,True
2020,4,2020-04-01,JAKARTA BARAT,CENGKARENG,48,0,202004,real_jakarta,True
2020,4,2020-04-01,JAKARTA BARAT,GROGOL PETAMBURAN,27,0,202004,real_jakarta,True
2020,4,2020-04-01,JAKARTA BARAT,KALIDERES,79,0,202004,real_jakarta,True
2020,4,2020-04-01,JAKARTA BARAT,KEBON JERUK,17,0,202004,real_jakarta,True
2020,4,2020-04-01,JAKARTA BARAT,KEMBANGAN,47,0,202004,real_jakarta,True
2020,4,2020-04-01,JAKARTA BARAT,PALMERAH,24,0,202004,real_jakarta,True
2020,4,2020-04-01,JAKARTA BARAT,TAMAN SARI,24,0,202004,real_jakarta,True
2020,4,2020-04-01,JAKARTA BARAT,TAMBORA,16,0,202004,real_jakarta,True
2020,4,2020-04-01,JAKARTA PUSAT,CEMPAKA PUTIH,18,0,202004,real_jakarta,True
2020,4,2020-04-01,JAKARTA PUSAT,GAMBIR,5,0,202004,real_jakarta,True
2020,4,2020-04-01,JAKARTA PUSAT,JOHAR BARU,11,0,202004,real_jakarta,True
2020,4,2020-04-01,JAKARTA PUSAT,KEMAYORAN,29,0,202004,real_jakarta,True
2020,4,2020-04-01,JAKARTA PUSAT,MENTENG,7,0,202004,real_jakarta,True
2020,4,2020-04-01,JAKARTA PUSAT,SAWAH BESAR,10,0,202004,real_jakarta,True
2020,4,2020-04-01,JAKARTA PUSAT,SENEN,11,0,202004,real_jakarta,True
2020,4,2020-04-01,JAKARTA PUSAT,TANAH ABANG,9,0,202004,real_jakarta,True
2020,4,2020-04-01,JAKARTA SELATAN,CILANDAK,10,0,202004,real_jakarta,True
2020,4,2020-04-01,JAKARTA SELATAN,JAGAKARSA,8,0,202004,real_jakarta,True
2020,4,2020-04-01,JAKARTA SELATAN,KEBAYORAN BARU,18,0,202004,real_jakarta,True
2020,4,2020-04-01,JAKARTA SELATAN,KEBAYORAN LAMA,10,0,202004,real_jakarta,True
2020,4,2020-04-01,JAKARTA SELATAN,MAMPANG PRAPATAN,13,0,202004,real_jakarta,True
2020,4,2020-04-01,JAKARTA SELATAN,PANCORAN,17,0,202004,real_jakarta,True
2020,4,2020-04-01,JAKARTA SELATAN,PASAR MINGGU,16,0,202004,real_jakarta,True
2020,4,2020-04-01,JAKARTA SELATAN,PESANGGRAHAN,31,0,202004,real_jakarta,True
2020,4,2020-04-01,JAKARTA SELATAN,SETIA BUDI,28,0,202004,real_jakarta,True
2020,4,2020-04-01,JAKARTA SELATAN,TEBET,22,0,202004,real_jakarta,True
2020,4,2020-04-01,JAKARTA TIMUR,CAKUNG,56,0,202004,real_jakarta,True
2020,4,2020-04-01,JAKARTA TIMUR,CIPAYUNG,20,0,202004,real_jakarta,True
2020,4,2020-04-01,JAKARTA TIMUR,CIRACAS,10,0,202004,real_jakarta,True
2020,4,2020-04-01,JAKARTA TIMUR,DUREN SAWIT,85,0,202004,real_jakarta,True
2020,4,2020-04-01,JAKARTA TIMUR,JATINEGARA,38,0,202004,real_jakarta,True
2020,4,2020-04-01,JAKARTA TIMUR,KRAMAT JATI,30,0,202004,real_jakarta,True
2020,4,2020-04-01,JAKARTA TIMUR,MAKASAR,22,0,202004,real_jakarta,True
2020,4,2020-04-01,JAKARTA TIMUR,MATRAMAN,28,0,202004,real_jakarta,True
2020,4,2020-04-01,JAKARTA TIMUR,PASAR REBO,14,0,202004,real_jakarta,True
2020,4,2020-04-01,JAKARTA TIMUR,PULO GADUNG,28,0,202004,real_jakarta,True
2020,4,2020-04-01,JAKARTA UTARA,CILINCING,16,0,202004,real_jakarta,True
2020,4,2020-04-01,JAKARTA UTARA,KELAPA GADING,24,0,202004,real_jakarta,True
2020,4,2020-04-01,JAKARTA UTARA,KOJA,26,0,202004,real_jakarta,True
2020,4,2020-04-01,JAKARTA UTARA,PADEMANGAN,14,0,202004,real_jakarta,True
2020,4,2020-04-01,JAKARTA UTARA,PENJARINGAN,9,0,202004,real_jakarta,True
2020,4,2020-04-01,JAKARTA UTARA,TANJUNG PRIOK,53,0,202004,real_jakarta,True
2020,4,2020-04-01,KABUPATEN KEPULAUAN SERIBU,KEP. SERIBU SELATAN,0,0,202004,real_jakarta,True
2020,4,2020-04-01,KABUPATEN KEPULAUAN SERIBU,KEP. SERIBU UTARA,0,0,202004,real_jakarta,True
2020,5,2020-05-01,JAKARTA BARAT,CENGKARENG,48,0,202005,real_jakarta,True
2020,5,2020-05-01,JAKARTA BARAT,GROGOL PETAMBURAN,10,0,202005,real_jakarta,True
2020,5,2020-05-01,JAKARTA BARAT,KALIDERES,63,0,202005,real_jakarta,True
2020,5,2020-05-01,JAKARTA BARAT,KEBON JERUK,10,0,202005,real_jakarta,True
2020,5,2020-05-01,JAKARTA BARAT,KEMBANGAN,36,0,202005,real_jakarta,True
2020,5,2020-05-01,JAKARTA BARAT,PALMERAH,8,0,202005,real_jakarta,True
2020,5,2020-05-01,JAKARTA BARAT,TAMAN SARI,10,0,202005,real_jakarta,True
2020,5,2020-05-01,JAKARTA BARAT,TAMBORA,10,0,202005,real_jakarta,True
2020,5,2020-05-01,JAKARTA PUSAT,CEMPAKA PUTIH,8,0,202005,real_jakarta,True
2020,5,2020-05-01,JAKARTA PUSAT,GAMBIR,3,0,202005,real_jakarta,True
2020,5,2020-05-01,JAKARTA PUSAT,JOHAR BARU,5,0,202005,real_jakarta,True
2020,5,2020-05-01,JAKARTA PUSAT,KEMAYORAN,27,0,202005,real_jakarta,True
2020,5,2020-05-01,JAKARTA PUSAT,MENTENG,3,0,202005,real_jakarta,True
2020,5,2020-05-01,JAKARTA PUSAT,SAWAH BESAR,6,0,202005,real_jakarta,True
2020,5,2020-05-01,JAKARTA PUSAT,SENEN,5,0,202005,real_jakarta,True
2020,5,2020-05-01,JAKARTA PUSAT,TANAH ABANG,5,0,202005,real_jakarta,True
2020,5,2020-05-01,JAKARTA SELATAN,CILANDAK,3,0,202005,real_jakarta,True
2020,5,2020-05-01,JAKARTA SELATAN,JAGAKARSA,7,0,202005,real_jakarta,True
2020,5,2020-05-01,JAKARTA SELATAN,KEBAYORAN BARU,10,0,202005,real_jakarta,True
2020,5,2020-05-01,JAKARTA SELATAN,KEBAYORAN LAMA,4,0,202005,real_jakarta,True
2020,5,2020-05-01,JAKARTA SELATAN,MAMPANG PRAPATAN,12,0,202005,real_jakarta,True
2020,5,2020-05-01,JAKARTA SELATAN,PANCORAN,11,0,202005,real_jakarta,True
2020,5,2020-05-01,JAKARTA SELATAN,PASAR MINGGU,14,0,202005,real_jakarta,True
2020,5,2020-05-01,JAKARTA SELATAN,PESANGGRAHAN,30,0,202005,real_jakarta,True
2020,5,2020-05-01,JAKARTA SELATAN,SETIA BUDI,6,0,202005,real_jakarta,True
2020,5,2020-05-01,JAKARTA SELATAN,TEBET,13,0,202005,real_jakarta,True
2020,5,2020-05-01,JAKARTA TIMUR,CAKUNG,68,0,202005,real_jakarta,True
2020,5,2020-05-01,JAKARTA TIMUR,CIPAYUNG,23,0,202005,real_jakarta,True
2020,5,2020-05-01,JAKARTA TIMUR,CIRACAS,22,0,202005,real_jakarta,True
2020,5,2020-05-01,JAKARTA TIMUR,DUREN SAWIT,35,0,202005,real_jakarta,True
2020,5,2020-05-01,JAKARTA TIMUR,JATINEGARA,16,0,202005,real_jakarta,True
2020,5,2020-05-01,JAKARTA TIMUR,KRAMAT JATI,41,1,202005,real_jakarta,True
2020,5,2020-05-01,JAKARTA TIMUR,MAKASAR,12,0,202005,real_jakarta,True
2020,5,2020-05-01,JAKARTA TIMUR,MATRAMAN,21,0,202005,real_jakarta,True
2020,5,2020-05-01,JAKARTA TIMUR,PASAR REBO,14,0,202005,real_jakarta,True
2020,5,2020-05-01,JAKARTA TIMUR,PULO GADUNG,18,0,202005,real_jakarta,True
2020,5,2020-05-01,JAKARTA UTARA,CILINCING,13,0,202005,real_jakarta,True
2020,5,2020-05-01,JAKARTA UTARA,KELAPA GADING,22,0,202005,real_jakarta,True
2020,5,2020-05-01,JAKARTA UTARA,KOJA,21,0,202005,real_jakarta,True
2020,5,2020-05-01,JAKARTA UTARA,PADEMANGAN,2,0,202005,real_jakarta,True
2020,5,2020-05-01,JAKARTA UTARA,PENJARINGAN,4,0,202005,real_jakarta,True
2020,5,2020-05-01,JAKARTA UTARA,TANJUNG PRIOK,18,0,202005,real_jakarta,True
2020,5,2020-05-01,KABUPATEN KEPULAUAN SERIBU,KEP. SERIBU SELATAN,0,0,202005,real_jakarta,True
2020,5,2020-05-01,KABUPATEN KEPULAUAN SERIBU,KEP. SERIBU UTARA,0,0,202005,real_jakarta,True
2020,6,2020-06-01,JAKARTA BARAT,CENGKARENG,23,0,202006,real_jakarta,True
2020,6,2020-06-01,JAKARTA BARAT,GROGOL PETAMBURAN,6,0,202006,real_jakarta,True
2020,6,2020-06-01,JAKARTA BARAT,KALIDERES,22,0,202006,real_jakarta,True
2020,6,2020-06-01,JAKARTA BARAT,KEBON JERUK,4,0,202006,real_jakarta,True
2020,6,2020-06-01,JAKARTA BARAT,KEMBANGAN,17,0,202006,real_jakarta,True
2020,6,2020-06-01,JAKARTA BARAT,PALMERAH,1,0,202006,real_jakarta,True
2020,6,2020-06-01,JAKARTA BARAT,TAMAN SARI,8,0,202006,real_jakarta,True
2020,6,2020-06-01,JAKARTA BARAT,TAMBORA,1,0,202006,real_jakarta,True
2020,6,2020-06-01,JAKARTA PUSAT,CEMPAKA PUTIH,3,0,202006,real_jakarta,True
2020,6,2020-06-01,JAKARTA PUSAT,GAMBIR,0,0,202006,real_jakarta,True
2020,6,2020-06-01,JAKARTA PUSAT,JOHAR BARU,2,0,202006,real_jakarta,True
2020,6,2020-06-01,JAKARTA PUSAT,KEMAYORAN,5,0,202006,real_jakarta,True
2020,6,2020-06-01,JAKARTA PUSAT,MENTENG,0,0,202006,real_jakarta,True
2020,6,2020-06-01,JAKARTA PUSAT,SAWAH BESAR,1,0,202006,real_jakarta,True
2020,6,2020-06-01,JAKARTA PUSAT,SENEN,1,0,202006,real_jakarta,True
2020,6,2020-06-01,JAKARTA PUSAT,TANAH ABANG,0,0,202006,real_jakarta,True
2020,6,2020-06-01,JAKARTA SELATAN,CILANDAK,6,0,202006,real_jakarta,True
2020,6,2020-06-01,JAKARTA SELATAN,JAGAKARSA,13,0,202006,real_jakarta,True
2020,6,2020-06-01,JAKARTA SELATAN,KEBAYORAN BARU,10,0,202006,real_jakarta,True
2020,6,2020-06-01,JAKARTA SELATAN,KEBAYORAN LAMA,7,0,202006,real_jakarta,True
2020,6,2020-06-01,JAKARTA SELATAN,MAMPANG PRAPATAN,8,0,202006,real_jakarta,True
2020,6,2020-06-01,JAKARTA SELATAN,PANCORAN,2,0,202006,real_jakarta,True
2020,6,2020-06-01,JAKARTA SELATAN,PASAR MINGGU,24,0,202006,real_jakarta,True
2020,6,2020-06-01,JAKARTA SELATAN,PESANGGRAHAN,13,0,202006,real_jakarta,True
2020,6,2020-06-01,JAKARTA SELATAN,SETIA BUDI,6,0,202006,real_jakarta,True
2020,6,2020-06-01,JAKARTA SELATAN,TEBET,6,0,202006,real_jakarta,True
2020,6,2020-06-01,JAKARTA TIMUR,CAKUNG,17,0,202006,real_jakarta,True
2020,6,2020-06-01,JAKARTA TIMUR,CIPAYUNG,11,0,202006,real_jakarta,True
2020,6,2020-06-01,JAKARTA TIMUR,CIRACAS,9,0,202006,real_jakarta,True
2020,6,2020-06-01,JAKARTA TIMUR,DUREN SAWIT,17,0,202006,real_jakarta,True
2020,6,2020-06-01,JAKARTA TIMUR,JATINEGARA,7,0,202006,real_jakarta,True
2020,6,2020-06-01,JAKARTA TIMUR,KRAMAT JATI,18,0,202006,real_jakarta,True
2020,6,2020-06-01,JAKARTA TIMUR,MAKASAR,12,0,202006,real_jakarta,True
2020,6,2020-06-01,JAKARTA TIMUR,MATRAMAN,4,0,202006,real_jakarta,True
2020,6,2020-06-01,JAKARTA TIMUR,PASAR REBO,21,0,202006,real_jakarta,True
2020,6,2020-06-01,JAKARTA TIMUR,PULO GADUNG,7,0,202006,real_jakarta,True
2020,6,2020-06-01,JAKARTA UTARA,CILINCING,5,0,202006,real_jakarta,True
2020,6,2020-06-01,JAKARTA UTARA,KELAPA GADING,12,0,202006,real_jakarta,True
2020,6,2020-06-01,JAKARTA UTARA,KOJA,10,0,202006,real_jakarta,True
2020,6,2020-06-01,JAKARTA UTARA,PADEMANGAN,2,0,202006,real_jakarta,True
2020,6,2020-06-01,JAKARTA UTARA,PENJARINGAN,1,0,202006,real_jakarta,True
2020,6,2020-06-01,JAKARTA UTARA,TANJUNG PRIOK,8,0,202006,real_jakarta,True
2020,6,2020-06-01,KABUPATEN KEPULAUAN SERIBU,KEP. SERIBU SELATAN,0,0,202006,real_jakarta,True
2020,6,2020-06-01,KABUPATEN KEPULAUAN SERIBU,KEP. SERIBU UTARA,0,0,202006,real_jakarta,True
2020,7,2020-07-01,JAKARTA BARAT,CENGKARENG,6,0,202007,real_jakarta,True
2020,7,2020-07-01,JAKARTA BARAT,GROGOL PETAMBURAN,0,0,202007,real_jakarta,True
2020,7,2020-07-01,JAKARTA BARAT,KALIDERES,10,0,202007,real_jakarta,True
2020,7,2020-07-01,JAKARTA BARAT,KEBON JERUK,3,0,202007,real_jakarta,True
2020,7,2020-07-01,JAKARTA BARAT,KEMBANGAN,2,0,202007,real_jakarta,True
2020,7,2020-07-01,JAKARTA BARAT,PALMERAH,0,0,202007,real_jakarta,True
2020,7,2020-07-01,JAKARTA BARAT,TAMAN SARI,1,0,202007,real_jakarta,True
2020,7,2020-07-01,JAKARTA BARAT,TAMBORA,0,0,202007,real_jakarta,True
2020,7,2020-07-01,JAKARTA PUSAT,CEMPAKA PUTIH,0,0,202007,real_jakarta,True
2020,7,2020-07-01,JAKARTA PUSAT,GAMBIR,0,0,202007,real_jakarta,True
2020,7,2020-07-01,JAKARTA PUSAT,JOHAR BARU,2,0,202007,real_jakarta,True
2020,7,2020-07-01,JAKARTA PUSAT,KEMAYORAN,1,0,202007,real_jakarta,True
2020,7,2020-07-01,JAKARTA PUSAT,MENTENG,0,0,202007,real_jakarta,True
2020,7,2020-07-01,JAKARTA PUSAT,SAWAH BESAR,0,0,202007,real_jakarta,True
2020,7,2020-07-01,JAKARTA PUSAT,SENEN,1,0,202007,real_jakarta,True
2020,7,2020-07-01,JAKARTA PUSAT,TANAH ABANG,1,0,202007,real_jakarta,True
2020,7,2020-07-01,JAKARTA SELATAN,CILANDAK,3,0,202007,real_jakarta,True
2020,7,2020-07-01,JAKARTA SELATAN,JAGAKARSA,6,0,202007,real_jakarta,True
2020,7,2020-07-01,JAKARTA SELATAN,KEBAYORAN BARU,5,0,202007,real_jakarta,True
2020,7,2020-07-01,JAKARTA SELATAN,KEBAYORAN LAMA,5,0,202007,real_jakarta,True
2020,7,2020-07-01,JAKARTA SELATAN,MAMPANG PRAPATAN,3,0,202007,real_jakarta,True
2020,7,2020-07-01,JAKARTA SELATAN,PANCORAN,0,0,202007,real_jakarta,True
2020,7,2020-07-01,JAKARTA SELATAN,PASAR MINGGU,12,0,202007,real_jakarta,True
2020,7,2020-07-01,JAKARTA SELATAN,PESANGGRAHAN,5,0,202007,real_jakarta,True
2020,7,2020-07-01,JAKARTA SELATAN,SETIA BUDI,5,0,202007,real_jakarta,True
2020,7,2020-07-01,JAKARTA SELATAN,TEBET,4,0,202007,real_jakarta,True
2020,7,2020-07-01,JAKARTA TIMUR,CAKUNG,8,0,202007,real_jakarta,True
2020,7,2020-07-01,JAKARTA TIMUR,CIPAYUNG,5,0,202007,real_jakarta,True
2020,7,2020-07-01,JAKARTA TIMUR,CIRACAS,7,0,202007,real_jakarta,True
2020,7,2020-07-01,JAKARTA TIMUR,DUREN SAWIT,1,0,202007,real_jakarta,True
2020,7,2020-07-01,JAKARTA TIMUR,JATINEGARA,4,0,202007,real_jakarta,True
2020,7,2020-07-01,JAKARTA TIMUR,KRAMAT JATI,8,0,202007,real_jakarta,True
2020,7,2020-07-01,JAKARTA TIMUR,MAKASAR,2,0,202007,real_jakarta,True
2020,7,2020-07-01,JAKARTA TIMUR,MATRAMAN,1,0,202007,real_jakarta,True
2020,7,2020-07-01,JAKARTA TIMUR,PASAR REBO,5,0,202007,real_jakarta,True
2020,7,2020-07-01,JAKARTA TIMUR,PULO GADUNG,1,0,202007,real_jakarta,True
2020,7,2020-07-01,JAKARTA UTARA,CILINCING,7,0,202007,real_jakarta,True
2020,7,2020-07-01,JAKARTA UTARA,KELAPA GADING,2,0,202007,real_jakarta,True
2020,7,2020-07-01,JAKARTA UTARA,KOJA,5,0,202007,real_jakarta,True
2020,7,2020-07-01,JAKARTA UTARA,PADEMANGAN,1,0,202007,real_jakarta,True
2020,7,2020-07-01,JAKARTA UTARA,PENJARINGAN,3,0,202007,real_jakarta,True
2020,7,2020-07-01,JAKARTA UTARA,TANJUNG PRIOK,5,0,202007,real_jakarta,True
2020,7,2020-07-01,KABUPATEN KEPULAUAN SERIBU,KEP. SERIBU SELATAN,0,0,202007,real_jakarta,True
2020,7,2020-07-01,KABUPATEN KEPULAUAN SERIBU,KEP. SERIBU UTARA,0,0,202007,real_jakarta,True
2020,8,2020-08-01,JAKARTA BARAT,CENGKARENG,6,0,202008,real_jakarta,True
2020,8,2020-08-01,JAKARTA BARAT,GROGOL PETAMBURAN,0,0,202008,real_jakarta,True
2020,8,2020-08-01,JAKARTA BARAT,KALIDERES,15,0,202008,real_jakarta,True
2020,8,2020-08-01,JAKARTA BARAT,KEBON JERUK,1,0,202008,real_jakarta,True
2020,8,2020-08-01,JAKARTA BARAT,KEMBANGAN,0,0,202008,real_jakarta,True
2020,8,2020-08-01,JAKARTA BARAT,PALMERAH,2,0,202008,real_jakarta,True
2020,8,2020-08-01,JAKARTA BARAT,TAMAN SARI,1,0,202008,real_jakarta,True
2020,8,2020-08-01,JAKARTA BARAT,TAMBORA,0,0,202008,real_jakarta,True
2020,8,2020-08-01,JAKARTA PUSAT,CEMPAKA PUTIH,0,0,202008,real_jakarta,True
2020,8,2020-08-01,JAKARTA PUSAT,GAMBIR,0,0,202008,real_jakarta,True
2020,8,2020-08-01,JAKARTA PUSAT,JOHAR BARU,0,0,202008,real_jakarta,True
2020,8,2020-08-01,JAKARTA PUSAT,KEMAYORAN,0,0,202008,real_jakarta,True
2020,8,2020-08-01,JAKARTA PUSAT,MENTENG,0,0,202008,real_jakarta,True
2020,8,2020-08-01,JAKARTA PUSAT,SAWAH BESAR,1,0,202008,real_jakarta,True
2020,8,2020-08-01,JAKARTA PUSAT,SENEN,0,0,202008,real_jakarta,True
2020,8,2020-08-01,JAKARTA PUSAT,TANAH ABANG,1,0,202008,real_jakarta,True
2020,8,2020-08-01,JAKARTA SELATAN,CILANDAK,2,0,202008,real_jakarta,True
2020,8,2020-08-01,JAKARTA SELATAN,JAGAKARSA,1,0,202008,real_jakarta,True
2020,8,2020-08-01,JAKARTA SELATAN,KEBAYORAN BARU,2,0,202008,real_jakarta,True
2020,8,2020-08-01,JAKARTA SELATAN,KEBAYORAN LAMA,0,0,202008,real_jakarta,True
2020,8,2020-08-01,JAKARTA SELATAN,MAMPANG PRAPATAN,3,0,202008,real_jakarta,True
2020,8,2020-08-01,JAKARTA SELATAN,PANCORAN,1,0,202008,real_jakarta,True
2020,8,2020-08-01,JAKARTA SELATAN,PASAR MINGGU,1,0,202008,real_jakarta,True
2020,8,2020-08-01,JAKARTA SELATAN,PESANGGRAHAN,4,0,202008,real_jakarta,True
2020,8,2020-08-01,JAKARTA SELATAN,SETIA BUDI,0,0,202008,real_jakarta,True
2020,8,2020-08-01,JAKARTA SELATAN,TEBET,0,0,202008,real_jakarta,True
2020,8,2020-08-01,JAKARTA TIMUR,CAKUNG,0,0,202008,real_jakarta,True
2020,8,2020-08-01,JAKARTA TIMUR,CIPAYUNG,1,0,202008,real_jakarta,True
2020,8,2020-08-01,JAKARTA TIMUR,CIRACAS,8,0,202008,real_jakarta,True
2020,8,2020-08-01,JAKARTA TIMUR,DUREN SAWIT,2,0,202008,real_jakarta,True
2020,8,2020-08-01,JAKARTA TIMUR,JATINEGARA,5,0,202008,real_jakarta,True
2020,8,2020-08-01,JAKARTA TIMUR,KRAMAT JATI,6,0,202008,real_jakarta,True
2020,8,2020-08-01,JAKARTA TIMUR,MAKASAR,2,0,202008,real_jakarta,True
2020,8,2020-08-01,JAKARTA TIMUR,MATRAMAN,1,0,202008,real_jakarta,True
2020,8,2020-08-01,JAKARTA TIMUR,PASAR REBO,0,0,202008,real_jakarta,True
2020,8,2020-08-01,JAKARTA TIMUR,PULO GADUNG,0,0,202008,real_jakarta,True
2020,8,2020-08-01,JAKARTA UTARA,CILINCING,1,0,202008,real_jakarta,True
2020,8,2020-08-01,JAKARTA UTARA,KELAPA GADING,0,0,202008,real_jakarta,True
2020,8,2020-08-01,JAKARTA UTARA,KOJA,4,0,202008,real_jakarta,True
2020,8,2020-08-01,JAKARTA UTARA,PADEMANGAN,2,0,202008,real_jakarta,True
2020,8,2020-08-01,JAKARTA UTARA,PENJARINGAN,0,0,202008,real_jakarta,True
2020,8,2020-08-01,JAKARTA UTARA,TANJUNG PRIOK,2,0,202008,real_jakarta,True
2020,8,2020-08-01,KABUPATEN KEPULAUAN SERIBU,KEP. SERIBU SELATAN,0,0,202008,real_jakarta,True
2020,8,2020-08-01,KABUPATEN KEPULAUAN SERIBU,KEP. SERIBU UTARA,0,0,202008,real_jakarta,True
2020,9,2020-09-01,JAKARTA BARAT,CENGKARENG,10,0,202009,real_jakarta,True
2020,9,2020-09-01,JAKARTA BARAT,GROGOL PETAMBURAN,0,0,202009,real_jakarta,True
2020,9,2020-09-01,JAKARTA BARAT,KALIDERES,8,0,202009,real_jakarta,True
2020,9,2020-09-01,JAKARTA BARAT,KEBON JERUK,0,0,202009,real_jakarta,True
2020,9,2020-09-01,JAKARTA BARAT,KEMBANGAN,0,0,202009,real_jakarta,True
2020,9,2020-09-01,JAKARTA BARAT,PALMERAH,0,0,202009,real_jakarta,True
2020,9,2020-09-01,JAKARTA BARAT,TAMAN SARI,0,0,202009,real_jakarta,True
2020,9,2020-09-01,JAKARTA BARAT,TAMBORA,1,0,202009,real_jakarta,True
2020,9,2020-09-01,JAKARTA PUSAT,CEMPAKA PUTIH,0,0,202009,real_jakarta,True
2020,9,2020-09-01,JAKARTA PUSAT,GAMBIR,0,0,202009,real_jakarta,True
2020,9,2020-09-01,JAKARTA PUSAT,JOHAR BARU,0,0,202009,real_jakarta,True
2020,9,2020-09-01,JAKARTA PUSAT,KEMAYORAN,0,0,202009,real_jakarta,True
2020,9,2020-09-01,JAKARTA PUSAT,MENTENG,0,0,202009,real_jakarta,True
2020,9,2020-09-01,JAKARTA PUSAT,SAWAH BESAR,0,0,202009,real_jakarta,True
2020,9,2020-09-01,JAKARTA PUSAT,SENEN,0,0,202009,real_jakarta,True
2020,9,2020-09-01,JAKARTA PUSAT,TANAH ABANG,0,0,202009,real_jakarta,True
2020,9,2020-09-01,JAKARTA SELATAN,CILANDAK,1,0,202009,real_jakarta,True
2020,9,2020-09-01,JAKARTA SELATAN,JAGAKARSA,0,0,202009,real_jakarta,True
2020,9,2020-09-01,JAKARTA SELATAN,KEBAYORAN BARU,3,0,202009,real_jakarta,True
2020,9,2020-09-01,JAKARTA SELATAN,KEBAYORAN LAMA,0,0,202009,real_jakarta,True
2020,9,2020-09-01,JAKARTA SELATAN,MAMPANG PRAPATAN,2,0,202009,real_jakarta,True
2020,9,2020-09-01,JAKARTA SELATAN,PANCORAN,2,0,202009,real_jakarta,True
2020,9,2020-09-01,JAKARTA SELATAN,PASAR MINGGU,1,0,202009,real_jakarta,True
2020,9,2020-09-01,JAKARTA SELATAN,PESANGGRAHAN,2,0,202009,real_jakarta,True
2020,9,2020-09-01,JAKARTA SELATAN,SETIA BUDI,0,0,202009,real_jakarta,True
2020,9,2020-09-01,JAKARTA SELATAN,TEBET,1,0,202009,real_jakarta,True
2020,9,2020-09-01,JAKARTA TIMUR,CAKUNG,3,0,202009,real_jakarta,True
2020,9,2020-09-01,JAKARTA TIMUR,CIPAYUNG,2,0,202009,real_jakarta,True
2020,9,2020-09-01,JAKARTA TIMUR,CIRACAS,2,0,202009,real_jakarta,True
2020,9,2020-09-01,JAKARTA TIMUR,DUREN SAWIT,1,0,202009,real_jakarta,True
2020,9,2020-09-01,JAKARTA TIMUR,JATINEGARA,0,0,202009,real_jakarta,True
2020,9,2020-09-01,JAKARTA TIMUR,KRAMAT JATI,2,0,202009,real_jakarta,True
2020,9,2020-09-01,JAKARTA TIMUR,MAKASAR,1,0,202009,real_jakarta,True
2020,9,2020-09-01,JAKARTA TIMUR,MATRAMAN,1,0,202009,real_jakarta,True
2020,9,2020-09-01,JAKARTA TIMUR,PASAR REBO,3,0,202009,real_jakarta,True
2020,9,2020-09-01,JAKARTA TIMUR,PULO GADUNG,0,0,202009,real_jakarta,True
2020,9,2020-09-01,JAKARTA UTARA,CILINCING,1,0,202009,real_jakarta,True
2020,9,2020-09-01,JAKARTA UTARA,KELAPA GADING,0,0,202009,real_jakarta,True
2020,9,2020-09-01,JAKARTA UTARA,KOJA,1,0,202009,real_jakarta,True
2020,9,2020-09-01,JAKARTA UTARA,PADEMANGAN,1,0,202009,real_jakarta,True
2020,9,2020-09-01,JAKARTA UTARA,PENJARINGAN,0,0,202009,real_jakarta,True
2020,9,2020-09-01,JAKARTA UTARA,TANJUNG PRIOK,1,0,202009,real_jakarta,True
2020,9,2020-09-01,KABUPATEN KEPULAUAN SERIBU,KEP. SERIBU SELATAN,0,0,202009,real_jakarta,True
2020,9,2020-09-01,KABUPATEN KEPULAUAN SERIBU,KEP. SERIBU UTARA,0,0,202009,real_jakarta,True
2020,10,2020-10-01,JAKARTA BARAT,CENGKARENG,4,0,202010,real_jakarta,True
2020,10,2020-10-01,JAKARTA BARAT,GROGOL PETAMBURAN,0,0,202010,real_jakarta,True
2020,10,2020-10-01,JAKARTA BARAT,KALIDERES,6,0,202010,real_jakarta,True
2020,10,2020-10-01,JAKARTA BARAT,KEBON JERUK,0,0,202010,real_jakarta,True
2020,10,2020-10-01,JAKARTA BARAT,KEMBANGAN,0,0,202010,real_jakarta,True
2020,10,2020-10-01,JAKARTA BARAT,PALMERAH,0,0,202010,real_jakarta,True
2020,10,2020-10-01,JAKARTA BARAT,TAMAN SARI,0,0,202010,real_jakarta,True
2020,10,2020-10-01,JAKARTA BARAT,TAMBORA,1,0,202010,real_jakarta,True
2020,10,2020-10-01,JAKARTA PUSAT,CEMPAKA PUTIH,0,0,202010,real_jakarta,True
2020,10,2020-10-01,JAKARTA PUSAT,GAMBIR,0,0,202010,real_jakarta,True
2020,10,2020-10-01,JAKARTA PUSAT,JOHAR BARU,0,0,202010,real_jakarta,True
2020,10,2020-10-01,JAKARTA PUSAT,KEMAYORAN,0,0,202010,real_jakarta,True
2020,10,2020-10-01,JAKARTA PUSAT,MENTENG,0,0,202010,real_jakarta,True
2020,10,2020-10-01,JAKARTA PUSAT,SAWAH BESAR,0,0,202010,real_jakarta,True
2020,10,2020-10-01,JAKARTA PUSAT,SENEN,0,0,202010,real_jakarta,True
2020,10,2020-10-01,JAKARTA PUSAT,TANAH ABANG,0,0,202010,real_jakarta,True
2020,10,2020-10-01,JAKARTA SELATAN,CILANDAK,2,0,202010,real_jakarta,True
2020,10,2020-10-01,JAKARTA SELATAN,JAGAKARSA,1,0,202010,real_jakarta,True
2020,10,2020-10-01,JAKARTA SELATAN,KEBAYORAN BARU,0,0,202010,real_jakarta,True
2020,10,2020-10-01,JAKARTA SELATAN,KEBAYORAN LAMA,1,0,202010,real_jakarta,True
2020,10,2020-10-01,JAKARTA SELATAN,MAMPANG PRAPATAN,4,0,202010,real_jakarta,True
2020,10,2020-10-01,JAKARTA SELATAN,PANCORAN,0,0,202010,real_jakarta,True
2020,10,2020-10-01,JAKARTA SELATAN,PASAR MINGGU,0,0,202010,real_jakarta,True
2020,10,2020-10-01,JAKARTA SELATAN,PESANGGRAHAN,2,0,202010,real_jakarta,True
2020,10,2020-10-01,JAKARTA SELATAN,SETIA BUDI,0,0,202010,real_jakarta,True
2020,10,2020-10-01,JAKARTA SELATAN,TEBET,1,0,202010,real_jakarta,True
2020,10,2020-10-01,JAKARTA TIMUR,CAKUNG,1,0,202010,real_jakarta,True
2020,10,2020-10-01,JAKARTA TIMUR,CIPAYUNG,0,0,202010,real_jakarta,True
2020,10,2020-10-01,JAKARTA TIMUR,CIRACAS,3,0,202010,real_jakarta,True
2020,10,2020-10-01,JAKARTA TIMUR,DUREN SAWIT,0,0,202010,real_jakarta,True
2020,10,2020-10-01,JAKARTA TIMUR,JATINEGARA,0,0,202010,real_jakarta,True
2020,10,2020-10-01,JAKARTA TIMUR,KRAMAT JATI,3,0,202010,real_jakarta,True
2020,10,2020-10-01,JAKARTA TIMUR,MAKASAR,2,0,202010,real_jakarta,True
2020,10,2020-10-01,JAKARTA TIMUR,MATRAMAN,0,0,202010,real_jakarta,True
2020,10,2020-10-01,JAKARTA TIMUR,PASAR REBO,2,0,202010,real_jakarta,True
2020,10,2020-10-01,JAKARTA TIMUR,PULO GADUNG,0,0,202010,real_jakarta,True
2020,10,2020-10-01,JAKARTA UTARA,CILINCING,1,0,202010,real_jakarta,True
2020,10,2020-10-01,JAKARTA UTARA,KELAPA GADING,0,0,202010,real_jakarta,True
2020,10,2020-10-01,JAKARTA UTARA,KOJA,0,0,202010,real_jakarta,True
2020,10,2020-10-01,JAKARTA UTARA,PADEMANGAN,0,0,202010,real_jakarta,True
2020,10,2020-10-01,JAKARTA UTARA,PENJARINGAN,0,0,202010,real_jakarta,True
2020,10,2020-10-01,JAKARTA UTARA,TANJUNG PRIOK,2,0,202010,real_jakarta,True
2020,10,2020-10-01,KABUPATEN KEPULAUAN SERIBU,KEP. SERIBU SELATAN,0,0,202010,real_jakarta,True
2020,10,2020-10-01,KABUPATEN KEPULAUAN SERIBU,KEP. SERIBU UTARA,0,0,202010,real_jakarta,True
2020,11,2020-11-01,JAKARTA BARAT,CENGKARENG,2,0,202011,real_jakarta,True
2020,11,2020-11-01,JAKARTA BARAT,GROGOL PETAMBURAN,4,0,202011,real_jakarta,True
2020,11,2020-11-01,JAKARTA BARAT,KALIDERES,11,0,202011,real_jakarta,True
2020,11,2020-11-01,JAKARTA BARAT,KEBON JERUK,2,0,202011,real_jakarta,True
2020,11,2020-11-01,JAKARTA BARAT,KEMBANGAN,3,0,202011,real_jakarta,True
2020,11,2020-11-01,JAKARTA BARAT,PALMERAH,1,0,202011,real_jakarta,True
2020,11,2020-11-01,JAKARTA BARAT,TAMAN SARI,0,0,202011,real_jakarta,True
2020,11,2020-11-01,JAKARTA BARAT,TAMBORA,0,0,202011,real_jakarta,True
2020,11,2020-11-01,JAKARTA PUSAT,CEMPAKA PUTIH,2,0,202011,real_jakarta,True
2020,11,2020-11-01,JAKARTA PUSAT,GAMBIR,0,0,202011,real_jakarta,True
2020,11,2020-11-01,JAKARTA PUSAT,JOHAR BARU,0,0,202011,real_jakarta,True
2020,11,2020-11-01,JAKARTA PUSAT,KEMAYORAN,1,0,202011,real_jakarta,True
2020,11,2020-11-01,JAKARTA PUSAT,MENTENG,1,0,202011,real_jakarta,True
2020,11,2020-11-01,JAKARTA PUSAT,SAWAH BESAR,0,0,202011,real_jakarta,True
2020,11,2020-11-01,JAKARTA PUSAT,SENEN,0,0,202011,real_jakarta,True
2020,11,2020-11-01,JAKARTA PUSAT,TANAH ABANG,0,0,202011,real_jakarta,True
2020,11,2020-11-01,JAKARTA SELATAN,CILANDAK,0,0,202011,real_jakarta,True
2020,11,2020-11-01,JAKARTA SELATAN,JAGAKARSA,1,0,202011,real_jakarta,True
2020,11,2020-11-01,JAKARTA SELATAN,KEBAYORAN BARU,1,0,202011,real_jakarta,True
2020,11,2020-11-01,JAKARTA SELATAN,KEBAYORAN LAMA,0,0,202011,real_jakarta,True
2020,11,2020-11-01,JAKARTA SELATAN,MAMPANG PRAPATAN,2,0,202011,real_jakarta,True
2020,11,2020-11-01,JAKARTA SELATAN,PANCORAN,3,0,202011,real_jakarta,True
2020,11,2020-11-01,JAKARTA SELATAN,PASAR MINGGU,1,0,202011,real_jakarta,True
2020,11,2020-11-01,JAKARTA SELATAN,PESANGGRAHAN,1,0,202011,real_jakarta,True
2020,11,2020-11-01,JAKARTA SELATAN,SETIA BUDI,0,0,202011,real_jakarta,True
2020,11,2020-11-01,JAKARTA SELATAN,TEBET,0,0,202011,real_jakarta,True
2020,11,2020-11-01,JAKARTA TIMUR,CAKUNG,0,0,202011,real_jakarta,True
2020,11,2020-11-01,JAKARTA TIMUR,CIPAYUNG,4,0,202011,real_jakarta,True
2020,11,2020-11-01,JAKARTA TIMUR,CIRACAS,7,0,202011,real_jakarta,True
2020,11,2020-11-01,JAKARTA TIMUR,DUREN SAWIT,0,0,202011,real_jakarta,True
2020,11,2020-11-01,JAKARTA TIMUR,JATINEGARA,0,0,202011,real_jakarta,True
2020,11,2020-11-01,JAKARTA TIMUR,KRAMAT JATI,4,0,202011,real_jakarta,True
2020,11,2020-11-01,JAKARTA TIMUR,MAKASAR,0,0,202011,real_jakarta,True
2020,11,2020-11-01,JAKARTA TIMUR,MATRAMAN,0,0,202011,real_jakarta,True
2020,11,2020-11-01,JAKARTA TIMUR,PASAR REBO,4,0,202011,real_jakarta,True
2020,11,2020-11-01,JAKARTA TIMUR,PULO GADUNG,0,0,202011,real_jakarta,True
2020,11,2020-11-01,JAKARTA UTARA,CILINCING,1,0,202011,real_jakarta,True
2020,11,2020-11-01,JAKARTA UTARA,KELAPA GADING,0,0,202011,real_jakarta,True
2020,11,2020-11-01,JAKARTA UTARA,KOJA,1,0,202011,real_jakarta,True
2020,11,2020-11-01,JAKARTA UTARA,PADEMANGAN,0,0,202011,real_jakarta,True
2020,11,2020-11-01,JAKARTA UTARA,PENJARINGAN,0,0,202011,real_jakarta,True
2020,11,2020-11-01,JAKARTA UTARA,TANJUNG PRIOK,2,0,202011,real_jakarta,True
2020,11,2020-11-01,KABUPATEN KEPULAUAN SERIBU,KEP. SERIBU SELATAN,0,0,202011,real_jakarta,True
2020,11,2020-11-01,KABUPATEN KEPULAUAN SERIBU,KEP. SERIBU UTARA,0,0,202011,real_jakarta,True
2020,12,2020-12-01,JAKARTA BARAT,CENGKARENG,2,0,202012,real_jakarta,True
2020,12,2020-12-01,JAKARTA BARAT,GROGOL PETAMBURAN,0,0,202012,real_jakarta,True
2020,12,2020-12-01,JAKARTA BARAT,KALIDERES,5,0,202012,real_jakarta,True
2020,12,2020-12-01,JAKARTA BARAT,KEBON JERUK,0,0,202012,real_jakarta,True
2020,12,2020-12-01,JAKARTA BARAT,KEMBANGAN,6,0,202012,real_jakarta,True
2020,12,2020-12-01,JAKARTA BARAT,PALMERAH,4,0,202012,real_jakarta,True
2020,12,2020-12-01,JAKARTA BARAT,TAMAN SARI,0,0,202012,real_jakarta,True
2020,12,2020-12-01,JAKARTA BARAT,TAMBORA,0,0,202012,real_jakarta,True
2020,12,2020-12-01,JAKARTA PUSAT,CEMPAKA PUTIH,0,0,202012,real_jakarta,True
2020,12,2020-12-01,JAKARTA PUSAT,GAMBIR,0,0,202012,real_jakarta,True
2020,12,2020-12-01,JAKARTA PUSAT,JOHAR BARU,0,0,202012,real_jakarta,True
2020,12,2020-12-01,JAKARTA PUSAT,KEMAYORAN,0,0,202012,real_jakarta,True
2020,12,2020-12-01,JAKARTA PUSAT,MENTENG,0,0,202012,real_jakarta,True
2020,12,2020-12-01,JAKARTA PUSAT,SAWAH BESAR,0,0,202012,real_jakarta,True
2020,12,2020-12-01,JAKARTA PUSAT,SENEN,1,0,202012,real_jakarta,True
2020,12,2020-12-01,JAKARTA PUSAT,TANAH ABANG,0,0,202012,real_jakarta,True
2020,12,2020-12-01,JAKARTA SELATAN,CILANDAK,0,0,202012,real_jakarta,True
2020,12,2020-12-01,JAKARTA SELATAN,JAGAKARSA,3,0,202012,real_jakarta,True
2020,12,2020-12-01,JAKARTA SELATAN,KEBAYORAN BARU,1,0,202012,real_jakarta,True
2020,12,2020-12-01,JAKARTA SELATAN,KEBAYORAN LAMA,0,0,202012,real_jakarta,True
2020,12,2020-12-01,JAKARTA SELATAN,MAMPANG PRAPATAN,1,0,202012,real_jakarta,True
2020,12,2020-12-01,JAKARTA SELATAN,PANCORAN,3,0,202012,real_jakarta,True
2020,12,2020-12-01,JAKARTA SELATAN,PASAR MINGGU,1,0,202012,real_jakarta,True
2020,12,2020-12-01,JAKARTA SELATAN,PESANGGRAHAN,1,0,202012,real_jakarta,True
2020,12,2020-12-01,JAKARTA SELATAN,SETIA BUDI,0,0,202012,real_jakarta,True
2020,12,2020-12-01,JAKARTA SELATAN,TEBET,0,0,202012,real_jakarta,True
2020,12,2020-12-01,JAKARTA TIMUR,CAKUNG,3,0,202012,real_jakarta,True
2020,12,2020-12-01,JAKARTA TIMUR,CIPAYUNG,6,0,202012,real_jakarta,True
2020,12,2020-12-01,JAKARTA TIMUR,CIRACAS,14,0,202012,real_jakarta,True
2020,12,2020-12-01,JAKARTA TIMUR,DUREN SAWIT,0,0,202012,real_jakarta,True
2020,12,2020-12-01,JAKARTA TIMUR,JATINEGARA,1,0,202012,real_jakarta,True
2020,12,2020-12-01,JAKARTA TIMUR,KRAMAT JATI,4,0,202012,real_jakarta,True
2020,12,2020-12-01,JAKARTA TIMUR,MAKASAR,0,0,202012,real_jakarta,True
2020,12,2020-12-01,JAKARTA TIMUR,MATRAMAN,0,0,202012,real_jakarta,True
2020,12,2020-12-01,JAKARTA TIMUR,PASAR REBO,0,0,202012,real_jakarta,True
2020,12,2020-12-01,JAKARTA TIMUR,PULO GADUNG,0,0,202012,real_jakarta,True
2020,12,2020-12-01,JAKARTA UTARA,CILINCING,0,0,202012,real_jakarta,True
2020,12,2020-12-01,JAKARTA UTARA,KELAPA GADING,0,0,202012,real_jakarta,True
2020,12,2020-12-01,JAKARTA UTARA,KOJA,0,0,202012,real_jakarta,True
2020,12,2020-12-01,JAKARTA UTARA,PADEMANGAN,0,0,202012,real_jakarta,True
2020,12,2020-12-01,JAKARTA UTARA,PENJARINGAN,2,0,202012,real_jakarta,True
2020,12,2020-12-01,JAKARTA UTARA,TANJUNG PRIOK,2,0,202012,real_jakarta,True
2020,12,2020-12-01,KABUPATEN KEPULAUAN SERIBU,KEP. SERIBU SELATAN,0,0,202012,real_jakarta,True
2020,12,2020-12-01,KABUPATEN KEPULAUAN SERIBU,KEP. SERIBU UTARA,0,0,202012,real_jakarta,True
